Series_reference,Period,Data_value,STATUS,Group,Subject,Series_title_1,Series_title_2,Series_title_3,Series_title_4,Series_title_5,UNITS,MAGNTUDE
GFSA.SCS01G01Z90,2009.06,3400,REVISED,"Central Government, Operating Statement, Net Balances",Government Financial Statistics - GFS,Net operating balance,,,,,Dollars,6
GFSA.SCS01G01Z90,2010.06,-3893,REVISED,"Central Government, Operating Statement, Net Balances",Government Financial Statistics - GFS,Net operating balance,,,,,Dollars,6
GFSA.SCS01G01Z90,2011.06,-13109,REVISED,"Central Government, Operating Statement, Net Balances",Government Financial Statistics - GFS,Net operating balance,,,,,Dollars,6
GFSA.SCS01G01Z90,2012.06,-3908,REVISED,"Central Government, Operating Statement, Net Balances",Government Financial Statistics - GFS,Net operating balance,,,,,Dollars,6
GFSA.SCS01G01Z90,2013.06,-1018,REVISED,"Central Government, Operating Statement, Net Balances",Government Financial Statistics - GFS,Net operating balance,,,,,Dollars,6
GFSA.SCS01G01Z90,2014.06,929,REVISED,"Central Government, Operating Statement, Net Balances",Government Financial Statistics - GFS,Net operating balance,,,,,Dollars,6
GFSA.SCS01G01Z90,2015.06,3938,REVISED,"Central Government, Operating Statement, Net Balances",Government Financial Statistics - GFS,Net operating balance,,,,,Dollars,6
GFSA.SCS01G01Z90,2016.06,4543,REVISED,"Central Government, Operating Statement, Net Balances",Government Financial Statistics - GFS,Net operating balance,,,,,Dollars,6
GFSA.SCS01G01Z90,2017.06,6952,REVISED,"Central Government, Operating Statement, Net Balances",Government Financial Statistics - GFS,Net operating balance,,,,,Dollars,6
GFSA.SCS01G01Z90,2018.06,7682,REVISED,"Central Government, Operating Statement, Net Balances",Government Financial Statistics - GFS,Net operating balance,,,,,Dollars,6
GFSA.SCS01G01Z90,2019.06,7860,REVISED,"Central Government, Operating Statement, Net Balances",Government Financial Statistics - GFS,Net operating balance,,,,,Dollars,6
GFSA.SCS01G01Z90,2020.06,-15702,REVISED,"Central Government, Operating Statement, Net Balances",Government Financial Statistics - GFS,Net operating balance,,,,,Dollars,6
GFSA.SCS01G01Z90,2021.06,-3542,REVISED,"Central Government, Operating Statement, Net Balances",Government Financial Statistics - GFS,Net operating balance,,,,,Dollars,6
GFSA.SCS01G01Z90,2022.06,-10809,REVISED,"Central Government, Operating Statement, Net Balances",Government Financial Statistics - GFS,Net operating balance,,,,,Dollars,6
GFSA.SCS01G01Z90,2023.06,-8972,REVISED,"Central Government, Operating Statement, Net Balances",Government Financial Statistics - GFS,Net operating balance,,,,,Dollars,6
GFSA.SCS01G01Z90,2024.06,-5153,REVISED,"Central Government, Operating Statement, Net Balances",Government Financial Statistics - GFS,Net operating balance,,,,,Dollars,6
GFSA.SCS01G01Z90,2025.06,-8295,FINAL,"Central Government, Operating Statement, Net Balances",Government Financial Statistics - GFS,Net operating balance,,,,,Dollars,6
GFSA.SCS01G01Z91,2009.06,1356,REVISED,"Central Government, Operating Statement, Net Balances",Government Financial Statistics - GFS,Net lending/borrowing,,,,,Dollars,6
GFSA.SCS01G01Z91,2010.06,-5703,REVISED,"Central Government, Operating Statement, Net Balances",Government Financial Statistics - GFS,Net lending/borrowing,,,,,Dollars,6
GFSA.SCS01G01Z91,2011.06,-14040,REVISED,"Central Government, Operating Statement, Net Balances",Government Financial Statistics - GFS,Net lending/borrowing,,,,,Dollars,6
GFSA.SCS01G01Z91,2012.06,-5124,REVISED,"Central Government, Operating Statement, Net Balances",Government Financial Statistics - GFS,Net lending/borrowing,,,,,Dollars,6
GFSA.SCS01G01Z91,2013.06,-2261,REVISED,"Central Government, Operating Statement, Net Balances",Government Financial Statistics - GFS,Net lending/borrowing,,,,,Dollars,6
GFSA.SCS01G01Z91,2014.06,-1129,REVISED,"Central Government, Operating Statement, Net Balances",Government Financial Statistics - GFS,Net lending/borrowing,,,,,Dollars,6
GFSA.SCS01G01Z91,2015.06,1341,REVISED,"Central Government, Operating Statement, Net Balances",Government Financial Statistics - GFS,Net lending/borrowing,,,,,Dollars,6
GFSA.SCS01G01Z91,2016.06,1735,REVISED,"Central Government, Operating Statement, Net Balances",Government Financial Statistics - GFS,Net lending/borrowing,,,,,Dollars,6
GFSA.SCS01G01Z91,2017.06,4247,REVISED,"Central Government, Operating Statement, Net Balances",Government Financial Statistics - GFS,Net lending/borrowing,,,,,Dollars,6
GFSA.SCS01G01Z91,2018.06,4436,REVISED,"Central Government, Operating Statement, Net Balances",Government Financial Statistics - GFS,Net lending/borrowing,,,,,Dollars,6
GFSA.SCS01G01Z91,2019.06,4283,FINAL,"Central Government, Operating Statement, Net Balances",Government Financial Statistics - GFS,Net lending/borrowing,,,,,Dollars,6
GFSA.SCS01G01Z91,2020.06,-18506,REVISED,"Central Government, Operating Statement, Net Balances",Government Financial Statistics - GFS,Net lending/borrowing,,,,,Dollars,6
GFSA.SCS01G01Z91,2021.06,-7376,REVISED,"Central Government, Operating Statement, Net Balances",Government Financial Statistics - GFS,Net lending/borrowing,,,,,Dollars,6
GFSA.SCS01G01Z91,2022.06,-15051,REVISED,"Central Government, Operating Statement, Net Balances",Government Financial Statistics - GFS,Net lending/borrowing,,,,,Dollars,6
GFSA.SCS01G01Z91,2023.06,-13034,REVISED,"Central Government, Operating Statement, Net Balances",Government Financial Statistics - GFS,Net lending/borrowing,,,,,Dollars,6
GFSA.SCS01G01Z91,2024.06,-10067,REVISED,"Central Government, Operating Statement, Net Balances",Government Financial Statistics - GFS,Net lending/borrowing,,,,,Dollars,6
GFSA.SCS01G01Z91,2025.06,-12943,FINAL,"Central Government, Operating Statement, Net Balances",Government Financial Statistics - GFS,Net lending/borrowing,,,,,Dollars,6
GFSA.SCS01G02121,2009.06,2278,FINAL,"Central Government, Operating Statement, Operating Income",Government Financial Statistics - GFS,Social security contributions,,,,,Dollars,6
GFSA.SCS01G02121,2010.06,2523,FINAL,"Central Government, Operating Statement, Operating Income",Government Financial Statistics - GFS,Social security contributions,,,,,Dollars,6
GFSA.SCS01G02121,2011.06,2745,FINAL,"Central Government, Operating Statement, Operating Income",Government Financial Statistics - GFS,Social security contributions,,,,,Dollars,6
GFSA.SCS01G02121,2012.06,2782,FINAL,"Central Government, Operating Statement, Operating Income",Government Financial Statistics - GFS,Social security contributions,,,,,Dollars,6
GFSA.SCS01G02121,2013.06,2514,FINAL,"Central Government, Operating Statement, Operating Income",Government Financial Statistics - GFS,Social security contributions,,,,,Dollars,6
GFSA.SCS01G02121,2014.06,2618,FINAL,"Central Government, Operating Statement, Operating Income",Government Financial Statistics - GFS,Social security contributions,,,,,Dollars,6
GFSA.SCS01G02121,2015.06,2392,FINAL,"Central Government, Operating Statement, Operating Income",Government Financial Statistics - GFS,Social security contributions,,,,,Dollars,6
GFSA.SCS01G02121,2016.06,2049,FINAL,"Central Government, Operating Statement, Operating Income",Government Financial Statistics - GFS,Social security contributions,,,,,Dollars,6
GFSA.SCS01G02121,2017.06,2063,FINAL,"Central Government, Operating Statement, Operating Income",Government Financial Statistics - GFS,Social security contributions,,,,,Dollars,6
GFSA.SCS01G02121,2018.06,1992,FINAL,"Central Government, Operating Statement, Operating Income",Government Financial Statistics - GFS,Social security contributions,,,,,Dollars,6
GFSA.SCS01G02121,2019.06,2169,FINAL,"Central Government, Operating Statement, Operating Income",Government Financial Statistics - GFS,Social security contributions,,,,,Dollars,6
GFSA.SCS01G02121,2020.06,2178,FINAL,"Central Government, Operating Statement, Operating Income",Government Financial Statistics - GFS,Social security contributions,,,,,Dollars,6
GFSA.SCS01G02121,2021.06,2349,FINAL,"Central Government, Operating Statement, Operating Income",Government Financial Statistics - GFS,Social security contributions,,,,,Dollars,6
GFSA.SCS01G02121,2022.06,2486,FINAL,"Central Government, Operating Statement, Operating Income",Government Financial Statistics - GFS,Social security contributions,,,,,Dollars,6
GFSA.SCS01G02121,2023.06,2752,FINAL,"Central Government, Operating Statement, Operating Income",Government Financial Statistics - GFS,Social security contributions,,,,,Dollars,6
GFSA.SCS01G02121,2024.06,2955,FINAL,"Central Government, Operating Statement, Operating Income",Government Financial Statistics - GFS,Social security contributions,,,,,Dollars,6
GFSA.SCS01G02121,2025.06,3029,FINAL,"Central Government, Operating Statement, Operating Income",Government Financial Statistics - GFS,Social security contributions,,,,,Dollars,6
GFSA.SCS01G02140,2009.06,579,FINAL,"Central Government, Operating Statement, Operating Income",Government Financial Statistics - GFS,Other income,,,,,Dollars,6
GFSA.SCS01G02140,2010.06,439,FINAL,"Central Government, Operating Statement, Operating Income",Government Financial Statistics - GFS,Other income,,,,,Dollars,6
GFSA.SCS01G02140,2011.06,396,FINAL,"Central Government, Operating Statement, Operating Income",Government Financial Statistics - GFS,Other income,,,,,Dollars,6
GFSA.SCS01G02140,2012.06,365,FINAL,"Central Government, Operating Statement, Operating Income",Government Financial Statistics - GFS,Other income,,,,,Dollars,6
GFSA.SCS01G02140,2013.06,409,FINAL,"Central Government, Operating Statement, Operating Income",Government Financial Statistics - GFS,Other income,,,,,Dollars,6
GFSA.SCS01G02140,2014.06,380,FINAL,"Central Government, Operating Statement, Operating Income",Government Financial Statistics - GFS,Other income,,,,,Dollars,6
GFSA.SCS01G02140,2015.06,282,FINAL,"Central Government, Operating Statement, Operating Income",Government Financial Statistics - GFS,Other income,,,,,Dollars,6
GFSA.SCS01G02140,2016.06,219,FINAL,"Central Government, Operating Statement, Operating Income",Government Financial Statistics - GFS,Other income,,,,,Dollars,6
GFSA.SCS01G02140,2017.06,191,FINAL,"Central Government, Operating Statement, Operating Income",Government Financial Statistics - GFS,Other income,,,,,Dollars,6
GFSA.SCS01G02140,2018.06,232,FINAL,"Central Government, Operating Statement, Operating Income",Government Financial Statistics - GFS,Other income,,,,,Dollars,6
GFSA.SCS01G02140,2019.06,222,FINAL,"Central Government, Operating Statement, Operating Income",Government Financial Statistics - GFS,Other income,,,,,Dollars,6
GFSA.SCS01G02140,2020.06,206,FINAL,"Central Government, Operating Statement, Operating Income",Government Financial Statistics - GFS,Other income,,,,,Dollars,6
GFSA.SCS01G02140,2021.06,185,FINAL,"Central Government, Operating Statement, Operating Income",Government Financial Statistics - GFS,Other income,,,,,Dollars,6
GFSA.SCS01G02140,2022.06,212,FINAL,"Central Government, Operating Statement, Operating Income",Government Financial Statistics - GFS,Other income,,,,,Dollars,6
GFSA.SCS01G02140,2023.06,226,FINAL,"Central Government, Operating Statement, Operating Income",Government Financial Statistics - GFS,Other income,,,,,Dollars,6
GFSA.SCS01G02140,2024.06,194,FINAL,"Central Government, Operating Statement, Operating Income",Government Financial Statistics - GFS,Other income,,,,,Dollars,6
GFSA.SCS01G02140,2025.06,142,FINAL,"Central Government, Operating Statement, Operating Income",Government Financial Statistics - GFS,Other income,,,,,Dollars,6
GFSA.SCS01G02142,2009.06,3737,REVISED,"Central Government, Operating Statement, Operating Income",Government Financial Statistics - GFS,Sales of goods and services,,,,,Dollars,6
GFSA.SCS01G02142,2010.06,4013,REVISED,"Central Government, Operating Statement, Operating Income",Government Financial Statistics - GFS,Sales of goods and services,,,,,Dollars,6
GFSA.SCS01G02142,2011.06,4314,REVISED,"Central Government, Operating Statement, Operating Income",Government Financial Statistics - GFS,Sales of goods and services,,,,,Dollars,6
GFSA.SCS01G02142,2012.06,4667,REVISED,"Central Government, Operating Statement, Operating Income",Government Financial Statistics - GFS,Sales of goods and services,,,,,Dollars,6
GFSA.SCS01G02142,2013.06,4693,REVISED,"Central Government, Operating Statement, Operating Income",Government Financial Statistics - GFS,Sales of goods and services,,,,,Dollars,6
GFSA.SCS01G02142,2014.06,4783,REVISED,"Central Government, Operating Statement, Operating Income",Government Financial Statistics - GFS,Sales of goods and services,,,,,Dollars,6
GFSA.SCS01G02142,2015.06,4731,REVISED,"Central Government, Operating Statement, Operating Income",Government Financial Statistics - GFS,Sales of goods and services,,,,,Dollars,6
GFSA.SCS01G02142,2016.06,5157,REVISED,"Central Government, Operating Statement, Operating Income",Government Financial Statistics - GFS,Sales of goods and services,,,,,Dollars,6
GFSA.SCS01G02142,2017.06,5425,REVISED,"Central Government, Operating Statement, Operating Income",Government Financial Statistics - GFS,Sales of goods and services,,,,,Dollars,6
GFSA.SCS01G02142,2018.06,5417,REVISED,"Central Government, Operating Statement, Operating Income",Government Financial Statistics - GFS,Sales of goods and services,,,,,Dollars,6
GFSA.SCS01G02142,2019.06,5859,REVISED,"Central Government, Operating Statement, Operating Income",Government Financial Statistics - GFS,Sales of goods and services,,,,,Dollars,6
GFSA.SCS01G02142,2020.06,5794,REVISED,"Central Government, Operating Statement, Operating Income",Government Financial Statistics - GFS,Sales of goods and services,,,,,Dollars,6
GFSA.SCS01G02142,2021.06,5499,REVISED,"Central Government, Operating Statement, Operating Income",Government Financial Statistics - GFS,Sales of goods and services,,,,,Dollars,6
GFSA.SCS01G02142,2022.06,5683,REVISED,"Central Government, Operating Statement, Operating Income",Government Financial Statistics - GFS,Sales of goods and services,,,,,Dollars,6
GFSA.SCS01G02142,2023.06,6196,REVISED,"Central Government, Operating Statement, Operating Income",Government Financial Statistics - GFS,Sales of goods and services,,,,,Dollars,6
GFSA.SCS01G02142,2024.06,6861,REVISED,"Central Government, Operating Statement, Operating Income",Government Financial Statistics - GFS,Sales of goods and services,,,,,Dollars,6
GFSA.SCS01G02142,2025.06,7171,FINAL,"Central Government, Operating Statement, Operating Income",Government Financial Statistics - GFS,Sales of goods and services,,,,,Dollars,6
GFSA.SCS01G02143,2009.06,1360,FINAL,"Central Government, Operating Statement, Operating Income",Government Financial Statistics - GFS,Dividend income,,,,,Dollars,6
GFSA.SCS01G02143,2010.06,1649,FINAL,"Central Government, Operating Statement, Operating Income",Government Financial Statistics - GFS,Dividend income,,,,,Dollars,6
GFSA.SCS01G02143,2011.06,1622,FINAL,"Central Government, Operating Statement, Operating Income",Government Financial Statistics - GFS,Dividend income,,,,,Dollars,6
GFSA.SCS01G02143,2012.06,1209,FINAL,"Central Government, Operating Statement, Operating Income",Government Financial Statistics - GFS,Dividend income,,,,,Dollars,6
GFSA.SCS01G02143,2013.06,1561,FINAL,"Central Government, Operating Statement, Operating Income",Government Financial Statistics - GFS,Dividend income,,,,,Dollars,6
GFSA.SCS01G02143,2014.06,1579,FINAL,"Central Government, Operating Statement, Operating Income",Government Financial Statistics - GFS,Dividend income,,,,,Dollars,6
GFSA.SCS01G02143,2015.06,2151,FINAL,"Central Government, Operating Statement, Operating Income",Government Financial Statistics - GFS,Dividend income,,,,,Dollars,6
GFSA.SCS01G02143,2016.06,1809,FINAL,"Central Government, Operating Statement, Operating Income",Government Financial Statistics - GFS,Dividend income,,,,,Dollars,6
GFSA.SCS01G02143,2017.06,2081,FINAL,"Central Government, Operating Statement, Operating Income",Government Financial Statistics - GFS,Dividend income,,,,,Dollars,6
GFSA.SCS01G02143,2018.06,2151,FINAL,"Central Government, Operating Statement, Operating Income",Government Financial Statistics - GFS,Dividend income,,,,,Dollars,6
GFSA.SCS01G02143,2019.06,2108,FINAL,"Central Government, Operating Statement, Operating Income",Government Financial Statistics - GFS,Dividend income,,,,,Dollars,6
GFSA.SCS01G02143,2020.06,1686,FINAL,"Central Government, Operating Statement, Operating Income",Government Financial Statistics - GFS,Dividend income,,,,,Dollars,6
GFSA.SCS01G02143,2021.06,1672,FINAL,"Central Government, Operating Statement, Operating Income",Government Financial Statistics - GFS,Dividend income,,,,,Dollars,6
GFSA.SCS01G02143,2022.06,1890,FINAL,"Central Government, Operating Statement, Operating Income",Government Financial Statistics - GFS,Dividend income,,,,,Dollars,6
GFSA.SCS01G02143,2023.06,2007,FINAL,"Central Government, Operating Statement, Operating Income",Government Financial Statistics - GFS,Dividend income,,,,,Dollars,6
GFSA.SCS01G02143,2024.06,2911,REVISED,"Central Government, Operating Statement, Operating Income",Government Financial Statistics - GFS,Dividend income,,,,,Dollars,6
GFSA.SCS01G02143,2025.06,2390,FINAL,"Central Government, Operating Statement, Operating Income",Government Financial Statistics - GFS,Dividend income,,,,,Dollars,6
GFSA.SCS01G02144,2009.06,2083,REVISED,"Central Government, Operating Statement, Operating Income",Government Financial Statistics - GFS,Interest income,,,,,Dollars,6
GFSA.SCS01G02144,2010.06,1716,FINAL,"Central Government, Operating Statement, Operating Income",Government Financial Statistics - GFS,Interest income,,,,,Dollars,6
GFSA.SCS01G02144,2011.06,2032,FINAL,"Central Government, Operating Statement, Operating Income",Government Financial Statistics - GFS,Interest income,,,,,Dollars,6
GFSA.SCS01G02144,2012.06,2103,FINAL,"Central Government, Operating Statement, Operating Income",Government Financial Statistics - GFS,Interest income,,,,,Dollars,6
GFSA.SCS01G02144,2013.06,2115,REVISED,"Central Government, Operating Statement, Operating Income",Government Financial Statistics - GFS,Interest income,,,,,Dollars,6
GFSA.SCS01G02144,2014.06,2459,FINAL,"Central Government, Operating Statement, Operating Income",Government Financial Statistics - GFS,Interest income,,,,,Dollars,6
GFSA.SCS01G02144,2015.06,2567,REVISED,"Central Government, Operating Statement, Operating Income",Government Financial Statistics - GFS,Interest income,,,,,Dollars,6
GFSA.SCS01G02144,2016.06,2397,REVISED,"Central Government, Operating Statement, Operating Income",Government Financial Statistics - GFS,Interest income,,,,,Dollars,6
GFSA.SCS01G02144,2017.06,2330,REVISED,"Central Government, Operating Statement, Operating Income",Government Financial Statistics - GFS,Interest income,,,,,Dollars,6
GFSA.SCS01G02144,2018.06,2279,REVISED,"Central Government, Operating Statement, Operating Income",Government Financial Statistics - GFS,Interest income,,,,,Dollars,6
GFSA.SCS01G02144,2019.06,2134,REVISED,"Central Government, Operating Statement, Operating Income",Government Financial Statistics - GFS,Interest income,,,,,Dollars,6
GFSA.SCS01G02144,2020.06,1764,REVISED,"Central Government, Operating Statement, Operating Income",Government Financial Statistics - GFS,Interest income,,,,,Dollars,6
GFSA.SCS01G02144,2021.06,1456,REVISED,"Central Government, Operating Statement, Operating Income",Government Financial Statistics - GFS,Interest income,,,,,Dollars,6
GFSA.SCS01G02144,2022.06,1782,FINAL,"Central Government, Operating Statement, Operating Income",Government Financial Statistics - GFS,Interest income,,,,,Dollars,6
GFSA.SCS01G02144,2023.06,3631,FINAL,"Central Government, Operating Statement, Operating Income",Government Financial Statistics - GFS,Interest income,,,,,Dollars,6
GFSA.SCS01G02144,2024.06,4884,REVISED,"Central Government, Operating Statement, Operating Income",Government Financial Statistics - GFS,Interest income,,,,,Dollars,6
GFSA.SCS01G02144,2025.06,5208,FINAL,"Central Government, Operating Statement, Operating Income",Government Financial Statistics - GFS,Interest income,,,,,Dollars,6
GFSA.SCS01G02981,2009.06,172,FINAL,"Central Government, Operating Statement, Operating Income",Government Financial Statistics - GFS,Current grants,,,,,Dollars,6
GFSA.SCS01G02981,2010.06,164,FINAL,"Central Government, Operating Statement, Operating Income",Government Financial Statistics - GFS,Current grants,,,,,Dollars,6
GFSA.SCS01G02981,2011.06,174,FINAL,"Central Government, Operating Statement, Operating Income",Government Financial Statistics - GFS,Current grants,,,,,Dollars,6
GFSA.SCS01G02981,2012.06,174,FINAL,"Central Government, Operating Statement, Operating Income",Government Financial Statistics - GFS,Current grants,,,,,Dollars,6
GFSA.SCS01G02981,2013.06,185,FINAL,"Central Government, Operating Statement, Operating Income",Government Financial Statistics - GFS,Current grants,,,,,Dollars,6
GFSA.SCS01G02981,2014.06,214,FINAL,"Central Government, Operating Statement, Operating Income",Government Financial Statistics - GFS,Current grants,,,,,Dollars,6
GFSA.SCS01G02981,2015.06,238,FINAL,"Central Government, Operating Statement, Operating Income",Government Financial Statistics - GFS,Current grants,,,,,Dollars,6
GFSA.SCS01G02981,2016.06,285,FINAL,"Central Government, Operating Statement, Operating Income",Government Financial Statistics - GFS,Current grants,,,,,Dollars,6
GFSA.SCS01G02981,2017.06,253,FINAL,"Central Government, Operating Statement, Operating Income",Government Financial Statistics - GFS,Current grants,,,,,Dollars,6
GFSA.SCS01G02981,2018.06,289,FINAL,"Central Government, Operating Statement, Operating Income",Government Financial Statistics - GFS,Current grants,,,,,Dollars,6
GFSA.SCS01G02981,2019.06,315,FINAL,"Central Government, Operating Statement, Operating Income",Government Financial Statistics - GFS,Current grants,,,,,Dollars,6
GFSA.SCS01G02981,2020.06,333,FINAL,"Central Government, Operating Statement, Operating Income",Government Financial Statistics - GFS,Current grants,,,,,Dollars,6
GFSA.SCS01G02981,2021.06,339,FINAL,"Central Government, Operating Statement, Operating Income",Government Financial Statistics - GFS,Current grants,,,,,Dollars,6
GFSA.SCS01G02981,2022.06,362,FINAL,"Central Government, Operating Statement, Operating Income",Government Financial Statistics - GFS,Current grants,,,,,Dollars,6
GFSA.SCS01G02981,2023.06,381,FINAL,"Central Government, Operating Statement, Operating Income",Government Financial Statistics - GFS,Current grants,,,,,Dollars,6
GFSA.SCS01G02981,2024.06,414,FINAL,"Central Government, Operating Statement, Operating Income",Government Financial Statistics - GFS,Current grants,,,,,Dollars,6
GFSA.SCS01G02981,2025.06,441,FINAL,"Central Government, Operating Statement, Operating Income",Government Financial Statistics - GFS,Current grants,,,,,Dollars,6
GFSA.SCS01G02982,2009.06,1689,REVISED,"Central Government, Operating Statement, Operating Income",Government Financial Statistics - GFS,Other current transfers,,,,,Dollars,6
GFSA.SCS01G02982,2010.06,1871,REVISED,"Central Government, Operating Statement, Operating Income",Government Financial Statistics - GFS,Other current transfers,,,,,Dollars,6
GFSA.SCS01G02982,2011.06,1965,REVISED,"Central Government, Operating Statement, Operating Income",Government Financial Statistics - GFS,Other current transfers,,,,,Dollars,6
GFSA.SCS01G02982,2012.06,1930,REVISED,"Central Government, Operating Statement, Operating Income",Government Financial Statistics - GFS,Other current transfers,,,,,Dollars,6
GFSA.SCS01G02982,2013.06,2070,REVISED,"Central Government, Operating Statement, Operating Income",Government Financial Statistics - GFS,Other current transfers,,,,,Dollars,6
GFSA.SCS01G02982,2014.06,2035,REVISED,"Central Government, Operating Statement, Operating Income",Government Financial Statistics - GFS,Other current transfers,,,,,Dollars,6
GFSA.SCS01G02982,2015.06,1820,REVISED,"Central Government, Operating Statement, Operating Income",Government Financial Statistics - GFS,Other current transfers,,,,,Dollars,6
GFSA.SCS01G02982,2016.06,1704,REVISED,"Central Government, Operating Statement, Operating Income",Government Financial Statistics - GFS,Other current transfers,,,,,Dollars,6
GFSA.SCS01G02982,2017.06,1842,REVISED,"Central Government, Operating Statement, Operating Income",Government Financial Statistics - GFS,Other current transfers,,,,,Dollars,6
GFSA.SCS01G02982,2018.06,2029,REVISED,"Central Government, Operating Statement, Operating Income",Government Financial Statistics - GFS,Other current transfers,,,,,Dollars,6
GFSA.SCS01G02982,2019.06,2163,REVISED,"Central Government, Operating Statement, Operating Income",Government Financial Statistics - GFS,Other current transfers,,,,,Dollars,6
GFSA.SCS01G02982,2020.06,2308,REVISED,"Central Government, Operating Statement, Operating Income",Government Financial Statistics - GFS,Other current transfers,,,,,Dollars,6
GFSA.SCS01G02982,2021.06,2218,REVISED,"Central Government, Operating Statement, Operating Income",Government Financial Statistics - GFS,Other current transfers,,,,,Dollars,6
GFSA.SCS01G02982,2022.06,2101,REVISED,"Central Government, Operating Statement, Operating Income",Government Financial Statistics - GFS,Other current transfers,,,,,Dollars,6
GFSA.SCS01G02982,2023.06,2403,FINAL,"Central Government, Operating Statement, Operating Income",Government Financial Statistics - GFS,Other current transfers,,,,,Dollars,6
GFSA.SCS01G02982,2024.06,2601,REVISED,"Central Government, Operating Statement, Operating Income",Government Financial Statistics - GFS,Other current transfers,,,,,Dollars,6
GFSA.SCS01G02982,2025.06,2286,FINAL,"Central Government, Operating Statement, Operating Income",Government Financial Statistics - GFS,Other current transfers,,,,,Dollars,6
GFSA.SCS01G02991,2009.06,0,FINAL,"Central Government, Operating Statement, Operating Income",Government Financial Statistics - GFS,Capital grants,,,,,Dollars,6
GFSA.SCS01G02991,2010.06,0,FINAL,"Central Government, Operating Statement, Operating Income",Government Financial Statistics - GFS,Capital grants,,,,,Dollars,6
GFSA.SCS01G02991,2011.06,0,FINAL,"Central Government, Operating Statement, Operating Income",Government Financial Statistics - GFS,Capital grants,,,,,Dollars,6
GFSA.SCS01G02991,2012.06,0,FINAL,"Central Government, Operating Statement, Operating Income",Government Financial Statistics - GFS,Capital grants,,,,,Dollars,6
GFSA.SCS01G02991,2013.06,0,FINAL,"Central Government, Operating Statement, Operating Income",Government Financial Statistics - GFS,Capital grants,,,,,Dollars,6
GFSA.SCS01G02991,2014.06,0,FINAL,"Central Government, Operating Statement, Operating Income",Government Financial Statistics - GFS,Capital grants,,,,,Dollars,6
GFSA.SCS01G02991,2015.06,0,FINAL,"Central Government, Operating Statement, Operating Income",Government Financial Statistics - GFS,Capital grants,,,,,Dollars,6
GFSA.SCS01G02991,2016.06,99,FINAL,"Central Government, Operating Statement, Operating Income",Government Financial Statistics - GFS,Capital grants,,,,,Dollars,6
GFSA.SCS01G02991,2017.06,75,FINAL,"Central Government, Operating Statement, Operating Income",Government Financial Statistics - GFS,Capital grants,,,,,Dollars,6
GFSA.SCS01G02991,2018.06,0,FINAL,"Central Government, Operating Statement, Operating Income",Government Financial Statistics - GFS,Capital grants,,,,,Dollars,6
GFSA.SCS01G02991,2019.06,0,FINAL,"Central Government, Operating Statement, Operating Income",Government Financial Statistics - GFS,Capital grants,,,,,Dollars,6
GFSA.SCS01G02991,2020.06,0,FINAL,"Central Government, Operating Statement, Operating Income",Government Financial Statistics - GFS,Capital grants,,,,,Dollars,6
GFSA.SCS01G02991,2021.06,0,FINAL,"Central Government, Operating Statement, Operating Income",Government Financial Statistics - GFS,Capital grants,,,,,Dollars,6
GFSA.SCS01G02991,2022.06,0,FINAL,"Central Government, Operating Statement, Operating Income",Government Financial Statistics - GFS,Capital grants,,,,,Dollars,6
GFSA.SCS01G02991,2023.06,0,FINAL,"Central Government, Operating Statement, Operating Income",Government Financial Statistics - GFS,Capital grants,,,,,Dollars,6
GFSA.SCS01G02991,2024.06,0,FINAL,"Central Government, Operating Statement, Operating Income",Government Financial Statistics - GFS,Capital grants,,,,,Dollars,6
GFSA.SCS01G02991,2025.06,0,FINAL,"Central Government, Operating Statement, Operating Income",Government Financial Statistics - GFS,Capital grants,,,,,Dollars,6
GFSA.SCS01G02992,2009.06,5,FINAL,"Central Government, Operating Statement, Operating Income",Government Financial Statistics - GFS,Other capital transfers,,,,,Dollars,6
GFSA.SCS01G02992,2010.06,3,FINAL,"Central Government, Operating Statement, Operating Income",Government Financial Statistics - GFS,Other capital transfers,,,,,Dollars,6
GFSA.SCS01G02992,2011.06,4188,FINAL,"Central Government, Operating Statement, Operating Income",Government Financial Statistics - GFS,Other capital transfers,,,,,Dollars,6
GFSA.SCS01G02992,2012.06,361,FINAL,"Central Government, Operating Statement, Operating Income",Government Financial Statistics - GFS,Other capital transfers,,,,,Dollars,6
GFSA.SCS01G02992,2013.06,1,FINAL,"Central Government, Operating Statement, Operating Income",Government Financial Statistics - GFS,Other capital transfers,,,,,Dollars,6
GFSA.SCS01G02992,2014.06,4,FINAL,"Central Government, Operating Statement, Operating Income",Government Financial Statistics - GFS,Other capital transfers,,,,,Dollars,6
GFSA.SCS01G02992,2015.06,10,FINAL,"Central Government, Operating Statement, Operating Income",Government Financial Statistics - GFS,Other capital transfers,,,,,Dollars,6
GFSA.SCS01G02992,2016.06,8,FINAL,"Central Government, Operating Statement, Operating Income",Government Financial Statistics - GFS,Other capital transfers,,,,,Dollars,6
GFSA.SCS01G02992,2017.06,5,FINAL,"Central Government, Operating Statement, Operating Income",Government Financial Statistics - GFS,Other capital transfers,,,,,Dollars,6
GFSA.SCS01G02992,2018.06,4,FINAL,"Central Government, Operating Statement, Operating Income",Government Financial Statistics - GFS,Other capital transfers,,,,,Dollars,6
GFSA.SCS01G02992,2019.06,5,FINAL,"Central Government, Operating Statement, Operating Income",Government Financial Statistics - GFS,Other capital transfers,,,,,Dollars,6
GFSA.SCS01G02992,2020.06,6,FINAL,"Central Government, Operating Statement, Operating Income",Government Financial Statistics - GFS,Other capital transfers,,,,,Dollars,6
GFSA.SCS01G02992,2021.06,3,FINAL,"Central Government, Operating Statement, Operating Income",Government Financial Statistics - GFS,Other capital transfers,,,,,Dollars,6
GFSA.SCS01G02992,2022.06,2,FINAL,"Central Government, Operating Statement, Operating Income",Government Financial Statistics - GFS,Other capital transfers,,,,,Dollars,6
GFSA.SCS01G02992,2023.06,3,FINAL,"Central Government, Operating Statement, Operating Income",Government Financial Statistics - GFS,Other capital transfers,,,,,Dollars,6
GFSA.SCS01G02992,2024.06,7,FINAL,"Central Government, Operating Statement, Operating Income",Government Financial Statistics - GFS,Other capital transfers,,,,,Dollars,6
GFSA.SCS01G02992,2025.06,5,FINAL,"Central Government, Operating Statement, Operating Income",Government Financial Statistics - GFS,Other capital transfers,,,,,Dollars,6
GFSA.SCS01G02998,2009.06,57681,FINAL,"Central Government, Operating Statement, Operating Income",Government Financial Statistics - GFS,Taxation revenue,,,,,Dollars,6
GFSA.SCS01G02998,2010.06,53179,FINAL,"Central Government, Operating Statement, Operating Income",Government Financial Statistics - GFS,Taxation revenue,,,,,Dollars,6
GFSA.SCS01G02998,2011.06,54678,FINAL,"Central Government, Operating Statement, Operating Income",Government Financial Statistics - GFS,Taxation revenue,,,,,Dollars,6
GFSA.SCS01G02998,2012.06,58526,FINAL,"Central Government, Operating Statement, Operating Income",Government Financial Statistics - GFS,Taxation revenue,,,,,Dollars,6
GFSA.SCS01G02998,2013.06,62293,FINAL,"Central Government, Operating Statement, Operating Income",Government Financial Statistics - GFS,Taxation revenue,,,,,Dollars,6
GFSA.SCS01G02998,2014.06,65266,FINAL,"Central Government, Operating Statement, Operating Income",Government Financial Statistics - GFS,Taxation revenue,,,,,Dollars,6
GFSA.SCS01G02998,2015.06,70109,FINAL,"Central Government, Operating Statement, Operating Income",Government Financial Statistics - GFS,Taxation revenue,,,,,Dollars,6
GFSA.SCS01G02998,2016.06,74018,FINAL,"Central Government, Operating Statement, Operating Income",Government Financial Statistics - GFS,Taxation revenue,,,,,Dollars,6
GFSA.SCS01G02998,2017.06,79458,FINAL,"Central Government, Operating Statement, Operating Income",Government Financial Statistics - GFS,Taxation revenue,,,,,Dollars,6
GFSA.SCS01G02998,2018.06,84143,FINAL,"Central Government, Operating Statement, Operating Income",Government Financial Statistics - GFS,Taxation revenue,,,,,Dollars,6
GFSA.SCS01G02998,2019.06,91431,FINAL,"Central Government, Operating Statement, Operating Income",Government Financial Statistics - GFS,Taxation revenue,,,,,Dollars,6
GFSA.SCS01G02998,2020.06,89735,FINAL,"Central Government, Operating Statement, Operating Income",Government Financial Statistics - GFS,Taxation revenue,,,,,Dollars,6
GFSA.SCS01G02998,2021.06,104062,FINAL,"Central Government, Operating Statement, Operating Income",Government Financial Statistics - GFS,Taxation revenue,,,,,Dollars,6
GFSA.SCS01G02998,2022.06,115123,REVISED,"Central Government, Operating Statement, Operating Income",Government Financial Statistics - GFS,Taxation revenue,,,,,Dollars,6
GFSA.SCS01G02998,2023.06,117160,REVISED,"Central Government, Operating Statement, Operating Income",Government Financial Statistics - GFS,Taxation revenue,,,,,Dollars,6
GFSA.SCS01G02998,2024.06,127552,REVISED,"Central Government, Operating Statement, Operating Income",Government Financial Statistics - GFS,Taxation revenue,,,,,Dollars,6
GFSA.SCS01G02998,2025.06,129020,FINAL,"Central Government, Operating Statement, Operating Income",Government Financial Statistics - GFS,Taxation revenue,,,,,Dollars,6
GFSA.SCS01G02Z99,2009.06,69584,REVISED,"Central Government, Operating Statement, Operating Income",Government Financial Statistics - GFS,Total,,,,,Dollars,6
GFSA.SCS01G02Z99,2010.06,65557,REVISED,"Central Government, Operating Statement, Operating Income",Government Financial Statistics - GFS,Total,,,,,Dollars,6
GFSA.SCS01G02Z99,2011.06,72114,REVISED,"Central Government, Operating Statement, Operating Income",Government Financial Statistics - GFS,Total,,,,,Dollars,6
GFSA.SCS01G02Z99,2012.06,72117,REVISED,"Central Government, Operating Statement, Operating Income",Government Financial Statistics - GFS,Total,,,,,Dollars,6
GFSA.SCS01G02Z99,2013.06,75842,REVISED,"Central Government, Operating Statement, Operating Income",Government Financial Statistics - GFS,Total,,,,,Dollars,6
GFSA.SCS01G02Z99,2014.06,79337,REVISED,"Central Government, Operating Statement, Operating Income",Government Financial Statistics - GFS,Total,,,,,Dollars,6
GFSA.SCS01G02Z99,2015.06,84300,REVISED,"Central Government, Operating Statement, Operating Income",Government Financial Statistics - GFS,Total,,,,,Dollars,6
GFSA.SCS01G02Z99,2016.06,87746,REVISED,"Central Government, Operating Statement, Operating Income",Government Financial Statistics - GFS,Total,,,,,Dollars,6
GFSA.SCS01G02Z99,2017.06,93723,REVISED,"Central Government, Operating Statement, Operating Income",Government Financial Statistics - GFS,Total,,,,,Dollars,6
GFSA.SCS01G02Z99,2018.06,98535,REVISED,"Central Government, Operating Statement, Operating Income",Government Financial Statistics - GFS,Total,,,,,Dollars,6
GFSA.SCS01G02Z99,2019.06,106407,REVISED,"Central Government, Operating Statement, Operating Income",Government Financial Statistics - GFS,Total,,,,,Dollars,6
GFSA.SCS01G02Z99,2020.06,104010,REVISED,"Central Government, Operating Statement, Operating Income",Government Financial Statistics - GFS,Total,,,,,Dollars,6
GFSA.SCS01G02Z99,2021.06,117785,REVISED,"Central Government, Operating Statement, Operating Income",Government Financial Statistics - GFS,Total,,,,,Dollars,6
GFSA.SCS01G02Z99,2022.06,129642,REVISED,"Central Government, Operating Statement, Operating Income",Government Financial Statistics - GFS,Total,,,,,Dollars,6
GFSA.SCS01G02Z99,2023.06,134761,REVISED,"Central Government, Operating Statement, Operating Income",Government Financial Statistics - GFS,Total,,,,,Dollars,6
GFSA.SCS01G02Z99,2024.06,148378,REVISED,"Central Government, Operating Statement, Operating Income",Government Financial Statistics - GFS,Total,,,,,Dollars,6
GFSA.SCS01G02Z99,2025.06,149693,FINAL,"Central Government, Operating Statement, Operating Income",Government Financial Statistics - GFS,Total,,,,,Dollars,6
GFSA.SCS01G03210,2009.06,16136,REVISED,"Central Government, Operating Statement, Operating Expenses",Government Financial Statistics - GFS,Employee expenses,,,,,Dollars,6
GFSA.SCS01G03210,2010.06,16747,REVISED,"Central Government, Operating Statement, Operating Expenses",Government Financial Statistics - GFS,Employee expenses,,,,,Dollars,6
GFSA.SCS01G03210,2011.06,17427,REVISED,"Central Government, Operating Statement, Operating Expenses",Government Financial Statistics - GFS,Employee expenses,,,,,Dollars,6
GFSA.SCS01G03210,2012.06,18024,REVISED,"Central Government, Operating Statement, Operating Expenses",Government Financial Statistics - GFS,Employee expenses,,,,,Dollars,6
GFSA.SCS01G03210,2013.06,18395,REVISED,"Central Government, Operating Statement, Operating Expenses",Government Financial Statistics - GFS,Employee expenses,,,,,Dollars,6
GFSA.SCS01G03210,2014.06,18917,REVISED,"Central Government, Operating Statement, Operating Expenses",Government Financial Statistics - GFS,Employee expenses,,,,,Dollars,6
GFSA.SCS01G03210,2015.06,19622,REVISED,"Central Government, Operating Statement, Operating Expenses",Government Financial Statistics - GFS,Employee expenses,,,,,Dollars,6
GFSA.SCS01G03210,2016.06,20218,REVISED,"Central Government, Operating Statement, Operating Expenses",Government Financial Statistics - GFS,Employee expenses,,,,,Dollars,6
GFSA.SCS01G03210,2017.06,21042,REVISED,"Central Government, Operating Statement, Operating Expenses",Government Financial Statistics - GFS,Employee expenses,,,,,Dollars,6
GFSA.SCS01G03210,2018.06,22066,REVISED,"Central Government, Operating Statement, Operating Expenses",Government Financial Statistics - GFS,Employee expenses,,,,,Dollars,6
GFSA.SCS01G03210,2019.06,24212,REVISED,"Central Government, Operating Statement, Operating Expenses",Government Financial Statistics - GFS,Employee expenses,,,,,Dollars,6
GFSA.SCS01G03210,2020.06,26176,REVISED,"Central Government, Operating Statement, Operating Expenses",Government Financial Statistics - GFS,Employee expenses,,,,,Dollars,6
GFSA.SCS01G03210,2021.06,27913,REVISED,"Central Government, Operating Statement, Operating Expenses",Government Financial Statistics - GFS,Employee expenses,,,,,Dollars,6
GFSA.SCS01G03210,2022.06,30121,REVISED,"Central Government, Operating Statement, Operating Expenses",Government Financial Statistics - GFS,Employee expenses,,,,,Dollars,6
GFSA.SCS01G03210,2023.06,32664,REVISED,"Central Government, Operating Statement, Operating Expenses",Government Financial Statistics - GFS,Employee expenses,,,,,Dollars,6
GFSA.SCS01G03210,2024.06,35914,REVISED,"Central Government, Operating Statement, Operating Expenses",Government Financial Statistics - GFS,Employee expenses,,,,,Dollars,6
GFSA.SCS01G03210,2025.06,35996,FINAL,"Central Government, Operating Statement, Operating Expenses",Government Financial Statistics - GFS,Employee expenses,,,,,Dollars,6
GFSA.SCS01G03220,2009.06,9367,REVISED,"Central Government, Operating Statement, Operating Expenses",Government Financial Statistics - GFS,Purchases of goods and services,,,,,Dollars,6
GFSA.SCS01G03220,2010.06,9684,REVISED,"Central Government, Operating Statement, Operating Expenses",Government Financial Statistics - GFS,Purchases of goods and services,,,,,Dollars,6
GFSA.SCS01G03220,2011.06,10014,REVISED,"Central Government, Operating Statement, Operating Expenses",Government Financial Statistics - GFS,Purchases of goods and services,,,,,Dollars,6
GFSA.SCS01G03220,2012.06,10120,REVISED,"Central Government, Operating Statement, Operating Expenses",Government Financial Statistics - GFS,Purchases of goods and services,,,,,Dollars,6
GFSA.SCS01G03220,2013.06,10412,REVISED,"Central Government, Operating Statement, Operating Expenses",Government Financial Statistics - GFS,Purchases of goods and services,,,,,Dollars,6
GFSA.SCS01G03220,2014.06,11094,REVISED,"Central Government, Operating Statement, Operating Expenses",Government Financial Statistics - GFS,Purchases of goods and services,,,,,Dollars,6
GFSA.SCS01G03220,2015.06,11519,REVISED,"Central Government, Operating Statement, Operating Expenses",Government Financial Statistics - GFS,Purchases of goods and services,,,,,Dollars,6
GFSA.SCS01G03220,2016.06,11774,REVISED,"Central Government, Operating Statement, Operating Expenses",Government Financial Statistics - GFS,Purchases of goods and services,,,,,Dollars,6
GFSA.SCS01G03220,2017.06,12679,REVISED,"Central Government, Operating Statement, Operating Expenses",Government Financial Statistics - GFS,Purchases of goods and services,,,,,Dollars,6
GFSA.SCS01G03220,2018.06,13443,REVISED,"Central Government, Operating Statement, Operating Expenses",Government Financial Statistics - GFS,Purchases of goods and services,,,,,Dollars,6
GFSA.SCS01G03220,2019.06,14418,REVISED,"Central Government, Operating Statement, Operating Expenses",Government Financial Statistics - GFS,Purchases of goods and services,,,,,Dollars,6
GFSA.SCS01G03220,2020.06,15228,REVISED,"Central Government, Operating Statement, Operating Expenses",Government Financial Statistics - GFS,Purchases of goods and services,,,,,Dollars,6
GFSA.SCS01G03220,2021.06,17600,REVISED,"Central Government, Operating Statement, Operating Expenses",Government Financial Statistics - GFS,Purchases of goods and services,,,,,Dollars,6
GFSA.SCS01G03220,2022.06,22390,REVISED,"Central Government, Operating Statement, Operating Expenses",Government Financial Statistics - GFS,Purchases of goods and services,,,,,Dollars,6
GFSA.SCS01G03220,2023.06,21916,REVISED,"Central Government, Operating Statement, Operating Expenses",Government Financial Statistics - GFS,Purchases of goods and services,,,,,Dollars,6
GFSA.SCS01G03220,2024.06,21844,REVISED,"Central Government, Operating Statement, Operating Expenses",Government Financial Statistics - GFS,Purchases of goods and services,,,,,Dollars,6
GFSA.SCS01G03220,2025.06,20395,FINAL,"Central Government, Operating Statement, Operating Expenses",Government Financial Statistics - GFS,Purchases of goods and services,,,,,Dollars,6
GFSA.SCS01G03240,2009.06,2294,FINAL,"Central Government, Operating Statement, Operating Expenses",Government Financial Statistics - GFS,Interest expense,,,,,Dollars,6
GFSA.SCS01G03240,2010.06,2510,FINAL,"Central Government, Operating Statement, Operating Expenses",Government Financial Statistics - GFS,Interest expense,,,,,Dollars,6
GFSA.SCS01G03240,2011.06,3238,FINAL,"Central Government, Operating Statement, Operating Expenses",Government Financial Statistics - GFS,Interest expense,,,,,Dollars,6
GFSA.SCS01G03240,2012.06,3621,FINAL,"Central Government, Operating Statement, Operating Expenses",Government Financial Statistics - GFS,Interest expense,,,,,Dollars,6
GFSA.SCS01G03240,2013.06,3778,FINAL,"Central Government, Operating Statement, Operating Expenses",Government Financial Statistics - GFS,Interest expense,,,,,Dollars,6
GFSA.SCS01G03240,2014.06,3544,FINAL,"Central Government, Operating Statement, Operating Expenses",Government Financial Statistics - GFS,Interest expense,,,,,Dollars,6
GFSA.SCS01G03240,2015.06,3669,FINAL,"Central Government, Operating Statement, Operating Expenses",Government Financial Statistics - GFS,Interest expense,,,,,Dollars,6
GFSA.SCS01G03240,2016.06,3561,FINAL,"Central Government, Operating Statement, Operating Expenses",Government Financial Statistics - GFS,Interest expense,,,,,Dollars,6
GFSA.SCS01G03240,2017.06,3536,FINAL,"Central Government, Operating Statement, Operating Expenses",Government Financial Statistics - GFS,Interest expense,,,,,Dollars,6
GFSA.SCS01G03240,2018.06,3503,FINAL,"Central Government, Operating Statement, Operating Expenses",Government Financial Statistics - GFS,Interest expense,,,,,Dollars,6
GFSA.SCS01G03240,2019.06,3500,FINAL,"Central Government, Operating Statement, Operating Expenses",Government Financial Statistics - GFS,Interest expense,,,,,Dollars,6
GFSA.SCS01G03240,2020.06,3209,FINAL,"Central Government, Operating Statement, Operating Expenses",Government Financial Statistics - GFS,Interest expense,,,,,Dollars,6
GFSA.SCS01G03240,2021.06,3279,REVISED,"Central Government, Operating Statement, Operating Expenses",Government Financial Statistics - GFS,Interest expense,,,,,Dollars,6
GFSA.SCS01G03240,2022.06,4154,REVISED,"Central Government, Operating Statement, Operating Expenses",Government Financial Statistics - GFS,Interest expense,,,,,Dollars,6
GFSA.SCS01G03240,2023.06,5630,REVISED,"Central Government, Operating Statement, Operating Expenses",Government Financial Statistics - GFS,Interest expense,,,,,Dollars,6
GFSA.SCS01G03240,2024.06,6902,REVISED,"Central Government, Operating Statement, Operating Expenses",Government Financial Statistics - GFS,Interest expense,,,,,Dollars,6
GFSA.SCS01G03240,2025.06,7913,FINAL,"Central Government, Operating Statement, Operating Expenses",Government Financial Statistics - GFS,Interest expense,,,,,Dollars,6
GFSA.SCS01G03270,2009.06,28887,FINAL,"Central Government, Operating Statement, Operating Expenses",Government Financial Statistics - GFS,Social benefits,,,,,Dollars,6
GFSA.SCS01G03270,2010.06,30831,FINAL,"Central Government, Operating Statement, Operating Expenses",Government Financial Statistics - GFS,Social benefits,,,,,Dollars,6
GFSA.SCS01G03270,2011.06,31875,FINAL,"Central Government, Operating Statement, Operating Expenses",Government Financial Statistics - GFS,Social benefits,,,,,Dollars,6
GFSA.SCS01G03270,2012.06,32460,FINAL,"Central Government, Operating Statement, Operating Expenses",Government Financial Statistics - GFS,Social benefits,,,,,Dollars,6
GFSA.SCS01G03270,2013.06,33180,FINAL,"Central Government, Operating Statement, Operating Expenses",Government Financial Statistics - GFS,Social benefits,,,,,Dollars,6
GFSA.SCS01G03270,2014.06,34010,FINAL,"Central Government, Operating Statement, Operating Expenses",Government Financial Statistics - GFS,Social benefits,,,,,Dollars,6
GFSA.SCS01G03270,2015.06,35067,FINAL,"Central Government, Operating Statement, Operating Expenses",Government Financial Statistics - GFS,Social benefits,,,,,Dollars,6
GFSA.SCS01G03270,2016.06,36185,FINAL,"Central Government, Operating Statement, Operating Expenses",Government Financial Statistics - GFS,Social benefits,,,,,Dollars,6
GFSA.SCS01G03270,2017.06,37590,FINAL,"Central Government, Operating Statement, Operating Expenses",Government Financial Statistics - GFS,Social benefits,,,,,Dollars,6
GFSA.SCS01G03270,2018.06,39279,FINAL,"Central Government, Operating Statement, Operating Expenses",Government Financial Statistics - GFS,Social benefits,,,,,Dollars,6
GFSA.SCS01G03270,2019.06,42960,FINAL,"Central Government, Operating Statement, Operating Expenses",Government Financial Statistics - GFS,Social benefits,,,,,Dollars,6
GFSA.SCS01G03270,2020.06,46916,FINAL,"Central Government, Operating Statement, Operating Expenses",Government Financial Statistics - GFS,Social benefits,,,,,Dollars,6
GFSA.SCS01G03270,2021.06,52202,FINAL,"Central Government, Operating Statement, Operating Expenses",Government Financial Statistics - GFS,Social benefits,,,,,Dollars,6
GFSA.SCS01G03270,2022.06,55069,FINAL,"Central Government, Operating Statement, Operating Expenses",Government Financial Statistics - GFS,Social benefits,,,,,Dollars,6
GFSA.SCS01G03270,2023.06,60924,FINAL,"Central Government, Operating Statement, Operating Expenses",Government Financial Statistics - GFS,Social benefits,,,,,Dollars,6
GFSA.SCS01G03270,2024.06,65259,REVISED,"Central Government, Operating Statement, Operating Expenses",Government Financial Statistics - GFS,Social benefits,,,,,Dollars,6
GFSA.SCS01G03270,2025.06,70398,FINAL,"Central Government, Operating Statement, Operating Expenses",Government Financial Statistics - GFS,Social benefits,,,,,Dollars,6
GFSA.SCS01G03280,2009.06,547,FINAL,"Central Government, Operating Statement, Operating Expenses",Government Financial Statistics - GFS,Other expenses,,,,,Dollars,6
GFSA.SCS01G03280,2010.06,577,FINAL,"Central Government, Operating Statement, Operating Expenses",Government Financial Statistics - GFS,Other expenses,,,,,Dollars,6
GFSA.SCS01G03280,2011.06,616,FINAL,"Central Government, Operating Statement, Operating Expenses",Government Financial Statistics - GFS,Other expenses,,,,,Dollars,6
GFSA.SCS01G03280,2012.06,548,FINAL,"Central Government, Operating Statement, Operating Expenses",Government Financial Statistics - GFS,Other expenses,,,,,Dollars,6
GFSA.SCS01G03280,2013.06,618,FINAL,"Central Government, Operating Statement, Operating Expenses",Government Financial Statistics - GFS,Other expenses,,,,,Dollars,6
GFSA.SCS01G03280,2014.06,602,FINAL,"Central Government, Operating Statement, Operating Expenses",Government Financial Statistics - GFS,Other expenses,,,,,Dollars,6
GFSA.SCS01G03280,2015.06,570,FINAL,"Central Government, Operating Statement, Operating Expenses",Government Financial Statistics - GFS,Other expenses,,,,,Dollars,6
GFSA.SCS01G03280,2016.06,492,FINAL,"Central Government, Operating Statement, Operating Expenses",Government Financial Statistics - GFS,Other expenses,,,,,Dollars,6
GFSA.SCS01G03280,2017.06,471,FINAL,"Central Government, Operating Statement, Operating Expenses",Government Financial Statistics - GFS,Other expenses,,,,,Dollars,6
GFSA.SCS01G03280,2018.06,466,FINAL,"Central Government, Operating Statement, Operating Expenses",Government Financial Statistics - GFS,Other expenses,,,,,Dollars,6
GFSA.SCS01G03280,2019.06,448,FINAL,"Central Government, Operating Statement, Operating Expenses",Government Financial Statistics - GFS,Other expenses,,,,,Dollars,6
GFSA.SCS01G03280,2020.06,452,FINAL,"Central Government, Operating Statement, Operating Expenses",Government Financial Statistics - GFS,Other expenses,,,,,Dollars,6
GFSA.SCS01G03280,2021.06,452,FINAL,"Central Government, Operating Statement, Operating Expenses",Government Financial Statistics - GFS,Other expenses,,,,,Dollars,6
GFSA.SCS01G03280,2022.06,423,FINAL,"Central Government, Operating Statement, Operating Expenses",Government Financial Statistics - GFS,Other expenses,,,,,Dollars,6
GFSA.SCS01G03280,2023.06,459,FINAL,"Central Government, Operating Statement, Operating Expenses",Government Financial Statistics - GFS,Other expenses,,,,,Dollars,6
GFSA.SCS01G03280,2024.06,485,FINAL,"Central Government, Operating Statement, Operating Expenses",Government Financial Statistics - GFS,Other expenses,,,,,Dollars,6
GFSA.SCS01G03280,2025.06,458,FINAL,"Central Government, Operating Statement, Operating Expenses",Government Financial Statistics - GFS,Other expenses,,,,,Dollars,6
GFSA.SCS01G03981,2009.06,1162,FINAL,"Central Government, Operating Statement, Operating Expenses",Government Financial Statistics - GFS,Current grants,,,,,Dollars,6
GFSA.SCS01G03981,2010.06,1129,FINAL,"Central Government, Operating Statement, Operating Expenses",Government Financial Statistics - GFS,Current grants,,,,,Dollars,6
GFSA.SCS01G03981,2011.06,1247,FINAL,"Central Government, Operating Statement, Operating Expenses",Government Financial Statistics - GFS,Current grants,,,,,Dollars,6
GFSA.SCS01G03981,2012.06,1210,FINAL,"Central Government, Operating Statement, Operating Expenses",Government Financial Statistics - GFS,Current grants,,,,,Dollars,6
GFSA.SCS01G03981,2013.06,1032,FINAL,"Central Government, Operating Statement, Operating Expenses",Government Financial Statistics - GFS,Current grants,,,,,Dollars,6
GFSA.SCS01G03981,2014.06,1334,FINAL,"Central Government, Operating Statement, Operating Expenses",Government Financial Statistics - GFS,Current grants,,,,,Dollars,6
GFSA.SCS01G03981,2015.06,1296,FINAL,"Central Government, Operating Statement, Operating Expenses",Government Financial Statistics - GFS,Current grants,,,,,Dollars,6
GFSA.SCS01G03981,2016.06,1328,FINAL,"Central Government, Operating Statement, Operating Expenses",Government Financial Statistics - GFS,Current grants,,,,,Dollars,6
GFSA.SCS01G03981,2017.06,1501,FINAL,"Central Government, Operating Statement, Operating Expenses",Government Financial Statistics - GFS,Current grants,,,,,Dollars,6
GFSA.SCS01G03981,2018.06,1666,FINAL,"Central Government, Operating Statement, Operating Expenses",Government Financial Statistics - GFS,Current grants,,,,,Dollars,6
GFSA.SCS01G03981,2019.06,1697,FINAL,"Central Government, Operating Statement, Operating Expenses",Government Financial Statistics - GFS,Current grants,,,,,Dollars,6
GFSA.SCS01G03981,2020.06,1639,FINAL,"Central Government, Operating Statement, Operating Expenses",Government Financial Statistics - GFS,Current grants,,,,,Dollars,6
GFSA.SCS01G03981,2021.06,1990,FINAL,"Central Government, Operating Statement, Operating Expenses",Government Financial Statistics - GFS,Current grants,,,,,Dollars,6
GFSA.SCS01G03981,2022.06,2065,FINAL,"Central Government, Operating Statement, Operating Expenses",Government Financial Statistics - GFS,Current grants,,,,,Dollars,6
GFSA.SCS01G03981,2023.06,2989,REVISED,"Central Government, Operating Statement, Operating Expenses",Government Financial Statistics - GFS,Current grants,,,,,Dollars,6
GFSA.SCS01G03981,2024.06,3236,REVISED,"Central Government, Operating Statement, Operating Expenses",Government Financial Statistics - GFS,Current grants,,,,,Dollars,6
GFSA.SCS01G03981,2025.06,2692,FINAL,"Central Government, Operating Statement, Operating Expenses",Government Financial Statistics - GFS,Current grants,,,,,Dollars,6
GFSA.SCS01G03982,2009.06,2720,FINAL,"Central Government, Operating Statement, Operating Expenses",Government Financial Statistics - GFS,Other current transfers,,,,,Dollars,6
GFSA.SCS01G03982,2010.06,2898,FINAL,"Central Government, Operating Statement, Operating Expenses",Government Financial Statistics - GFS,Other current transfers,,,,,Dollars,6
GFSA.SCS01G03982,2011.06,2787,FINAL,"Central Government, Operating Statement, Operating Expenses",Government Financial Statistics - GFS,Other current transfers,,,,,Dollars,6
GFSA.SCS01G03982,2012.06,2580,FINAL,"Central Government, Operating Statement, Operating Expenses",Government Financial Statistics - GFS,Other current transfers,,,,,Dollars,6
GFSA.SCS01G03982,2013.06,2728,FINAL,"Central Government, Operating Statement, Operating Expenses",Government Financial Statistics - GFS,Other current transfers,,,,,Dollars,6
GFSA.SCS01G03982,2014.06,3053,FINAL,"Central Government, Operating Statement, Operating Expenses",Government Financial Statistics - GFS,Other current transfers,,,,,Dollars,6
GFSA.SCS01G03982,2015.06,3049,FINAL,"Central Government, Operating Statement, Operating Expenses",Government Financial Statistics - GFS,Other current transfers,,,,,Dollars,6
GFSA.SCS01G03982,2016.06,3275,FINAL,"Central Government, Operating Statement, Operating Expenses",Government Financial Statistics - GFS,Other current transfers,,,,,Dollars,6
GFSA.SCS01G03982,2017.06,3391,FINAL,"Central Government, Operating Statement, Operating Expenses",Government Financial Statistics - GFS,Other current transfers,,,,,Dollars,6
GFSA.SCS01G03982,2018.06,3482,FINAL,"Central Government, Operating Statement, Operating Expenses",Government Financial Statistics - GFS,Other current transfers,,,,,Dollars,6
GFSA.SCS01G03982,2019.06,3821,FINAL,"Central Government, Operating Statement, Operating Expenses",Government Financial Statistics - GFS,Other current transfers,,,,,Dollars,6
GFSA.SCS01G03982,2020.06,5171,FINAL,"Central Government, Operating Statement, Operating Expenses",Government Financial Statistics - GFS,Other current transfers,,,,,Dollars,6
GFSA.SCS01G03982,2021.06,4105,FINAL,"Central Government, Operating Statement, Operating Expenses",Government Financial Statistics - GFS,Other current transfers,,,,,Dollars,6
GFSA.SCS01G03982,2022.06,4828,FINAL,"Central Government, Operating Statement, Operating Expenses",Government Financial Statistics - GFS,Other current transfers,,,,,Dollars,6
GFSA.SCS01G03982,2023.06,5171,FINAL,"Central Government, Operating Statement, Operating Expenses",Government Financial Statistics - GFS,Other current transfers,,,,,Dollars,6
GFSA.SCS01G03982,2024.06,5183,FINAL,"Central Government, Operating Statement, Operating Expenses",Government Financial Statistics - GFS,Other current transfers,,,,,Dollars,6
GFSA.SCS01G03982,2025.06,5222,FINAL,"Central Government, Operating Statement, Operating Expenses",Government Financial Statistics - GFS,Other current transfers,,,,,Dollars,6
GFSA.SCS01G03983,2009.06,719,FINAL,"Central Government, Operating Statement, Operating Expenses",Government Financial Statistics - GFS,Subsidies,,,,,Dollars,6
GFSA.SCS01G03983,2010.06,410,FINAL,"Central Government, Operating Statement, Operating Expenses",Government Financial Statistics - GFS,Subsidies,,,,,Dollars,6
GFSA.SCS01G03983,2011.06,987,FINAL,"Central Government, Operating Statement, Operating Expenses",Government Financial Statistics - GFS,Subsidies,,,,,Dollars,6
GFSA.SCS01G03983,2012.06,699,FINAL,"Central Government, Operating Statement, Operating Expenses",Government Financial Statistics - GFS,Subsidies,,,,,Dollars,6
GFSA.SCS01G03983,2013.06,685,FINAL,"Central Government, Operating Statement, Operating Expenses",Government Financial Statistics - GFS,Subsidies,,,,,Dollars,6
GFSA.SCS01G03983,2014.06,536,FINAL,"Central Government, Operating Statement, Operating Expenses",Government Financial Statistics - GFS,Subsidies,,,,,Dollars,6
GFSA.SCS01G03983,2015.06,391,FINAL,"Central Government, Operating Statement, Operating Expenses",Government Financial Statistics - GFS,Subsidies,,,,,Dollars,6
GFSA.SCS01G03983,2016.06,436,FINAL,"Central Government, Operating Statement, Operating Expenses",Government Financial Statistics - GFS,Subsidies,,,,,Dollars,6
GFSA.SCS01G03983,2017.06,550,FINAL,"Central Government, Operating Statement, Operating Expenses",Government Financial Statistics - GFS,Subsidies,,,,,Dollars,6
GFSA.SCS01G03983,2018.06,623,FINAL,"Central Government, Operating Statement, Operating Expenses",Government Financial Statistics - GFS,Subsidies,,,,,Dollars,6
GFSA.SCS01G03983,2019.06,643,FINAL,"Central Government, Operating Statement, Operating Expenses",Government Financial Statistics - GFS,Subsidies,,,,,Dollars,6
GFSA.SCS01G03983,2020.06,12626,FINAL,"Central Government, Operating Statement, Operating Expenses",Government Financial Statistics - GFS,Subsidies,,,,,Dollars,6
GFSA.SCS01G03983,2021.06,3783,FINAL,"Central Government, Operating Statement, Operating Expenses",Government Financial Statistics - GFS,Subsidies,,,,,Dollars,6
GFSA.SCS01G03983,2022.06,11190,FINAL,"Central Government, Operating Statement, Operating Expenses",Government Financial Statistics - GFS,Subsidies,,,,,Dollars,6
GFSA.SCS01G03983,2023.06,1895,FINAL,"Central Government, Operating Statement, Operating Expenses",Government Financial Statistics - GFS,Subsidies,,,,,Dollars,6
GFSA.SCS01G03983,2024.06,1538,REVISED,"Central Government, Operating Statement, Operating Expenses",Government Financial Statistics - GFS,Subsidies,,,,,Dollars,6
GFSA.SCS01G03983,2025.06,1810,FINAL,"Central Government, Operating Statement, Operating Expenses",Government Financial Statistics - GFS,Subsidies,,,,,Dollars,6
GFSA.SCS01G03991,2009.06,521,FINAL,"Central Government, Operating Statement, Operating Expenses",Government Financial Statistics - GFS,Capital grants,,,,,Dollars,6
GFSA.SCS01G03991,2010.06,530,FINAL,"Central Government, Operating Statement, Operating Expenses",Government Financial Statistics - GFS,Capital grants,,,,,Dollars,6
GFSA.SCS01G03991,2011.06,640,FINAL,"Central Government, Operating Statement, Operating Expenses",Government Financial Statistics - GFS,Capital grants,,,,,Dollars,6
GFSA.SCS01G03991,2012.06,1273,FINAL,"Central Government, Operating Statement, Operating Expenses",Government Financial Statistics - GFS,Capital grants,,,,,Dollars,6
GFSA.SCS01G03991,2013.06,1087,FINAL,"Central Government, Operating Statement, Operating Expenses",Government Financial Statistics - GFS,Capital grants,,,,,Dollars,6
GFSA.SCS01G03991,2014.06,494,FINAL,"Central Government, Operating Statement, Operating Expenses",Government Financial Statistics - GFS,Capital grants,,,,,Dollars,6
GFSA.SCS01G03991,2015.06,687,FINAL,"Central Government, Operating Statement, Operating Expenses",Government Financial Statistics - GFS,Capital grants,,,,,Dollars,6
GFSA.SCS01G03991,2016.06,1029,FINAL,"Central Government, Operating Statement, Operating Expenses",Government Financial Statistics - GFS,Capital grants,,,,,Dollars,6
GFSA.SCS01G03991,2017.06,839,FINAL,"Central Government, Operating Statement, Operating Expenses",Government Financial Statistics - GFS,Capital grants,,,,,Dollars,6
GFSA.SCS01G03991,2018.06,963,REVISED,"Central Government, Operating Statement, Operating Expenses",Government Financial Statistics - GFS,Capital grants,,,,,Dollars,6
GFSA.SCS01G03991,2019.06,1116,REVISED,"Central Government, Operating Statement, Operating Expenses",Government Financial Statistics - GFS,Capital grants,,,,,Dollars,6
GFSA.SCS01G03991,2020.06,1788,REVISED,"Central Government, Operating Statement, Operating Expenses",Government Financial Statistics - GFS,Capital grants,,,,,Dollars,6
GFSA.SCS01G03991,2021.06,2182,REVISED,"Central Government, Operating Statement, Operating Expenses",Government Financial Statistics - GFS,Capital grants,,,,,Dollars,6
GFSA.SCS01G03991,2022.06,2015,REVISED,"Central Government, Operating Statement, Operating Expenses",Government Financial Statistics - GFS,Capital grants,,,,,Dollars,6
GFSA.SCS01G03991,2023.06,2293,REVISED,"Central Government, Operating Statement, Operating Expenses",Government Financial Statistics - GFS,Capital grants,,,,,Dollars,6
GFSA.SCS01G03991,2024.06,2842,REVISED,"Central Government, Operating Statement, Operating Expenses",Government Financial Statistics - GFS,Capital grants,,,,,Dollars,6
GFSA.SCS01G03991,2025.06,2985,FINAL,"Central Government, Operating Statement, Operating Expenses",Government Financial Statistics - GFS,Capital grants,,,,,Dollars,6
GFSA.SCS01G03992,2009.06,457,FINAL,"Central Government, Operating Statement, Operating Expenses",Government Financial Statistics - GFS,Other capital transfers,,,,,Dollars,6
GFSA.SCS01G03992,2010.06,531,FINAL,"Central Government, Operating Statement, Operating Expenses",Government Financial Statistics - GFS,Other capital transfers,,,,,Dollars,6
GFSA.SCS01G03992,2011.06,12452,FINAL,"Central Government, Operating Statement, Operating Expenses",Government Financial Statistics - GFS,Other capital transfers,,,,,Dollars,6
GFSA.SCS01G03992,2012.06,1751,FINAL,"Central Government, Operating Statement, Operating Expenses",Government Financial Statistics - GFS,Other capital transfers,,,,,Dollars,6
GFSA.SCS01G03992,2013.06,1190,FINAL,"Central Government, Operating Statement, Operating Expenses",Government Financial Statistics - GFS,Other capital transfers,,,,,Dollars,6
GFSA.SCS01G03992,2014.06,954,FINAL,"Central Government, Operating Statement, Operating Expenses",Government Financial Statistics - GFS,Other capital transfers,,,,,Dollars,6
GFSA.SCS01G03992,2015.06,449,FINAL,"Central Government, Operating Statement, Operating Expenses",Government Financial Statistics - GFS,Other capital transfers,,,,,Dollars,6
GFSA.SCS01G03992,2016.06,832,FINAL,"Central Government, Operating Statement, Operating Expenses",Government Financial Statistics - GFS,Other capital transfers,,,,,Dollars,6
GFSA.SCS01G03992,2017.06,1004,FINAL,"Central Government, Operating Statement, Operating Expenses",Government Financial Statistics - GFS,Other capital transfers,,,,,Dollars,6
GFSA.SCS01G03992,2018.06,939,REVISED,"Central Government, Operating Statement, Operating Expenses",Government Financial Statistics - GFS,Other capital transfers,,,,,Dollars,6
GFSA.SCS01G03992,2019.06,988,REVISED,"Central Government, Operating Statement, Operating Expenses",Government Financial Statistics - GFS,Other capital transfers,,,,,Dollars,6
GFSA.SCS01G03992,2020.06,1406,REVISED,"Central Government, Operating Statement, Operating Expenses",Government Financial Statistics - GFS,Other capital transfers,,,,,Dollars,6
GFSA.SCS01G03992,2021.06,2449,REVISED,"Central Government, Operating Statement, Operating Expenses",Government Financial Statistics - GFS,Other capital transfers,,,,,Dollars,6
GFSA.SCS01G03992,2022.06,2414,REVISED,"Central Government, Operating Statement, Operating Expenses",Government Financial Statistics - GFS,Other capital transfers,,,,,Dollars,6
GFSA.SCS01G03992,2023.06,3555,REVISED,"Central Government, Operating Statement, Operating Expenses",Government Financial Statistics - GFS,Other capital transfers,,,,,Dollars,6
GFSA.SCS01G03992,2024.06,3222,REVISED,"Central Government, Operating Statement, Operating Expenses",Government Financial Statistics - GFS,Other capital transfers,,,,,Dollars,6
GFSA.SCS01G03992,2025.06,2580,FINAL,"Central Government, Operating Statement, Operating Expenses",Government Financial Statistics - GFS,Other capital transfers,,,,,Dollars,6
GFSA.SCS01G03K00,2009.06,3373,REVISED,"Central Government, Operating Statement, Operating Expenses",Government Financial Statistics - GFS,Depreciation,,,,,Dollars,6
GFSA.SCS01G03K00,2010.06,3604,REVISED,"Central Government, Operating Statement, Operating Expenses",Government Financial Statistics - GFS,Depreciation,,,,,Dollars,6
GFSA.SCS01G03K00,2011.06,3940,REVISED,"Central Government, Operating Statement, Operating Expenses",Government Financial Statistics - GFS,Depreciation,,,,,Dollars,6
GFSA.SCS01G03K00,2012.06,3740,REVISED,"Central Government, Operating Statement, Operating Expenses",Government Financial Statistics - GFS,Depreciation,,,,,Dollars,6
GFSA.SCS01G03K00,2013.06,3754,REVISED,"Central Government, Operating Statement, Operating Expenses",Government Financial Statistics - GFS,Depreciation,,,,,Dollars,6
GFSA.SCS01G03K00,2014.06,3869,REVISED,"Central Government, Operating Statement, Operating Expenses",Government Financial Statistics - GFS,Depreciation,,,,,Dollars,6
GFSA.SCS01G03K00,2015.06,4043,REVISED,"Central Government, Operating Statement, Operating Expenses",Government Financial Statistics - GFS,Depreciation,,,,,Dollars,6
GFSA.SCS01G03K00,2016.06,4074,REVISED,"Central Government, Operating Statement, Operating Expenses",Government Financial Statistics - GFS,Depreciation,,,,,Dollars,6
GFSA.SCS01G03K00,2017.06,4167,REVISED,"Central Government, Operating Statement, Operating Expenses",Government Financial Statistics - GFS,Depreciation,,,,,Dollars,6
GFSA.SCS01G03K00,2018.06,4424,REVISED,"Central Government, Operating Statement, Operating Expenses",Government Financial Statistics - GFS,Depreciation,,,,,Dollars,6
GFSA.SCS01G03K00,2019.06,4744,REVISED,"Central Government, Operating Statement, Operating Expenses",Government Financial Statistics - GFS,Depreciation,,,,,Dollars,6
GFSA.SCS01G03K00,2020.06,5102,REVISED,"Central Government, Operating Statement, Operating Expenses",Government Financial Statistics - GFS,Depreciation,,,,,Dollars,6
GFSA.SCS01G03K00,2021.06,5372,REVISED,"Central Government, Operating Statement, Operating Expenses",Government Financial Statistics - GFS,Depreciation,,,,,Dollars,6
GFSA.SCS01G03K00,2022.06,5781,REVISED,"Central Government, Operating Statement, Operating Expenses",Government Financial Statistics - GFS,Depreciation,,,,,Dollars,6
GFSA.SCS01G03K00,2023.06,6236,REVISED,"Central Government, Operating Statement, Operating Expenses",Government Financial Statistics - GFS,Depreciation,,,,,Dollars,6
GFSA.SCS01G03K00,2024.06,7108,REVISED,"Central Government, Operating Statement, Operating Expenses",Government Financial Statistics - GFS,Depreciation,,,,,Dollars,6
GFSA.SCS01G03K00,2025.06,7538,FINAL,"Central Government, Operating Statement, Operating Expenses",Government Financial Statistics - GFS,Depreciation,,,,,Dollars,6
GFSA.SCS01G03Z99,2009.06,66184,REVISED,"Central Government, Operating Statement, Operating Expenses",Government Financial Statistics - GFS,Total,,,,,Dollars,6
GFSA.SCS01G03Z99,2010.06,69450,REVISED,"Central Government, Operating Statement, Operating Expenses",Government Financial Statistics - GFS,Total,,,,,Dollars,6
GFSA.SCS01G03Z99,2011.06,85223,REVISED,"Central Government, Operating Statement, Operating Expenses",Government Financial Statistics - GFS,Total,,,,,Dollars,6
GFSA.SCS01G03Z99,2012.06,76025,REVISED,"Central Government, Operating Statement, Operating Expenses",Government Financial Statistics - GFS,Total,,,,,Dollars,6
GFSA.SCS01G03Z99,2013.06,76860,REVISED,"Central Government, Operating Statement, Operating Expenses",Government Financial Statistics - GFS,Total,,,,,Dollars,6
GFSA.SCS01G03Z99,2014.06,78408,REVISED,"Central Government, Operating Statement, Operating Expenses",Government Financial Statistics - GFS,Total,,,,,Dollars,6
GFSA.SCS01G03Z99,2015.06,80362,REVISED,"Central Government, Operating Statement, Operating Expenses",Government Financial Statistics - GFS,Total,,,,,Dollars,6
GFSA.SCS01G03Z99,2016.06,83203,REVISED,"Central Government, Operating Statement, Operating Expenses",Government Financial Statistics - GFS,Total,,,,,Dollars,6
GFSA.SCS01G03Z99,2017.06,86771,REVISED,"Central Government, Operating Statement, Operating Expenses",Government Financial Statistics - GFS,Total,,,,,Dollars,6
GFSA.SCS01G03Z99,2018.06,90853,REVISED,"Central Government, Operating Statement, Operating Expenses",Government Financial Statistics - GFS,Total,,,,,Dollars,6
GFSA.SCS01G03Z99,2019.06,98546,REVISED,"Central Government, Operating Statement, Operating Expenses",Government Financial Statistics - GFS,Total,,,,,Dollars,6
GFSA.SCS01G03Z99,2020.06,119713,REVISED,"Central Government, Operating Statement, Operating Expenses",Government Financial Statistics - GFS,Total,,,,,Dollars,6
GFSA.SCS01G03Z99,2021.06,121327,REVISED,"Central Government, Operating Statement, Operating Expenses",Government Financial Statistics - GFS,Total,,,,,Dollars,6
GFSA.SCS01G03Z99,2022.06,140451,REVISED,"Central Government, Operating Statement, Operating Expenses",Government Financial Statistics - GFS,Total,,,,,Dollars,6
GFSA.SCS01G03Z99,2023.06,143733,REVISED,"Central Government, Operating Statement, Operating Expenses",Government Financial Statistics - GFS,Total,,,,,Dollars,6
GFSA.SCS01G03Z99,2024.06,153531,REVISED,"Central Government, Operating Statement, Operating Expenses",Government Financial Statistics - GFS,Total,,,,,Dollars,6
GFSA.SCS01G03Z99,2025.06,157988,FINAL,"Central Government, Operating Statement, Operating Expenses",Government Financial Statistics - GFS,Total,,,,,Dollars,6
GFSA.SCS01G04611,2009.06,5656,FINAL,"Central Government, Operating Statement, Net Acquisition of Non-financial Assets",Government Financial Statistics - GFS,Fixed assets,,,,,Dollars,6
GFSA.SCS01G04611,2010.06,5317,FINAL,"Central Government, Operating Statement, Net Acquisition of Non-financial Assets",Government Financial Statistics - GFS,Fixed assets,,,,,Dollars,6
GFSA.SCS01G04611,2011.06,4881,FINAL,"Central Government, Operating Statement, Net Acquisition of Non-financial Assets",Government Financial Statistics - GFS,Fixed assets,,,,,Dollars,6
GFSA.SCS01G04611,2012.06,5090,FINAL,"Central Government, Operating Statement, Net Acquisition of Non-financial Assets",Government Financial Statistics - GFS,Fixed assets,,,,,Dollars,6
GFSA.SCS01G04611,2013.06,5003,FINAL,"Central Government, Operating Statement, Net Acquisition of Non-financial Assets",Government Financial Statistics - GFS,Fixed assets,,,,,Dollars,6
GFSA.SCS01G04611,2014.06,5637,FINAL,"Central Government, Operating Statement, Net Acquisition of Non-financial Assets",Government Financial Statistics - GFS,Fixed assets,,,,,Dollars,6
GFSA.SCS01G04611,2015.06,6658,FINAL,"Central Government, Operating Statement, Net Acquisition of Non-financial Assets",Government Financial Statistics - GFS,Fixed assets,,,,,Dollars,6
GFSA.SCS01G04611,2016.06,6533,FINAL,"Central Government, Operating Statement, Net Acquisition of Non-financial Assets",Government Financial Statistics - GFS,Fixed assets,,,,,Dollars,6
GFSA.SCS01G04611,2017.06,6628,FINAL,"Central Government, Operating Statement, Net Acquisition of Non-financial Assets",Government Financial Statistics - GFS,Fixed assets,,,,,Dollars,6
GFSA.SCS01G04611,2018.06,7002,REVISED,"Central Government, Operating Statement, Net Acquisition of Non-financial Assets",Government Financial Statistics - GFS,Fixed assets,,,,,Dollars,6
GFSA.SCS01G04611,2019.06,7867,REVISED,"Central Government, Operating Statement, Net Acquisition of Non-financial Assets",Government Financial Statistics - GFS,Fixed assets,,,,,Dollars,6
GFSA.SCS01G04611,2020.06,7499,REVISED,"Central Government, Operating Statement, Net Acquisition of Non-financial Assets",Government Financial Statistics - GFS,Fixed assets,,,,,Dollars,6
GFSA.SCS01G04611,2021.06,8892,REVISED,"Central Government, Operating Statement, Net Acquisition of Non-financial Assets",Government Financial Statistics - GFS,Fixed assets,,,,,Dollars,6
GFSA.SCS01G04611,2022.06,9248,REVISED,"Central Government, Operating Statement, Net Acquisition of Non-financial Assets",Government Financial Statistics - GFS,Fixed assets,,,,,Dollars,6
GFSA.SCS01G04611,2023.06,9744,REVISED,"Central Government, Operating Statement, Net Acquisition of Non-financial Assets",Government Financial Statistics - GFS,Fixed assets,,,,,Dollars,6
GFSA.SCS01G04611,2024.06,11801,REVISED,"Central Government, Operating Statement, Net Acquisition of Non-financial Assets",Government Financial Statistics - GFS,Fixed assets,,,,,Dollars,6
GFSA.SCS01G04611,2025.06,11232,FINAL,"Central Government, Operating Statement, Net Acquisition of Non-financial Assets",Government Financial Statistics - GFS,Fixed assets,,,,,Dollars,6
GFSA.SCS01G04613,2009.06,0,FINAL,"Central Government, Operating Statement, Net Acquisition of Non-financial Assets",Government Financial Statistics - GFS,Valuables,,,,,Dollars,6
GFSA.SCS01G04613,2010.06,1,FINAL,"Central Government, Operating Statement, Net Acquisition of Non-financial Assets",Government Financial Statistics - GFS,Valuables,,,,,Dollars,6
GFSA.SCS01G04613,2011.06,1,FINAL,"Central Government, Operating Statement, Net Acquisition of Non-financial Assets",Government Financial Statistics - GFS,Valuables,,,,,Dollars,6
GFSA.SCS01G04613,2012.06,1,FINAL,"Central Government, Operating Statement, Net Acquisition of Non-financial Assets",Government Financial Statistics - GFS,Valuables,,,,,Dollars,6
GFSA.SCS01G04613,2013.06,0,FINAL,"Central Government, Operating Statement, Net Acquisition of Non-financial Assets",Government Financial Statistics - GFS,Valuables,,,,,Dollars,6
GFSA.SCS01G04613,2014.06,1,FINAL,"Central Government, Operating Statement, Net Acquisition of Non-financial Assets",Government Financial Statistics - GFS,Valuables,,,,,Dollars,6
GFSA.SCS01G04613,2015.06,0,FINAL,"Central Government, Operating Statement, Net Acquisition of Non-financial Assets",Government Financial Statistics - GFS,Valuables,,,,,Dollars,6
GFSA.SCS01G04613,2016.06,1,FINAL,"Central Government, Operating Statement, Net Acquisition of Non-financial Assets",Government Financial Statistics - GFS,Valuables,,,,,Dollars,6
GFSA.SCS01G04613,2017.06,0,FINAL,"Central Government, Operating Statement, Net Acquisition of Non-financial Assets",Government Financial Statistics - GFS,Valuables,,,,,Dollars,6
GFSA.SCS01G04613,2018.06,0,FINAL,"Central Government, Operating Statement, Net Acquisition of Non-financial Assets",Government Financial Statistics - GFS,Valuables,,,,,Dollars,6
GFSA.SCS01G04613,2019.06,0,FINAL,"Central Government, Operating Statement, Net Acquisition of Non-financial Assets",Government Financial Statistics - GFS,Valuables,,,,,Dollars,6
GFSA.SCS01G04613,2020.06,0,FINAL,"Central Government, Operating Statement, Net Acquisition of Non-financial Assets",Government Financial Statistics - GFS,Valuables,,,,,Dollars,6
GFSA.SCS01G04613,2021.06,0,FINAL,"Central Government, Operating Statement, Net Acquisition of Non-financial Assets",Government Financial Statistics - GFS,Valuables,,,,,Dollars,6
GFSA.SCS01G04613,2022.06,0,FINAL,"Central Government, Operating Statement, Net Acquisition of Non-financial Assets",Government Financial Statistics - GFS,Valuables,,,,,Dollars,6
GFSA.SCS01G04613,2023.06,0,FINAL,"Central Government, Operating Statement, Net Acquisition of Non-financial Assets",Government Financial Statistics - GFS,Valuables,,,,,Dollars,6
GFSA.SCS01G04613,2024.06,0,FINAL,"Central Government, Operating Statement, Net Acquisition of Non-financial Assets",Government Financial Statistics - GFS,Valuables,,,,,Dollars,6
GFSA.SCS01G04613,2025.06,0,FINAL,"Central Government, Operating Statement, Net Acquisition of Non-financial Assets",Government Financial Statistics - GFS,Valuables,,,,,Dollars,6
GFSA.SCS01G04615,2009.06,-188,FINAL,"Central Government, Operating Statement, Net Acquisition of Non-financial Assets",Government Financial Statistics - GFS,Land,,,,,Dollars,6
GFSA.SCS01G04615,2010.06,101,FINAL,"Central Government, Operating Statement, Net Acquisition of Non-financial Assets",Government Financial Statistics - GFS,Land,,,,,Dollars,6
GFSA.SCS01G04615,2011.06,-1,FINAL,"Central Government, Operating Statement, Net Acquisition of Non-financial Assets",Government Financial Statistics - GFS,Land,,,,,Dollars,6
GFSA.SCS01G04615,2012.06,-28,FINAL,"Central Government, Operating Statement, Net Acquisition of Non-financial Assets",Government Financial Statistics - GFS,Land,,,,,Dollars,6
GFSA.SCS01G04615,2013.06,74,FINAL,"Central Government, Operating Statement, Net Acquisition of Non-financial Assets",Government Financial Statistics - GFS,Land,,,,,Dollars,6
GFSA.SCS01G04615,2014.06,335,FINAL,"Central Government, Operating Statement, Net Acquisition of Non-financial Assets",Government Financial Statistics - GFS,Land,,,,,Dollars,6
GFSA.SCS01G04615,2015.06,-1,FINAL,"Central Government, Operating Statement, Net Acquisition of Non-financial Assets",Government Financial Statistics - GFS,Land,,,,,Dollars,6
GFSA.SCS01G04615,2016.06,311,FINAL,"Central Government, Operating Statement, Net Acquisition of Non-financial Assets",Government Financial Statistics - GFS,Land,,,,,Dollars,6
GFSA.SCS01G04615,2017.06,211,FINAL,"Central Government, Operating Statement, Net Acquisition of Non-financial Assets",Government Financial Statistics - GFS,Land,,,,,Dollars,6
GFSA.SCS01G04615,2018.06,494,FINAL,"Central Government, Operating Statement, Net Acquisition of Non-financial Assets",Government Financial Statistics - GFS,Land,,,,,Dollars,6
GFSA.SCS01G04615,2019.06,402,FINAL,"Central Government, Operating Statement, Net Acquisition of Non-financial Assets",Government Financial Statistics - GFS,Land,,,,,Dollars,6
GFSA.SCS01G04615,2020.06,266,FINAL,"Central Government, Operating Statement, Net Acquisition of Non-financial Assets",Government Financial Statistics - GFS,Land,,,,,Dollars,6
GFSA.SCS01G04615,2021.06,223,FINAL,"Central Government, Operating Statement, Net Acquisition of Non-financial Assets",Government Financial Statistics - GFS,Land,,,,,Dollars,6
GFSA.SCS01G04615,2022.06,265,FINAL,"Central Government, Operating Statement, Net Acquisition of Non-financial Assets",Government Financial Statistics - GFS,Land,,,,,Dollars,6
GFSA.SCS01G04615,2023.06,456,FINAL,"Central Government, Operating Statement, Net Acquisition of Non-financial Assets",Government Financial Statistics - GFS,Land,,,,,Dollars,6
GFSA.SCS01G04615,2024.06,334,FINAL,"Central Government, Operating Statement, Net Acquisition of Non-financial Assets",Government Financial Statistics - GFS,Land,,,,,Dollars,6
GFSA.SCS01G04615,2025.06,533,FINAL,"Central Government, Operating Statement, Net Acquisition of Non-financial Assets",Government Financial Statistics - GFS,Land,,,,,Dollars,6
GFSA.SCS01G04698,2009.06,-4,FINAL,"Central Government, Operating Statement, Net Acquisition of Non-financial Assets",Government Financial Statistics - GFS,Other non-produced non-financial assets,,,,,Dollars,6
GFSA.SCS01G04698,2010.06,-12,FINAL,"Central Government, Operating Statement, Net Acquisition of Non-financial Assets",Government Financial Statistics - GFS,Other non-produced non-financial assets,,,,,Dollars,6
GFSA.SCS01G04698,2011.06,-18,FINAL,"Central Government, Operating Statement, Net Acquisition of Non-financial Assets",Government Financial Statistics - GFS,Other non-produced non-financial assets,,,,,Dollars,6
GFSA.SCS01G04698,2012.06,-20,FINAL,"Central Government, Operating Statement, Net Acquisition of Non-financial Assets",Government Financial Statistics - GFS,Other non-produced non-financial assets,,,,,Dollars,6
GFSA.SCS01G04698,2013.06,0,FINAL,"Central Government, Operating Statement, Net Acquisition of Non-financial Assets",Government Financial Statistics - GFS,Other non-produced non-financial assets,,,,,Dollars,6
GFSA.SCS01G04698,2014.06,-17,FINAL,"Central Government, Operating Statement, Net Acquisition of Non-financial Assets",Government Financial Statistics - GFS,Other non-produced non-financial assets,,,,,Dollars,6
GFSA.SCS01G04698,2015.06,-36,FINAL,"Central Government, Operating Statement, Net Acquisition of Non-financial Assets",Government Financial Statistics - GFS,Other non-produced non-financial assets,,,,,Dollars,6
GFSA.SCS01G04698,2016.06,-37,FINAL,"Central Government, Operating Statement, Net Acquisition of Non-financial Assets",Government Financial Statistics - GFS,Other non-produced non-financial assets,,,,,Dollars,6
GFSA.SCS01G04698,2017.06,-39,FINAL,"Central Government, Operating Statement, Net Acquisition of Non-financial Assets",Government Financial Statistics - GFS,Other non-produced non-financial assets,,,,,Dollars,6
GFSA.SCS01G04698,2018.06,-47,FINAL,"Central Government, Operating Statement, Net Acquisition of Non-financial Assets",Government Financial Statistics - GFS,Other non-produced non-financial assets,,,,,Dollars,6
GFSA.SCS01G04698,2019.06,-49,FINAL,"Central Government, Operating Statement, Net Acquisition of Non-financial Assets",Government Financial Statistics - GFS,Other non-produced non-financial assets,,,,,Dollars,6
GFSA.SCS01G04698,2020.06,-51,FINAL,"Central Government, Operating Statement, Net Acquisition of Non-financial Assets",Government Financial Statistics - GFS,Other non-produced non-financial assets,,,,,Dollars,6
GFSA.SCS01G04698,2021.06,-47,FINAL,"Central Government, Operating Statement, Net Acquisition of Non-financial Assets",Government Financial Statistics - GFS,Other non-produced non-financial assets,,,,,Dollars,6
GFSA.SCS01G04698,2022.06,-53,FINAL,"Central Government, Operating Statement, Net Acquisition of Non-financial Assets",Government Financial Statistics - GFS,Other non-produced non-financial assets,,,,,Dollars,6
GFSA.SCS01G04698,2023.06,-52,FINAL,"Central Government, Operating Statement, Net Acquisition of Non-financial Assets",Government Financial Statistics - GFS,Other non-produced non-financial assets,,,,,Dollars,6
GFSA.SCS01G04698,2024.06,-55,FINAL,"Central Government, Operating Statement, Net Acquisition of Non-financial Assets",Government Financial Statistics - GFS,Other non-produced non-financial assets,,,,,Dollars,6
GFSA.SCS01G04698,2025.06,-48,FINAL,"Central Government, Operating Statement, Net Acquisition of Non-financial Assets",Government Financial Statistics - GFS,Other non-produced non-financial assets,,,,,Dollars,6
GFSA.SCS01G04K00,2009.06,3373,REVISED,"Central Government, Operating Statement, Net Acquisition of Non-financial Assets",Government Financial Statistics - GFS,Depreciation,,,,,Dollars,6
GFSA.SCS01G04K00,2010.06,3604,REVISED,"Central Government, Operating Statement, Net Acquisition of Non-financial Assets",Government Financial Statistics - GFS,Depreciation,,,,,Dollars,6
GFSA.SCS01G04K00,2011.06,3940,REVISED,"Central Government, Operating Statement, Net Acquisition of Non-financial Assets",Government Financial Statistics - GFS,Depreciation,,,,,Dollars,6
GFSA.SCS01G04K00,2012.06,3740,REVISED,"Central Government, Operating Statement, Net Acquisition of Non-financial Assets",Government Financial Statistics - GFS,Depreciation,,,,,Dollars,6
GFSA.SCS01G04K00,2013.06,3754,REVISED,"Central Government, Operating Statement, Net Acquisition of Non-financial Assets",Government Financial Statistics - GFS,Depreciation,,,,,Dollars,6
GFSA.SCS01G04K00,2014.06,3869,REVISED,"Central Government, Operating Statement, Net Acquisition of Non-financial Assets",Government Financial Statistics - GFS,Depreciation,,,,,Dollars,6
GFSA.SCS01G04K00,2015.06,4043,REVISED,"Central Government, Operating Statement, Net Acquisition of Non-financial Assets",Government Financial Statistics - GFS,Depreciation,,,,,Dollars,6
GFSA.SCS01G04K00,2016.06,4074,REVISED,"Central Government, Operating Statement, Net Acquisition of Non-financial Assets",Government Financial Statistics - GFS,Depreciation,,,,,Dollars,6
GFSA.SCS01G04K00,2017.06,4167,REVISED,"Central Government, Operating Statement, Net Acquisition of Non-financial Assets",Government Financial Statistics - GFS,Depreciation,,,,,Dollars,6
GFSA.SCS01G04K00,2018.06,4424,REVISED,"Central Government, Operating Statement, Net Acquisition of Non-financial Assets",Government Financial Statistics - GFS,Depreciation,,,,,Dollars,6
GFSA.SCS01G04K00,2019.06,4744,REVISED,"Central Government, Operating Statement, Net Acquisition of Non-financial Assets",Government Financial Statistics - GFS,Depreciation,,,,,Dollars,6
GFSA.SCS01G04K00,2020.06,5102,REVISED,"Central Government, Operating Statement, Net Acquisition of Non-financial Assets",Government Financial Statistics - GFS,Depreciation,,,,,Dollars,6
GFSA.SCS01G04K00,2021.06,5372,REVISED,"Central Government, Operating Statement, Net Acquisition of Non-financial Assets",Government Financial Statistics - GFS,Depreciation,,,,,Dollars,6
GFSA.SCS01G04K00,2022.06,5781,REVISED,"Central Government, Operating Statement, Net Acquisition of Non-financial Assets",Government Financial Statistics - GFS,Depreciation,,,,,Dollars,6
GFSA.SCS01G04K00,2023.06,6236,REVISED,"Central Government, Operating Statement, Net Acquisition of Non-financial Assets",Government Financial Statistics - GFS,Depreciation,,,,,Dollars,6
GFSA.SCS01G04K00,2024.06,7108,REVISED,"Central Government, Operating Statement, Net Acquisition of Non-financial Assets",Government Financial Statistics - GFS,Depreciation,,,,,Dollars,6
GFSA.SCS01G04K00,2025.06,7538,FINAL,"Central Government, Operating Statement, Net Acquisition of Non-financial Assets",Government Financial Statistics - GFS,Depreciation,,,,,Dollars,6
GFSA.SCS01G04Z94,2009.06,-47,FINAL,"Central Government, Operating Statement, Net Acquisition of Non-financial Assets",Government Financial Statistics - GFS,Change in inventories,,,,,Dollars,6
GFSA.SCS01G04Z94,2010.06,9,FINAL,"Central Government, Operating Statement, Net Acquisition of Non-financial Assets",Government Financial Statistics - GFS,Change in inventories,,,,,Dollars,6
GFSA.SCS01G04Z94,2011.06,9,FINAL,"Central Government, Operating Statement, Net Acquisition of Non-financial Assets",Government Financial Statistics - GFS,Change in inventories,,,,,Dollars,6
GFSA.SCS01G04Z94,2012.06,-87,FINAL,"Central Government, Operating Statement, Net Acquisition of Non-financial Assets",Government Financial Statistics - GFS,Change in inventories,,,,,Dollars,6
GFSA.SCS01G04Z94,2013.06,-79,FINAL,"Central Government, Operating Statement, Net Acquisition of Non-financial Assets",Government Financial Statistics - GFS,Change in inventories,,,,,Dollars,6
GFSA.SCS01G04Z94,2014.06,-29,FINAL,"Central Government, Operating Statement, Net Acquisition of Non-financial Assets",Government Financial Statistics - GFS,Change in inventories,,,,,Dollars,6
GFSA.SCS01G04Z94,2015.06,22,FINAL,"Central Government, Operating Statement, Net Acquisition of Non-financial Assets",Government Financial Statistics - GFS,Change in inventories,,,,,Dollars,6
GFSA.SCS01G04Z94,2016.06,76,FINAL,"Central Government, Operating Statement, Net Acquisition of Non-financial Assets",Government Financial Statistics - GFS,Change in inventories,,,,,Dollars,6
GFSA.SCS01G04Z94,2017.06,72,FINAL,"Central Government, Operating Statement, Net Acquisition of Non-financial Assets",Government Financial Statistics - GFS,Change in inventories,,,,,Dollars,6
GFSA.SCS01G04Z94,2018.06,222,FINAL,"Central Government, Operating Statement, Net Acquisition of Non-financial Assets",Government Financial Statistics - GFS,Change in inventories,,,,,Dollars,6
GFSA.SCS01G04Z94,2019.06,100,FINAL,"Central Government, Operating Statement, Net Acquisition of Non-financial Assets",Government Financial Statistics - GFS,Change in inventories,,,,,Dollars,6
GFSA.SCS01G04Z94,2020.06,190,FINAL,"Central Government, Operating Statement, Net Acquisition of Non-financial Assets",Government Financial Statistics - GFS,Change in inventories,,,,,Dollars,6
GFSA.SCS01G04Z94,2021.06,138,FINAL,"Central Government, Operating Statement, Net Acquisition of Non-financial Assets",Government Financial Statistics - GFS,Change in inventories,,,,,Dollars,6
GFSA.SCS01G04Z94,2022.06,564,FINAL,"Central Government, Operating Statement, Net Acquisition of Non-financial Assets",Government Financial Statistics - GFS,Change in inventories,,,,,Dollars,6
GFSA.SCS01G04Z94,2023.06,148,FINAL,"Central Government, Operating Statement, Net Acquisition of Non-financial Assets",Government Financial Statistics - GFS,Change in inventories,,,,,Dollars,6
GFSA.SCS01G04Z94,2024.06,-58,REVISED,"Central Government, Operating Statement, Net Acquisition of Non-financial Assets",Government Financial Statistics - GFS,Change in inventories,,,,,Dollars,6
GFSA.SCS01G04Z94,2025.06,468,FINAL,"Central Government, Operating Statement, Net Acquisition of Non-financial Assets",Government Financial Statistics - GFS,Change in inventories,,,,,Dollars,6
GFSA.SCS01G04Z99,2009.06,2044,REVISED,"Central Government, Operating Statement, Net Acquisition of Non-financial Assets",Government Financial Statistics - GFS,Total,,,,,Dollars,6
GFSA.SCS01G04Z99,2010.06,1811,REVISED,"Central Government, Operating Statement, Net Acquisition of Non-financial Assets",Government Financial Statistics - GFS,Total,,,,,Dollars,6
GFSA.SCS01G04Z99,2011.06,931,REVISED,"Central Government, Operating Statement, Net Acquisition of Non-financial Assets",Government Financial Statistics - GFS,Total,,,,,Dollars,6
GFSA.SCS01G04Z99,2012.06,1216,REVISED,"Central Government, Operating Statement, Net Acquisition of Non-financial Assets",Government Financial Statistics - GFS,Total,,,,,Dollars,6
GFSA.SCS01G04Z99,2013.06,1243,REVISED,"Central Government, Operating Statement, Net Acquisition of Non-financial Assets",Government Financial Statistics - GFS,Total,,,,,Dollars,6
GFSA.SCS01G04Z99,2014.06,2058,REVISED,"Central Government, Operating Statement, Net Acquisition of Non-financial Assets",Government Financial Statistics - GFS,Total,,,,,Dollars,6
GFSA.SCS01G04Z99,2015.06,2598,REVISED,"Central Government, Operating Statement, Net Acquisition of Non-financial Assets",Government Financial Statistics - GFS,Total,,,,,Dollars,6
GFSA.SCS01G04Z99,2016.06,2808,REVISED,"Central Government, Operating Statement, Net Acquisition of Non-financial Assets",Government Financial Statistics - GFS,Total,,,,,Dollars,6
GFSA.SCS01G04Z99,2017.06,2705,REVISED,"Central Government, Operating Statement, Net Acquisition of Non-financial Assets",Government Financial Statistics - GFS,Total,,,,,Dollars,6
GFSA.SCS01G04Z99,2018.06,3247,REVISED,"Central Government, Operating Statement, Net Acquisition of Non-financial Assets",Government Financial Statistics - GFS,Total,,,,,Dollars,6
GFSA.SCS01G04Z99,2019.06,3577,REVISED,"Central Government, Operating Statement, Net Acquisition of Non-financial Assets",Government Financial Statistics - GFS,Total,,,,,Dollars,6
GFSA.SCS01G04Z99,2020.06,2803,REVISED,"Central Government, Operating Statement, Net Acquisition of Non-financial Assets",Government Financial Statistics - GFS,Total,,,,,Dollars,6
GFSA.SCS01G04Z99,2021.06,3834,REVISED,"Central Government, Operating Statement, Net Acquisition of Non-financial Assets",Government Financial Statistics - GFS,Total,,,,,Dollars,6
GFSA.SCS01G04Z99,2022.06,4242,REVISED,"Central Government, Operating Statement, Net Acquisition of Non-financial Assets",Government Financial Statistics - GFS,Total,,,,,Dollars,6
GFSA.SCS01G04Z99,2023.06,4062,REVISED,"Central Government, Operating Statement, Net Acquisition of Non-financial Assets",Government Financial Statistics - GFS,Total,,,,,Dollars,6
GFSA.SCS01G04Z99,2024.06,4913,REVISED,"Central Government, Operating Statement, Net Acquisition of Non-financial Assets",Government Financial Statistics - GFS,Total,,,,,Dollars,6
GFSA.SCS01G04Z99,2025.06,4648,FINAL,"Central Government, Operating Statement, Net Acquisition of Non-financial Assets",Government Financial Statistics - GFS,Total,,,,,Dollars,6
GFSA.SCS02G00Z61Z99,2009.06,79490,FINAL,"Central Government, Balance Sheet, Total Assets and Non-financial Assets",Government Financial Statistics - GFS,Non-financial assets,Total,,,,Dollars,6
GFSA.SCS02G00Z61Z99,2010.06,78944,FINAL,"Central Government, Balance Sheet, Total Assets and Non-financial Assets",Government Financial Statistics - GFS,Non-financial assets,Total,,,,Dollars,6
GFSA.SCS02G00Z61Z99,2011.06,79659,FINAL,"Central Government, Balance Sheet, Total Assets and Non-financial Assets",Government Financial Statistics - GFS,Non-financial assets,Total,,,,Dollars,6
GFSA.SCS02G00Z61Z99,2012.06,81107,FINAL,"Central Government, Balance Sheet, Total Assets and Non-financial Assets",Government Financial Statistics - GFS,Non-financial assets,Total,,,,Dollars,6
GFSA.SCS02G00Z61Z99,2013.06,82357,FINAL,"Central Government, Balance Sheet, Total Assets and Non-financial Assets",Government Financial Statistics - GFS,Non-financial assets,Total,,,,Dollars,6
GFSA.SCS02G00Z61Z99,2014.06,87307,FINAL,"Central Government, Balance Sheet, Total Assets and Non-financial Assets",Government Financial Statistics - GFS,Non-financial assets,Total,,,,Dollars,6
GFSA.SCS02G00Z61Z99,2015.06,92126,FINAL,"Central Government, Balance Sheet, Total Assets and Non-financial Assets",Government Financial Statistics - GFS,Non-financial assets,Total,,,,Dollars,6
GFSA.SCS02G00Z61Z99,2016.06,98369,FINAL,"Central Government, Balance Sheet, Total Assets and Non-financial Assets",Government Financial Statistics - GFS,Non-financial assets,Total,,,,Dollars,6
GFSA.SCS02G00Z61Z99,2017.06,107091,FINAL,"Central Government, Balance Sheet, Total Assets and Non-financial Assets",Government Financial Statistics - GFS,Non-financial assets,Total,,,,Dollars,6
GFSA.SCS02G00Z61Z99,2018.06,120578,REVISED,"Central Government, Balance Sheet, Total Assets and Non-financial Assets",Government Financial Statistics - GFS,Non-financial assets,Total,,,,Dollars,6
GFSA.SCS02G00Z61Z99,2019.06,132182,REVISED,"Central Government, Balance Sheet, Total Assets and Non-financial Assets",Government Financial Statistics - GFS,Non-financial assets,Total,,,,Dollars,6
GFSA.SCS02G00Z61Z99,2020.06,135758,REVISED,"Central Government, Balance Sheet, Total Assets and Non-financial Assets",Government Financial Statistics - GFS,Non-financial assets,Total,,,,Dollars,6
GFSA.SCS02G00Z61Z99,2021.06,152823,REVISED,"Central Government, Balance Sheet, Total Assets and Non-financial Assets",Government Financial Statistics - GFS,Non-financial assets,Total,,,,Dollars,6
GFSA.SCS02G00Z61Z99,2022.06,176021,REVISED,"Central Government, Balance Sheet, Total Assets and Non-financial Assets",Government Financial Statistics - GFS,Non-financial assets,Total,,,,Dollars,6
GFSA.SCS02G00Z61Z99,2023.06,194094,REVISED,"Central Government, Balance Sheet, Total Assets and Non-financial Assets",Government Financial Statistics - GFS,Non-financial assets,Total,,,,Dollars,6
GFSA.SCS02G00Z61Z99,2024.06,203939,REVISED,"Central Government, Balance Sheet, Total Assets and Non-financial Assets",Government Financial Statistics - GFS,Non-financial assets,Total,,,,Dollars,6
GFSA.SCS02G00Z61Z99,2025.06,211261,FINAL,"Central Government, Balance Sheet, Total Assets and Non-financial Assets",Government Financial Statistics - GFS,Non-financial assets,Total,,,,Dollars,6
GFSA.SCS02G00Z63Z99,2009.06,196298,FINAL,"Central Government, Balance Sheet, Total Assets and Non-financial Assets",Government Financial Statistics - GFS,Assets,Total,,,,Dollars,6
GFSA.SCS02G00Z63Z99,2010.06,199738,FINAL,"Central Government, Balance Sheet, Total Assets and Non-financial Assets",Government Financial Statistics - GFS,Assets,Total,,,,Dollars,6
GFSA.SCS02G00Z63Z99,2011.06,219055,FINAL,"Central Government, Balance Sheet, Total Assets and Non-financial Assets",Government Financial Statistics - GFS,Assets,Total,,,,Dollars,6
GFSA.SCS02G00Z63Z99,2012.06,212153,FINAL,"Central Government, Balance Sheet, Total Assets and Non-financial Assets",Government Financial Statistics - GFS,Assets,Total,,,,Dollars,6
GFSA.SCS02G00Z63Z99,2013.06,214026,FINAL,"Central Government, Balance Sheet, Total Assets and Non-financial Assets",Government Financial Statistics - GFS,Assets,Total,,,,Dollars,6
GFSA.SCS02G00Z63Z99,2014.06,221780,FINAL,"Central Government, Balance Sheet, Total Assets and Non-financial Assets",Government Financial Statistics - GFS,Assets,Total,,,,Dollars,6
GFSA.SCS02G00Z63Z99,2015.06,240008,FINAL,"Central Government, Balance Sheet, Total Assets and Non-financial Assets",Government Financial Statistics - GFS,Assets,Total,,,,Dollars,6
GFSA.SCS02G00Z63Z99,2016.06,253786,FINAL,"Central Government, Balance Sheet, Total Assets and Non-financial Assets",Government Financial Statistics - GFS,Assets,Total,,,,Dollars,6
GFSA.SCS02G00Z63Z99,2017.06,277450,FINAL,"Central Government, Balance Sheet, Total Assets and Non-financial Assets",Government Financial Statistics - GFS,Assets,Total,,,,Dollars,6
GFSA.SCS02G00Z63Z99,2018.06,299573,REVISED,"Central Government, Balance Sheet, Total Assets and Non-financial Assets",Government Financial Statistics - GFS,Assets,Total,,,,Dollars,6
GFSA.SCS02G00Z63Z99,2019.06,321826,REVISED,"Central Government, Balance Sheet, Total Assets and Non-financial Assets",Government Financial Statistics - GFS,Assets,Total,,,,Dollars,6
GFSA.SCS02G00Z63Z99,2020.06,350492,REVISED,"Central Government, Balance Sheet, Total Assets and Non-financial Assets",Government Financial Statistics - GFS,Assets,Total,,,,Dollars,6
GFSA.SCS02G00Z63Z99,2021.06,419699,REVISED,"Central Government, Balance Sheet, Total Assets and Non-financial Assets",Government Financial Statistics - GFS,Assets,Total,,,,Dollars,6
GFSA.SCS02G00Z63Z99,2022.06,460491,REVISED,"Central Government, Balance Sheet, Total Assets and Non-financial Assets",Government Financial Statistics - GFS,Assets,Total,,,,Dollars,6
GFSA.SCS02G00Z63Z99,2023.06,467745,REVISED,"Central Government, Balance Sheet, Total Assets and Non-financial Assets",Government Financial Statistics - GFS,Assets,Total,,,,Dollars,6
GFSA.SCS02G00Z63Z99,2024.06,502605,REVISED,"Central Government, Balance Sheet, Total Assets and Non-financial Assets",Government Financial Statistics - GFS,Assets,Total,,,,Dollars,6
GFSA.SCS02G00Z63Z99,2025.06,519449,FINAL,"Central Government, Balance Sheet, Total Assets and Non-financial Assets",Government Financial Statistics - GFS,Assets,Total,,,,Dollars,6
GFSA.SCS02G01Z92,2009.06,134234,FINAL,"Central Government, Balance Sheet, Net Balances and Memorandum Items",Government Financial Statistics - GFS,Net worth,,,,,Dollars,6
GFSA.SCS02G01Z92,2010.06,128954,FINAL,"Central Government, Balance Sheet, Net Balances and Memorandum Items",Government Financial Statistics - GFS,Net worth,,,,,Dollars,6
GFSA.SCS02G01Z92,2011.06,116511,FINAL,"Central Government, Balance Sheet, Net Balances and Memorandum Items",Government Financial Statistics - GFS,Net worth,,,,,Dollars,6
GFSA.SCS02G01Z92,2012.06,99803,FINAL,"Central Government, Balance Sheet, Net Balances and Memorandum Items",Government Financial Statistics - GFS,Net worth,,,,,Dollars,6
GFSA.SCS02G01Z92,2013.06,105893,FINAL,"Central Government, Balance Sheet, Net Balances and Memorandum Items",Government Financial Statistics - GFS,Net worth,,,,,Dollars,6
GFSA.SCS02G01Z92,2014.06,115211,FINAL,"Central Government, Balance Sheet, Net Balances and Memorandum Items",Government Financial Statistics - GFS,Net worth,,,,,Dollars,6
GFSA.SCS02G01Z92,2015.06,130366,FINAL,"Central Government, Balance Sheet, Net Balances and Memorandum Items",Government Financial Statistics - GFS,Net worth,,,,,Dollars,6
GFSA.SCS02G01Z92,2016.06,141435,FINAL,"Central Government, Balance Sheet, Net Balances and Memorandum Items",Government Financial Statistics - GFS,Net worth,,,,,Dollars,6
GFSA.SCS02G01Z92,2017.06,165048,FINAL,"Central Government, Balance Sheet, Net Balances and Memorandum Items",Government Financial Statistics - GFS,Net worth,,,,,Dollars,6
GFSA.SCS02G01Z92,2018.06,187420,REVISED,"Central Government, Balance Sheet, Net Balances and Memorandum Items",Government Financial Statistics - GFS,Net worth,,,,,Dollars,6
GFSA.SCS02G01Z92,2019.06,215871,REVISED,"Central Government, Balance Sheet, Net Balances and Memorandum Items",Government Financial Statistics - GFS,Net worth,,,,,Dollars,6
GFSA.SCS02G01Z92,2020.06,200245,REVISED,"Central Government, Balance Sheet, Net Balances and Memorandum Items",Government Financial Statistics - GFS,Net worth,,,,,Dollars,6
GFSA.SCS02G01Z92,2021.06,235475,REVISED,"Central Government, Balance Sheet, Net Balances and Memorandum Items",Government Financial Statistics - GFS,Net worth,,,,,Dollars,6
GFSA.SCS02G01Z92,2022.06,248131,REVISED,"Central Government, Balance Sheet, Net Balances and Memorandum Items",Government Financial Statistics - GFS,Net worth,,,,,Dollars,6
GFSA.SCS02G01Z92,2023.06,259512,REVISED,"Central Government, Balance Sheet, Net Balances and Memorandum Items",Government Financial Statistics - GFS,Net worth,,,,,Dollars,6
GFSA.SCS02G01Z92,2024.06,277991,REVISED,"Central Government, Balance Sheet, Net Balances and Memorandum Items",Government Financial Statistics - GFS,Net worth,,,,,Dollars,6
GFSA.SCS02G01Z92,2025.06,269149,FINAL,"Central Government, Balance Sheet, Net Balances and Memorandum Items",Government Financial Statistics - GFS,Net worth,,,,,Dollars,6
GFSA.SCS02G01Z93,2009.06,54744,FINAL,"Central Government, Balance Sheet, Net Balances and Memorandum Items",Government Financial Statistics - GFS,Net financial worth,,,,,Dollars,6
GFSA.SCS02G01Z93,2010.06,50010,FINAL,"Central Government, Balance Sheet, Net Balances and Memorandum Items",Government Financial Statistics - GFS,Net financial worth,,,,,Dollars,6
GFSA.SCS02G01Z93,2011.06,36852,FINAL,"Central Government, Balance Sheet, Net Balances and Memorandum Items",Government Financial Statistics - GFS,Net financial worth,,,,,Dollars,6
GFSA.SCS02G01Z93,2012.06,18697,FINAL,"Central Government, Balance Sheet, Net Balances and Memorandum Items",Government Financial Statistics - GFS,Net financial worth,,,,,Dollars,6
GFSA.SCS02G01Z93,2013.06,23536,FINAL,"Central Government, Balance Sheet, Net Balances and Memorandum Items",Government Financial Statistics - GFS,Net financial worth,,,,,Dollars,6
GFSA.SCS02G01Z93,2014.06,27903,FINAL,"Central Government, Balance Sheet, Net Balances and Memorandum Items",Government Financial Statistics - GFS,Net financial worth,,,,,Dollars,6
GFSA.SCS02G01Z93,2015.06,38240,FINAL,"Central Government, Balance Sheet, Net Balances and Memorandum Items",Government Financial Statistics - GFS,Net financial worth,,,,,Dollars,6
GFSA.SCS02G01Z93,2016.06,43066,FINAL,"Central Government, Balance Sheet, Net Balances and Memorandum Items",Government Financial Statistics - GFS,Net financial worth,,,,,Dollars,6
GFSA.SCS02G01Z93,2017.06,57957,FINAL,"Central Government, Balance Sheet, Net Balances and Memorandum Items",Government Financial Statistics - GFS,Net financial worth,,,,,Dollars,6
GFSA.SCS02G01Z93,2018.06,66842,REVISED,"Central Government, Balance Sheet, Net Balances and Memorandum Items",Government Financial Statistics - GFS,Net financial worth,,,,,Dollars,6
GFSA.SCS02G01Z93,2019.06,83689,REVISED,"Central Government, Balance Sheet, Net Balances and Memorandum Items",Government Financial Statistics - GFS,Net financial worth,,,,,Dollars,6
GFSA.SCS02G01Z93,2020.06,64487,REVISED,"Central Government, Balance Sheet, Net Balances and Memorandum Items",Government Financial Statistics - GFS,Net financial worth,,,,,Dollars,6
GFSA.SCS02G01Z93,2021.06,82652,REVISED,"Central Government, Balance Sheet, Net Balances and Memorandum Items",Government Financial Statistics - GFS,Net financial worth,,,,,Dollars,6
GFSA.SCS02G01Z93,2022.06,72110,REVISED,"Central Government, Balance Sheet, Net Balances and Memorandum Items",Government Financial Statistics - GFS,Net financial worth,,,,,Dollars,6
GFSA.SCS02G01Z93,2023.06,65418,REVISED,"Central Government, Balance Sheet, Net Balances and Memorandum Items",Government Financial Statistics - GFS,Net financial worth,,,,,Dollars,6
GFSA.SCS02G01Z93,2024.06,74052,REVISED,"Central Government, Balance Sheet, Net Balances and Memorandum Items",Government Financial Statistics - GFS,Net financial worth,,,,,Dollars,6
GFSA.SCS02G01Z93,2025.06,57888,FINAL,"Central Government, Balance Sheet, Net Balances and Memorandum Items",Government Financial Statistics - GFS,Net financial worth,,,,,Dollars,6
GFSA.SCS02G01Z95,2009.06,61469,FINAL,"Central Government, Balance Sheet, Net Balances and Memorandum Items",Government Financial Statistics - GFS,Gross debt,,,,,Dollars,6
GFSA.SCS02G01Z95,2010.06,70047,FINAL,"Central Government, Balance Sheet, Net Balances and Memorandum Items",Government Financial Statistics - GFS,Gross debt,,,,,Dollars,6
GFSA.SCS02G01Z95,2011.06,101727,FINAL,"Central Government, Balance Sheet, Net Balances and Memorandum Items",Government Financial Statistics - GFS,Gross debt,,,,,Dollars,6
GFSA.SCS02G01Z95,2012.06,111279,FINAL,"Central Government, Balance Sheet, Net Balances and Memorandum Items",Government Financial Statistics - GFS,Gross debt,,,,,Dollars,6
GFSA.SCS02G01Z95,2013.06,106382,FINAL,"Central Government, Balance Sheet, Net Balances and Memorandum Items",Government Financial Statistics - GFS,Gross debt,,,,,Dollars,6
GFSA.SCS02G01Z95,2014.06,105661,FINAL,"Central Government, Balance Sheet, Net Balances and Memorandum Items",Government Financial Statistics - GFS,Gross debt,,,,,Dollars,6
GFSA.SCS02G01Z95,2015.06,106411,FINAL,"Central Government, Balance Sheet, Net Balances and Memorandum Items",Government Financial Statistics - GFS,Gross debt,,,,,Dollars,6
GFSA.SCS02G01Z95,2016.06,110436,FINAL,"Central Government, Balance Sheet, Net Balances and Memorandum Items",Government Financial Statistics - GFS,Gross debt,,,,,Dollars,6
GFSA.SCS02G01Z95,2017.06,110933,FINAL,"Central Government, Balance Sheet, Net Balances and Memorandum Items",Government Financial Statistics - GFS,Gross debt,,,,,Dollars,6
GFSA.SCS02G01Z95,2018.06,109174,FINAL,"Central Government, Balance Sheet, Net Balances and Memorandum Items",Government Financial Statistics - GFS,Gross debt,,,,,Dollars,6
GFSA.SCS02G01Z95,2019.06,103884,FINAL,"Central Government, Balance Sheet, Net Balances and Memorandum Items",Government Financial Statistics - GFS,Gross debt,,,,,Dollars,6
GFSA.SCS02G01Z95,2020.06,147213,FINAL,"Central Government, Balance Sheet, Net Balances and Memorandum Items",Government Financial Statistics - GFS,Gross debt,,,,,Dollars,6
GFSA.SCS02G01Z95,2021.06,180999,FINAL,"Central Government, Balance Sheet, Net Balances and Memorandum Items",Government Financial Statistics - GFS,Gross debt,,,,,Dollars,6
GFSA.SCS02G01Z95,2022.06,204796,FINAL,"Central Government, Balance Sheet, Net Balances and Memorandum Items",Government Financial Statistics - GFS,Gross debt,,,,,Dollars,6
GFSA.SCS02G01Z95,2023.06,203550,FINAL,"Central Government, Balance Sheet, Net Balances and Memorandum Items",Government Financial Statistics - GFS,Gross debt,,,,,Dollars,6
GFSA.SCS02G01Z95,2024.06,221636,REVISED,"Central Government, Balance Sheet, Net Balances and Memorandum Items",Government Financial Statistics - GFS,Gross debt,,,,,Dollars,6
GFSA.SCS02G01Z95,2025.06,247351,FINAL,"Central Government, Balance Sheet, Net Balances and Memorandum Items",Government Financial Statistics - GFS,Gross debt,,,,,Dollars,6
GFSA.SCS02G01Z96,2009.06,2405,FINAL,"Central Government, Balance Sheet, Net Balances and Memorandum Items",Government Financial Statistics - GFS,Net debt,,,,,Dollars,6
GFSA.SCS02G01Z96,2010.06,7310,FINAL,"Central Government, Balance Sheet, Net Balances and Memorandum Items",Government Financial Statistics - GFS,Net debt,,,,,Dollars,6
GFSA.SCS02G01Z96,2011.06,23979,FINAL,"Central Government, Balance Sheet, Net Balances and Memorandum Items",Government Financial Statistics - GFS,Net debt,,,,,Dollars,6
GFSA.SCS02G01Z96,2012.06,33745,FINAL,"Central Government, Balance Sheet, Net Balances and Memorandum Items",Government Financial Statistics - GFS,Net debt,,,,,Dollars,6
GFSA.SCS02G01Z96,2013.06,31435,FINAL,"Central Government, Balance Sheet, Net Balances and Memorandum Items",Government Financial Statistics - GFS,Net debt,,,,,Dollars,6
GFSA.SCS02G01Z96,2014.06,29628,FINAL,"Central Government, Balance Sheet, Net Balances and Memorandum Items",Government Financial Statistics - GFS,Net debt,,,,,Dollars,6
GFSA.SCS02G01Z96,2015.06,25291,FINAL,"Central Government, Balance Sheet, Net Balances and Memorandum Items",Government Financial Statistics - GFS,Net debt,,,,,Dollars,6
GFSA.SCS02G01Z96,2016.06,26948,FINAL,"Central Government, Balance Sheet, Net Balances and Memorandum Items",Government Financial Statistics - GFS,Net debt,,,,,Dollars,6
GFSA.SCS02G01Z96,2017.06,22802,FINAL,"Central Government, Balance Sheet, Net Balances and Memorandum Items",Government Financial Statistics - GFS,Net debt,,,,,Dollars,6
GFSA.SCS02G01Z96,2018.06,19080,FINAL,"Central Government, Balance Sheet, Net Balances and Memorandum Items",Government Financial Statistics - GFS,Net debt,,,,,Dollars,6
GFSA.SCS02G01Z96,2019.06,16333,FINAL,"Central Government, Balance Sheet, Net Balances and Memorandum Items",Government Financial Statistics - GFS,Net debt,,,,,Dollars,6
GFSA.SCS02G01Z96,2020.06,34369,FINAL,"Central Government, Balance Sheet, Net Balances and Memorandum Items",Government Financial Statistics - GFS,Net debt,,,,,Dollars,6
GFSA.SCS02G01Z96,2021.06,37439,FINAL,"Central Government, Balance Sheet, Net Balances and Memorandum Items",Government Financial Statistics - GFS,Net debt,,,,,Dollars,6
GFSA.SCS02G01Z96,2022.06,54957,FINAL,"Central Government, Balance Sheet, Net Balances and Memorandum Items",Government Financial Statistics - GFS,Net debt,,,,,Dollars,6
GFSA.SCS02G01Z96,2023.06,65555,FINAL,"Central Government, Balance Sheet, Net Balances and Memorandum Items",Government Financial Statistics - GFS,Net debt,,,,,Dollars,6
GFSA.SCS02G01Z96,2024.06,67541,REVISED,"Central Government, Balance Sheet, Net Balances and Memorandum Items",Government Financial Statistics - GFS,Net debt,,,,,Dollars,6
GFSA.SCS02G01Z96,2025.06,90816,FINAL,"Central Government, Balance Sheet, Net Balances and Memorandum Items",Government Financial Statistics - GFS,Net debt,,,,,Dollars,6
GFSA.SCS02G01Z97,2009.06,26446,FINAL,"Central Government, Balance Sheet, Net Balances and Memorandum Items",Government Financial Statistics - GFS,ACC outstanding claims liability,,,,,Dollars,6
GFSA.SCS02G01Z97,2010.06,26997,FINAL,"Central Government, Balance Sheet, Net Balances and Memorandum Items",Government Financial Statistics - GFS,ACC outstanding claims liability,,,,,Dollars,6
GFSA.SCS02G01Z97,2011.06,26939,FINAL,"Central Government, Balance Sheet, Net Balances and Memorandum Items",Government Financial Statistics - GFS,ACC outstanding claims liability,,,,,Dollars,6
GFSA.SCS02G01Z97,2012.06,30648,FINAL,"Central Government, Balance Sheet, Net Balances and Memorandum Items",Government Financial Statistics - GFS,ACC outstanding claims liability,,,,,Dollars,6
GFSA.SCS02G01Z97,2013.06,29446,FINAL,"Central Government, Balance Sheet, Net Balances and Memorandum Items",Government Financial Statistics - GFS,ACC outstanding claims liability,,,,,Dollars,6
GFSA.SCS02G01Z97,2014.06,29948,FINAL,"Central Government, Balance Sheet, Net Balances and Memorandum Items",Government Financial Statistics - GFS,ACC outstanding claims liability,,,,,Dollars,6
GFSA.SCS02G01Z97,2015.06,32570,FINAL,"Central Government, Balance Sheet, Net Balances and Memorandum Items",Government Financial Statistics - GFS,ACC outstanding claims liability,,,,,Dollars,6
GFSA.SCS02G01Z97,2016.06,39106,FINAL,"Central Government, Balance Sheet, Net Balances and Memorandum Items",Government Financial Statistics - GFS,ACC outstanding claims liability,,,,,Dollars,6
GFSA.SCS02G01Z97,2017.06,40288,FINAL,"Central Government, Balance Sheet, Net Balances and Memorandum Items",Government Financial Statistics - GFS,ACC outstanding claims liability,,,,,Dollars,6
GFSA.SCS02G01Z97,2018.06,43313,FINAL,"Central Government, Balance Sheet, Net Balances and Memorandum Items",Government Financial Statistics - GFS,ACC outstanding claims liability,,,,,Dollars,6
GFSA.SCS02G01Z97,2019.06,56611,FINAL,"Central Government, Balance Sheet, Net Balances and Memorandum Items",Government Financial Statistics - GFS,ACC outstanding claims liability,,,,,Dollars,6
GFSA.SCS02G01Z97,2020.06,64946,FINAL,"Central Government, Balance Sheet, Net Balances and Memorandum Items",Government Financial Statistics - GFS,ACC outstanding claims liability,,,,,Dollars,6
GFSA.SCS02G01Z97,2021.06,59133,FINAL,"Central Government, Balance Sheet, Net Balances and Memorandum Items",Government Financial Statistics - GFS,ACC outstanding claims liability,,,,,Dollars,6
GFSA.SCS02G01Z97,2022.06,54116,FINAL,"Central Government, Balance Sheet, Net Balances and Memorandum Items",Government Financial Statistics - GFS,ACC outstanding claims liability,,,,,Dollars,6
GFSA.SCS02G01Z97,2023.06,55664,FINAL,"Central Government, Balance Sheet, Net Balances and Memorandum Items",Government Financial Statistics - GFS,ACC outstanding claims liability,,,,,Dollars,6
GFSA.SCS02G01Z97,2024.06,65049,FINAL,"Central Government, Balance Sheet, Net Balances and Memorandum Items",Government Financial Statistics - GFS,ACC outstanding claims liability,,,,,Dollars,6
GFSA.SCS02G01Z97,2025.06,68765,FINAL,"Central Government, Balance Sheet, Net Balances and Memorandum Items",Government Financial Statistics - GFS,ACC outstanding claims liability,,,,,Dollars,6
GFSA.SCS02G05Z623012,2009.06,15104,FINAL,"Central Government, Balance Sheet, Financial Assets",Government Financial Statistics - GFS,Financial assets,Cash,,,,Dollars,6
GFSA.SCS02G05Z623012,2010.06,15087,FINAL,"Central Government, Balance Sheet, Financial Assets",Government Financial Statistics - GFS,Financial assets,Cash,,,,Dollars,6
GFSA.SCS02G05Z623012,2011.06,22179,FINAL,"Central Government, Balance Sheet, Financial Assets",Government Financial Statistics - GFS,Financial assets,Cash,,,,Dollars,6
GFSA.SCS02G05Z623012,2012.06,18584,FINAL,"Central Government, Balance Sheet, Financial Assets",Government Financial Statistics - GFS,Financial assets,Cash,,,,Dollars,6
GFSA.SCS02G05Z623012,2013.06,16866,FINAL,"Central Government, Balance Sheet, Financial Assets",Government Financial Statistics - GFS,Financial assets,Cash,,,,Dollars,6
GFSA.SCS02G05Z623012,2014.06,14795,FINAL,"Central Government, Balance Sheet, Financial Assets",Government Financial Statistics - GFS,Financial assets,Cash,,,,Dollars,6
GFSA.SCS02G05Z623012,2015.06,14734,FINAL,"Central Government, Balance Sheet, Financial Assets",Government Financial Statistics - GFS,Financial assets,Cash,,,,Dollars,6
GFSA.SCS02G05Z623012,2016.06,15536,FINAL,"Central Government, Balance Sheet, Financial Assets",Government Financial Statistics - GFS,Financial assets,Cash,,,,Dollars,6
GFSA.SCS02G05Z623012,2017.06,17350,FINAL,"Central Government, Balance Sheet, Financial Assets",Government Financial Statistics - GFS,Financial assets,Cash,,,,Dollars,6
GFSA.SCS02G05Z623012,2018.06,19111,FINAL,"Central Government, Balance Sheet, Financial Assets",Government Financial Statistics - GFS,Financial assets,Cash,,,,Dollars,6
GFSA.SCS02G05Z623012,2019.06,16774,FINAL,"Central Government, Balance Sheet, Financial Assets",Government Financial Statistics - GFS,Financial assets,Cash,,,,Dollars,6
GFSA.SCS02G05Z623012,2020.06,32256,FINAL,"Central Government, Balance Sheet, Financial Assets",Government Financial Statistics - GFS,Financial assets,Cash,,,,Dollars,6
GFSA.SCS02G05Z623012,2021.06,55582,FINAL,"Central Government, Balance Sheet, Financial Assets",Government Financial Statistics - GFS,Financial assets,Cash,,,,Dollars,6
GFSA.SCS02G05Z623012,2022.06,47005,FINAL,"Central Government, Balance Sheet, Financial Assets",Government Financial Statistics - GFS,Financial assets,Cash,,,,Dollars,6
GFSA.SCS02G05Z623012,2023.06,36083,FINAL,"Central Government, Balance Sheet, Financial Assets",Government Financial Statistics - GFS,Financial assets,Cash,,,,Dollars,6
GFSA.SCS02G05Z623012,2024.06,43804,REVISED,"Central Government, Balance Sheet, Financial Assets",Government Financial Statistics - GFS,Financial assets,Cash,,,,Dollars,6
GFSA.SCS02G05Z623012,2025.06,37745,FINAL,"Central Government, Balance Sheet, Financial Assets",Government Financial Statistics - GFS,Financial assets,Cash,,,,Dollars,6
GFSA.SCS02G05Z623013,2009.06,12818,FINAL,"Central Government, Balance Sheet, Financial Assets",Government Financial Statistics - GFS,Financial assets,Debt securities,,,,Dollars,6
GFSA.SCS02G05Z623013,2010.06,15518,FINAL,"Central Government, Balance Sheet, Financial Assets",Government Financial Statistics - GFS,Financial assets,Debt securities,,,,Dollars,6
GFSA.SCS02G05Z623013,2011.06,15854,FINAL,"Central Government, Balance Sheet, Financial Assets",Government Financial Statistics - GFS,Financial assets,Debt securities,,,,Dollars,6
GFSA.SCS02G05Z623013,2012.06,19460,FINAL,"Central Government, Balance Sheet, Financial Assets",Government Financial Statistics - GFS,Financial assets,Debt securities,,,,Dollars,6
GFSA.SCS02G05Z623013,2013.06,18904,FINAL,"Central Government, Balance Sheet, Financial Assets",Government Financial Statistics - GFS,Financial assets,Debt securities,,,,Dollars,6
GFSA.SCS02G05Z623013,2014.06,22602,FINAL,"Central Government, Balance Sheet, Financial Assets",Government Financial Statistics - GFS,Financial assets,Debt securities,,,,Dollars,6
GFSA.SCS02G05Z623013,2015.06,25684,FINAL,"Central Government, Balance Sheet, Financial Assets",Government Financial Statistics - GFS,Financial assets,Debt securities,,,,Dollars,6
GFSA.SCS02G05Z623013,2016.06,27887,FINAL,"Central Government, Balance Sheet, Financial Assets",Government Financial Statistics - GFS,Financial assets,Debt securities,,,,Dollars,6
GFSA.SCS02G05Z623013,2017.06,29245,FINAL,"Central Government, Balance Sheet, Financial Assets",Government Financial Statistics - GFS,Financial assets,Debt securities,,,,Dollars,6
GFSA.SCS02G05Z623013,2018.06,26535,FINAL,"Central Government, Balance Sheet, Financial Assets",Government Financial Statistics - GFS,Financial assets,Debt securities,,,,Dollars,6
GFSA.SCS02G05Z623013,2019.06,23789,FINAL,"Central Government, Balance Sheet, Financial Assets",Government Financial Statistics - GFS,Financial assets,Debt securities,,,,Dollars,6
GFSA.SCS02G05Z623013,2020.06,27888,FINAL,"Central Government, Balance Sheet, Financial Assets",Government Financial Statistics - GFS,Financial assets,Debt securities,,,,Dollars,6
GFSA.SCS02G05Z623013,2021.06,31542,FINAL,"Central Government, Balance Sheet, Financial Assets",Government Financial Statistics - GFS,Financial assets,Debt securities,,,,Dollars,6
GFSA.SCS02G05Z623013,2022.06,34943,FINAL,"Central Government, Balance Sheet, Financial Assets",Government Financial Statistics - GFS,Financial assets,Debt securities,,,,Dollars,6
GFSA.SCS02G05Z623013,2023.06,32882,FINAL,"Central Government, Balance Sheet, Financial Assets",Government Financial Statistics - GFS,Financial assets,Debt securities,,,,Dollars,6
GFSA.SCS02G05Z623013,2024.06,32580,FINAL,"Central Government, Balance Sheet, Financial Assets",Government Financial Statistics - GFS,Financial assets,Debt securities,,,,Dollars,6
GFSA.SCS02G05Z623013,2025.06,37697,FINAL,"Central Government, Balance Sheet, Financial Assets",Government Financial Statistics - GFS,Financial assets,Debt securities,,,,Dollars,6
GFSA.SCS02G05Z623014,2009.06,16029,FINAL,"Central Government, Balance Sheet, Financial Assets",Government Financial Statistics - GFS,Financial assets,Loans,,,,Dollars,6
GFSA.SCS02G05Z623014,2010.06,16929,FINAL,"Central Government, Balance Sheet, Financial Assets",Government Financial Statistics - GFS,Financial assets,Loans,,,,Dollars,6
GFSA.SCS02G05Z623014,2011.06,17943,FINAL,"Central Government, Balance Sheet, Financial Assets",Government Financial Statistics - GFS,Financial assets,Loans,,,,Dollars,6
GFSA.SCS02G05Z623014,2012.06,18513,FINAL,"Central Government, Balance Sheet, Financial Assets",Government Financial Statistics - GFS,Financial assets,Loans,,,,Dollars,6
GFSA.SCS02G05Z623014,2013.06,18472,FINAL,"Central Government, Balance Sheet, Financial Assets",Government Financial Statistics - GFS,Financial assets,Loans,,,,Dollars,6
GFSA.SCS02G05Z623014,2014.06,19434,FINAL,"Central Government, Balance Sheet, Financial Assets",Government Financial Statistics - GFS,Financial assets,Loans,,,,Dollars,6
GFSA.SCS02G05Z623014,2015.06,20929,FINAL,"Central Government, Balance Sheet, Financial Assets",Government Financial Statistics - GFS,Financial assets,Loans,,,,Dollars,6
GFSA.SCS02G05Z623014,2016.06,21930,FINAL,"Central Government, Balance Sheet, Financial Assets",Government Financial Statistics - GFS,Financial assets,Loans,,,,Dollars,6
GFSA.SCS02G05Z623014,2017.06,21674,FINAL,"Central Government, Balance Sheet, Financial Assets",Government Financial Statistics - GFS,Financial assets,Loans,,,,Dollars,6
GFSA.SCS02G05Z623014,2018.06,21781,FINAL,"Central Government, Balance Sheet, Financial Assets",Government Financial Statistics - GFS,Financial assets,Loans,,,,Dollars,6
GFSA.SCS02G05Z623014,2019.06,21590,FINAL,"Central Government, Balance Sheet, Financial Assets",Government Financial Statistics - GFS,Financial assets,Loans,,,,Dollars,6
GFSA.SCS02G05Z623014,2020.06,24848,FINAL,"Central Government, Balance Sheet, Financial Assets",Government Financial Statistics - GFS,Financial assets,Loans,,,,Dollars,6
GFSA.SCS02G05Z623014,2021.06,27140,FINAL,"Central Government, Balance Sheet, Financial Assets",Government Financial Statistics - GFS,Financial assets,Loans,,,,Dollars,6
GFSA.SCS02G05Z623014,2022.06,25967,FINAL,"Central Government, Balance Sheet, Financial Assets",Government Financial Statistics - GFS,Financial assets,Loans,,,,Dollars,6
GFSA.SCS02G05Z623014,2023.06,29582,FINAL,"Central Government, Balance Sheet, Financial Assets",Government Financial Statistics - GFS,Financial assets,Loans,,,,Dollars,6
GFSA.SCS02G05Z623014,2024.06,35322,FINAL,"Central Government, Balance Sheet, Financial Assets",Government Financial Statistics - GFS,Financial assets,Loans,,,,Dollars,6
GFSA.SCS02G05Z623014,2025.06,40072,FINAL,"Central Government, Balance Sheet, Financial Assets",Government Financial Statistics - GFS,Financial assets,Loans,,,,Dollars,6
GFSA.SCS02G05Z623015,2009.06,13190,FINAL,"Central Government, Balance Sheet, Financial Assets",Government Financial Statistics - GFS,Financial assets,Shares and other equity,,,,Dollars,6
GFSA.SCS02G05Z623015,2010.06,14223,FINAL,"Central Government, Balance Sheet, Financial Assets",Government Financial Statistics - GFS,Financial assets,Shares and other equity,,,,Dollars,6
GFSA.SCS02G05Z623015,2011.06,16248,FINAL,"Central Government, Balance Sheet, Financial Assets",Government Financial Statistics - GFS,Financial assets,Shares and other equity,,,,Dollars,6
GFSA.SCS02G05Z623015,2012.06,16430,FINAL,"Central Government, Balance Sheet, Financial Assets",Government Financial Statistics - GFS,Financial assets,Shares and other equity,,,,Dollars,6
GFSA.SCS02G05Z623015,2013.06,19614,FINAL,"Central Government, Balance Sheet, Financial Assets",Government Financial Statistics - GFS,Financial assets,Shares and other equity,,,,Dollars,6
GFSA.SCS02G05Z623015,2014.06,22942,FINAL,"Central Government, Balance Sheet, Financial Assets",Government Financial Statistics - GFS,Financial assets,Shares and other equity,,,,Dollars,6
GFSA.SCS02G05Z623015,2015.06,28758,FINAL,"Central Government, Balance Sheet, Financial Assets",Government Financial Statistics - GFS,Financial assets,Shares and other equity,,,,Dollars,6
GFSA.SCS02G05Z623015,2016.06,27894,FINAL,"Central Government, Balance Sheet, Financial Assets",Government Financial Statistics - GFS,Financial assets,Shares and other equity,,,,Dollars,6
GFSA.SCS02G05Z623015,2017.06,35235,FINAL,"Central Government, Balance Sheet, Financial Assets",Government Financial Statistics - GFS,Financial assets,Shares and other equity,,,,Dollars,6
GFSA.SCS02G05Z623015,2018.06,41182,REVISED,"Central Government, Balance Sheet, Financial Assets",Government Financial Statistics - GFS,Financial assets,Shares and other equity,,,,Dollars,6
GFSA.SCS02G05Z623015,2019.06,45965,REVISED,"Central Government, Balance Sheet, Financial Assets",Government Financial Statistics - GFS,Financial assets,Shares and other equity,,,,Dollars,6
GFSA.SCS02G05Z623015,2020.06,41846,REVISED,"Central Government, Balance Sheet, Financial Assets",Government Financial Statistics - GFS,Financial assets,Shares and other equity,,,,Dollars,6
GFSA.SCS02G05Z623015,2021.06,57537,REVISED,"Central Government, Balance Sheet, Financial Assets",Government Financial Statistics - GFS,Financial assets,Shares and other equity,,,,Dollars,6
GFSA.SCS02G05Z623015,2022.06,56567,REVISED,"Central Government, Balance Sheet, Financial Assets",Government Financial Statistics - GFS,Financial assets,Shares and other equity,,,,Dollars,6
GFSA.SCS02G05Z623015,2023.06,58644,REVISED,"Central Government, Balance Sheet, Financial Assets",Government Financial Statistics - GFS,Financial assets,Shares and other equity,,,,Dollars,6
GFSA.SCS02G05Z623015,2024.06,64018,REVISED,"Central Government, Balance Sheet, Financial Assets",Government Financial Statistics - GFS,Financial assets,Shares and other equity,,,,Dollars,6
GFSA.SCS02G05Z623015,2025.06,71099,FINAL,"Central Government, Balance Sheet, Financial Assets",Government Financial Statistics - GFS,Financial assets,Shares and other equity,,,,Dollars,6
GFSA.SCS02G05Z623016,2009.06,0,FINAL,"Central Government, Balance Sheet, Financial Assets",Government Financial Statistics - GFS,Financial assets,Insurance technical reserves,,,,Dollars,6
GFSA.SCS02G05Z623016,2010.06,0,FINAL,"Central Government, Balance Sheet, Financial Assets",Government Financial Statistics - GFS,Financial assets,Insurance technical reserves,,,,Dollars,6
GFSA.SCS02G05Z623016,2011.06,4229,FINAL,"Central Government, Balance Sheet, Financial Assets",Government Financial Statistics - GFS,Financial assets,Insurance technical reserves,,,,Dollars,6
GFSA.SCS02G05Z623016,2012.06,4074,FINAL,"Central Government, Balance Sheet, Financial Assets",Government Financial Statistics - GFS,Financial assets,Insurance technical reserves,,,,Dollars,6
GFSA.SCS02G05Z623016,2013.06,2810,FINAL,"Central Government, Balance Sheet, Financial Assets",Government Financial Statistics - GFS,Financial assets,Insurance technical reserves,,,,Dollars,6
GFSA.SCS02G05Z623016,2014.06,1228,FINAL,"Central Government, Balance Sheet, Financial Assets",Government Financial Statistics - GFS,Financial assets,Insurance technical reserves,,,,Dollars,6
GFSA.SCS02G05Z623016,2015.06,966,FINAL,"Central Government, Balance Sheet, Financial Assets",Government Financial Statistics - GFS,Financial assets,Insurance technical reserves,,,,Dollars,6
GFSA.SCS02G05Z623016,2016.06,535,FINAL,"Central Government, Balance Sheet, Financial Assets",Government Financial Statistics - GFS,Financial assets,Insurance technical reserves,,,,Dollars,6
GFSA.SCS02G05Z623016,2017.06,207,FINAL,"Central Government, Balance Sheet, Financial Assets",Government Financial Statistics - GFS,Financial assets,Insurance technical reserves,,,,Dollars,6
GFSA.SCS02G05Z623016,2018.06,229,FINAL,"Central Government, Balance Sheet, Financial Assets",Government Financial Statistics - GFS,Financial assets,Insurance technical reserves,,,,Dollars,6
GFSA.SCS02G05Z623016,2019.06,470,FINAL,"Central Government, Balance Sheet, Financial Assets",Government Financial Statistics - GFS,Financial assets,Insurance technical reserves,,,,Dollars,6
GFSA.SCS02G05Z623016,2020.06,524,FINAL,"Central Government, Balance Sheet, Financial Assets",Government Financial Statistics - GFS,Financial assets,Insurance technical reserves,,,,Dollars,6
GFSA.SCS02G05Z623016,2021.06,200,FINAL,"Central Government, Balance Sheet, Financial Assets",Government Financial Statistics - GFS,Financial assets,Insurance technical reserves,,,,Dollars,6
GFSA.SCS02G05Z623016,2022.06,150,FINAL,"Central Government, Balance Sheet, Financial Assets",Government Financial Statistics - GFS,Financial assets,Insurance technical reserves,,,,Dollars,6
GFSA.SCS02G05Z623016,2023.06,130,FINAL,"Central Government, Balance Sheet, Financial Assets",Government Financial Statistics - GFS,Financial assets,Insurance technical reserves,,,,Dollars,6
GFSA.SCS02G05Z623016,2024.06,137,FINAL,"Central Government, Balance Sheet, Financial Assets",Government Financial Statistics - GFS,Financial assets,Insurance technical reserves,,,,Dollars,6
GFSA.SCS02G05Z623016,2025.06,111,FINAL,"Central Government, Balance Sheet, Financial Assets",Government Financial Statistics - GFS,Financial assets,Insurance technical reserves,,,,Dollars,6
GFSA.SCS02G05Z623017,2009.06,42159,FINAL,"Central Government, Balance Sheet, Financial Assets",Government Financial Statistics - GFS,Financial assets,Equity accounted investments,,,,Dollars,6
GFSA.SCS02G05Z623017,2010.06,41756,FINAL,"Central Government, Balance Sheet, Financial Assets",Government Financial Statistics - GFS,Financial assets,Equity accounted investments,,,,Dollars,6
GFSA.SCS02G05Z623017,2011.06,42287,FINAL,"Central Government, Balance Sheet, Financial Assets",Government Financial Statistics - GFS,Financial assets,Equity accounted investments,,,,Dollars,6
GFSA.SCS02G05Z623017,2012.06,34170,FINAL,"Central Government, Balance Sheet, Financial Assets",Government Financial Statistics - GFS,Financial assets,Equity accounted investments,,,,Dollars,6
GFSA.SCS02G05Z623017,2013.06,34680,FINAL,"Central Government, Balance Sheet, Financial Assets",Government Financial Statistics - GFS,Financial assets,Equity accounted investments,,,,Dollars,6
GFSA.SCS02G05Z623017,2014.06,33023,FINAL,"Central Government, Balance Sheet, Financial Assets",Government Financial Statistics - GFS,Financial assets,Equity accounted investments,,,,Dollars,6
GFSA.SCS02G05Z623017,2015.06,36307,FINAL,"Central Government, Balance Sheet, Financial Assets",Government Financial Statistics - GFS,Financial assets,Equity accounted investments,,,,Dollars,6
GFSA.SCS02G05Z623017,2016.06,39808,FINAL,"Central Government, Balance Sheet, Financial Assets",Government Financial Statistics - GFS,Financial assets,Equity accounted investments,,,,Dollars,6
GFSA.SCS02G05Z623017,2017.06,43900,FINAL,"Central Government, Balance Sheet, Financial Assets",Government Financial Statistics - GFS,Financial assets,Equity accounted investments,,,,Dollars,6
GFSA.SCS02G05Z623017,2018.06,45622,REVISED,"Central Government, Balance Sheet, Financial Assets",Government Financial Statistics - GFS,Financial assets,Equity accounted investments,,,,Dollars,6
GFSA.SCS02G05Z623017,2019.06,52144,REVISED,"Central Government, Balance Sheet, Financial Assets",Government Financial Statistics - GFS,Financial assets,Equity accounted investments,,,,Dollars,6
GFSA.SCS02G05Z623017,2020.06,53493,REVISED,"Central Government, Balance Sheet, Financial Assets",Government Financial Statistics - GFS,Financial assets,Equity accounted investments,,,,Dollars,6
GFSA.SCS02G05Z623017,2021.06,62162,REVISED,"Central Government, Balance Sheet, Financial Assets",Government Financial Statistics - GFS,Financial assets,Equity accounted investments,,,,Dollars,6
GFSA.SCS02G05Z623017,2022.06,74050,REVISED,"Central Government, Balance Sheet, Financial Assets",Government Financial Statistics - GFS,Financial assets,Equity accounted investments,,,,Dollars,6
GFSA.SCS02G05Z623017,2023.06,72248,REVISED,"Central Government, Balance Sheet, Financial Assets",Government Financial Statistics - GFS,Financial assets,Equity accounted investments,,,,Dollars,6
GFSA.SCS02G05Z623017,2024.06,76623,REVISED,"Central Government, Balance Sheet, Financial Assets",Government Financial Statistics - GFS,Financial assets,Equity accounted investments,,,,Dollars,6
GFSA.SCS02G05Z623017,2025.06,76237,FINAL,"Central Government, Balance Sheet, Financial Assets",Government Financial Statistics - GFS,Financial assets,Equity accounted investments,,,,Dollars,6
GFSA.SCS02G05Z623022,2009.06,2396,FINAL,"Central Government, Balance Sheet, Financial Assets",Government Financial Statistics - GFS,Financial assets,Financial derivatives,,,,Dollars,6
GFSA.SCS02G05Z623022,2010.06,2078,FINAL,"Central Government, Balance Sheet, Financial Assets",Government Financial Statistics - GFS,Financial assets,Financial derivatives,,,,Dollars,6
GFSA.SCS02G05Z623022,2011.06,3112,FINAL,"Central Government, Balance Sheet, Financial Assets",Government Financial Statistics - GFS,Financial assets,Financial derivatives,,,,Dollars,6
GFSA.SCS02G05Z623022,2012.06,2913,FINAL,"Central Government, Balance Sheet, Financial Assets",Government Financial Statistics - GFS,Financial assets,Financial derivatives,,,,Dollars,6
GFSA.SCS02G05Z623022,2013.06,2428,FINAL,"Central Government, Balance Sheet, Financial Assets",Government Financial Statistics - GFS,Financial assets,Financial derivatives,,,,Dollars,6
GFSA.SCS02G05Z623022,2014.06,2475,FINAL,"Central Government, Balance Sheet, Financial Assets",Government Financial Statistics - GFS,Financial assets,Financial derivatives,,,,Dollars,6
GFSA.SCS02G05Z623022,2015.06,1697,FINAL,"Central Government, Balance Sheet, Financial Assets",Government Financial Statistics - GFS,Financial assets,Financial derivatives,,,,Dollars,6
GFSA.SCS02G05Z623022,2016.06,4227,FINAL,"Central Government, Balance Sheet, Financial Assets",Government Financial Statistics - GFS,Financial assets,Financial derivatives,,,,Dollars,6
GFSA.SCS02G05Z623022,2017.06,3093,FINAL,"Central Government, Balance Sheet, Financial Assets",Government Financial Statistics - GFS,Financial assets,Financial derivatives,,,,Dollars,6
GFSA.SCS02G05Z623022,2018.06,2098,FINAL,"Central Government, Balance Sheet, Financial Assets",Government Financial Statistics - GFS,Financial assets,Financial derivatives,,,,Dollars,6
GFSA.SCS02G05Z623022,2019.06,3984,FINAL,"Central Government, Balance Sheet, Financial Assets",Government Financial Statistics - GFS,Financial assets,Financial derivatives,,,,Dollars,6
GFSA.SCS02G05Z623022,2020.06,6550,FINAL,"Central Government, Balance Sheet, Financial Assets",Government Financial Statistics - GFS,Financial assets,Financial derivatives,,,,Dollars,6
GFSA.SCS02G05Z623022,2021.06,3618,FINAL,"Central Government, Balance Sheet, Financial Assets",Government Financial Statistics - GFS,Financial assets,Financial derivatives,,,,Dollars,6
GFSA.SCS02G05Z623022,2022.06,4013,FINAL,"Central Government, Balance Sheet, Financial Assets",Government Financial Statistics - GFS,Financial assets,Financial derivatives,,,,Dollars,6
GFSA.SCS02G05Z623022,2023.06,4764,FINAL,"Central Government, Balance Sheet, Financial Assets",Government Financial Statistics - GFS,Financial assets,Financial derivatives,,,,Dollars,6
GFSA.SCS02G05Z623022,2024.06,3931,FINAL,"Central Government, Balance Sheet, Financial Assets",Government Financial Statistics - GFS,Financial assets,Financial derivatives,,,,Dollars,6
GFSA.SCS02G05Z623022,2025.06,4315,FINAL,"Central Government, Balance Sheet, Financial Assets",Government Financial Statistics - GFS,Financial assets,Financial derivatives,,,,Dollars,6
GFSA.SCS02G05Z623023,2009.06,14659,FINAL,"Central Government, Balance Sheet, Financial Assets",Government Financial Statistics - GFS,Financial assets,Other accounts receivable,,,,Dollars,6
GFSA.SCS02G05Z623023,2010.06,13004,FINAL,"Central Government, Balance Sheet, Financial Assets",Government Financial Statistics - GFS,Financial assets,Other accounts receivable,,,,Dollars,6
GFSA.SCS02G05Z623023,2011.06,15376,FINAL,"Central Government, Balance Sheet, Financial Assets",Government Financial Statistics - GFS,Financial assets,Other accounts receivable,,,,Dollars,6
GFSA.SCS02G05Z623023,2012.06,14654,FINAL,"Central Government, Balance Sheet, Financial Assets",Government Financial Statistics - GFS,Financial assets,Other accounts receivable,,,,Dollars,6
GFSA.SCS02G05Z623023,2013.06,15605,FINAL,"Central Government, Balance Sheet, Financial Assets",Government Financial Statistics - GFS,Financial assets,Other accounts receivable,,,,Dollars,6
GFSA.SCS02G05Z623023,2014.06,15831,FINAL,"Central Government, Balance Sheet, Financial Assets",Government Financial Statistics - GFS,Financial assets,Other accounts receivable,,,,Dollars,6
GFSA.SCS02G05Z623023,2015.06,16508,FINAL,"Central Government, Balance Sheet, Financial Assets",Government Financial Statistics - GFS,Financial assets,Other accounts receivable,,,,Dollars,6
GFSA.SCS02G05Z623023,2016.06,15702,FINAL,"Central Government, Balance Sheet, Financial Assets",Government Financial Statistics - GFS,Financial assets,Other accounts receivable,,,,Dollars,6
GFSA.SCS02G05Z623023,2017.06,17818,FINAL,"Central Government, Balance Sheet, Financial Assets",Government Financial Statistics - GFS,Financial assets,Other accounts receivable,,,,Dollars,6
GFSA.SCS02G05Z623023,2018.06,20384,FINAL,"Central Government, Balance Sheet, Financial Assets",Government Financial Statistics - GFS,Financial assets,Other accounts receivable,,,,Dollars,6
GFSA.SCS02G05Z623023,2019.06,22601,FINAL,"Central Government, Balance Sheet, Financial Assets",Government Financial Statistics - GFS,Financial assets,Other accounts receivable,,,,Dollars,6
GFSA.SCS02G05Z623023,2020.06,24791,FINAL,"Central Government, Balance Sheet, Financial Assets",Government Financial Statistics - GFS,Financial assets,Other accounts receivable,,,,Dollars,6
GFSA.SCS02G05Z623023,2021.06,26616,FINAL,"Central Government, Balance Sheet, Financial Assets",Government Financial Statistics - GFS,Financial assets,Other accounts receivable,,,,Dollars,6
GFSA.SCS02G05Z623023,2022.06,36452,FINAL,"Central Government, Balance Sheet, Financial Assets",Government Financial Statistics - GFS,Financial assets,Other accounts receivable,,,,Dollars,6
GFSA.SCS02G05Z623023,2023.06,33729,FINAL,"Central Government, Balance Sheet, Financial Assets",Government Financial Statistics - GFS,Financial assets,Other accounts receivable,,,,Dollars,6
GFSA.SCS02G05Z623023,2024.06,36731,REVISED,"Central Government, Balance Sheet, Financial Assets",Government Financial Statistics - GFS,Financial assets,Other accounts receivable,,,,Dollars,6
GFSA.SCS02G05Z623023,2025.06,35190,FINAL,"Central Government, Balance Sheet, Financial Assets",Government Financial Statistics - GFS,Financial assets,Other accounts receivable,,,,Dollars,6
GFSA.SCS02G05Z623025,2009.06,454,FINAL,"Central Government, Balance Sheet, Financial Assets",Government Financial Statistics - GFS,Financial assets,Special drawing rights (SDRs),,,,Dollars,6
GFSA.SCS02G05Z623025,2010.06,2199,FINAL,"Central Government, Balance Sheet, Financial Assets",Government Financial Statistics - GFS,Financial assets,Special drawing rights (SDRs),,,,Dollars,6
GFSA.SCS02G05Z623025,2011.06,2168,FINAL,"Central Government, Balance Sheet, Financial Assets",Government Financial Statistics - GFS,Financial assets,Special drawing rights (SDRs),,,,Dollars,6
GFSA.SCS02G05Z623025,2012.06,2249,FINAL,"Central Government, Balance Sheet, Financial Assets",Government Financial Statistics - GFS,Financial assets,Special drawing rights (SDRs),,,,Dollars,6
GFSA.SCS02G05Z623025,2013.06,2291,FINAL,"Central Government, Balance Sheet, Financial Assets",Government Financial Statistics - GFS,Financial assets,Special drawing rights (SDRs),,,,Dollars,6
GFSA.SCS02G05Z623025,2014.06,2142,FINAL,"Central Government, Balance Sheet, Financial Assets",Government Financial Statistics - GFS,Financial assets,Special drawing rights (SDRs),,,,Dollars,6
GFSA.SCS02G05Z623025,2015.06,2299,FINAL,"Central Government, Balance Sheet, Financial Assets",Government Financial Statistics - GFS,Financial assets,Special drawing rights (SDRs),,,,Dollars,6
GFSA.SCS02G05Z623025,2016.06,1897,FINAL,"Central Government, Balance Sheet, Financial Assets",Government Financial Statistics - GFS,Financial assets,Special drawing rights (SDRs),,,,Dollars,6
GFSA.SCS02G05Z623025,2017.06,1837,FINAL,"Central Government, Balance Sheet, Financial Assets",Government Financial Statistics - GFS,Financial assets,Special drawing rights (SDRs),,,,Dollars,6
GFSA.SCS02G05Z623025,2018.06,2053,FINAL,"Central Government, Balance Sheet, Financial Assets",Government Financial Statistics - GFS,Financial assets,Special drawing rights (SDRs),,,,Dollars,6
GFSA.SCS02G05Z623025,2019.06,2327,FINAL,"Central Government, Balance Sheet, Financial Assets",Government Financial Statistics - GFS,Financial assets,Special drawing rights (SDRs),,,,Dollars,6
GFSA.SCS02G05Z623025,2020.06,2538,FINAL,"Central Government, Balance Sheet, Financial Assets",Government Financial Statistics - GFS,Financial assets,Special drawing rights (SDRs),,,,Dollars,6
GFSA.SCS02G05Z623025,2021.06,2479,FINAL,"Central Government, Balance Sheet, Financial Assets",Government Financial Statistics - GFS,Financial assets,Special drawing rights (SDRs),,,,Dollars,6
GFSA.SCS02G05Z623025,2022.06,5324,FINAL,"Central Government, Balance Sheet, Financial Assets",Government Financial Statistics - GFS,Financial assets,Special drawing rights (SDRs),,,,Dollars,6
GFSA.SCS02G05Z623025,2023.06,5588,FINAL,"Central Government, Balance Sheet, Financial Assets",Government Financial Statistics - GFS,Financial assets,Special drawing rights (SDRs),,,,Dollars,6
GFSA.SCS02G05Z623025,2024.06,5522,FINAL,"Central Government, Balance Sheet, Financial Assets",Government Financial Statistics - GFS,Financial assets,Special drawing rights (SDRs),,,,Dollars,6
GFSA.SCS02G05Z623025,2025.06,5720,FINAL,"Central Government, Balance Sheet, Financial Assets",Government Financial Statistics - GFS,Financial assets,Special drawing rights (SDRs),,,,Dollars,6
GFSA.SCS02G05Z629999,2009.06,116808,FINAL,"Central Government, Balance Sheet, Financial Assets",Government Financial Statistics - GFS,Financial assets,Total,,,,Dollars,6
GFSA.SCS02G05Z629999,2010.06,120794,FINAL,"Central Government, Balance Sheet, Financial Assets",Government Financial Statistics - GFS,Financial assets,Total,,,,Dollars,6
GFSA.SCS02G05Z629999,2011.06,139396,FINAL,"Central Government, Balance Sheet, Financial Assets",Government Financial Statistics - GFS,Financial assets,Total,,,,Dollars,6
GFSA.SCS02G05Z629999,2012.06,131047,FINAL,"Central Government, Balance Sheet, Financial Assets",Government Financial Statistics - GFS,Financial assets,Total,,,,Dollars,6
GFSA.SCS02G05Z629999,2013.06,131669,FINAL,"Central Government, Balance Sheet, Financial Assets",Government Financial Statistics - GFS,Financial assets,Total,,,,Dollars,6
GFSA.SCS02G05Z629999,2014.06,134473,FINAL,"Central Government, Balance Sheet, Financial Assets",Government Financial Statistics - GFS,Financial assets,Total,,,,Dollars,6
GFSA.SCS02G05Z629999,2015.06,147882,FINAL,"Central Government, Balance Sheet, Financial Assets",Government Financial Statistics - GFS,Financial assets,Total,,,,Dollars,6
GFSA.SCS02G05Z629999,2016.06,155417,FINAL,"Central Government, Balance Sheet, Financial Assets",Government Financial Statistics - GFS,Financial assets,Total,,,,Dollars,6
GFSA.SCS02G05Z629999,2017.06,170359,FINAL,"Central Government, Balance Sheet, Financial Assets",Government Financial Statistics - GFS,Financial assets,Total,,,,Dollars,6
GFSA.SCS02G05Z629999,2018.06,178995,REVISED,"Central Government, Balance Sheet, Financial Assets",Government Financial Statistics - GFS,Financial assets,Total,,,,Dollars,6
GFSA.SCS02G05Z629999,2019.06,189644,REVISED,"Central Government, Balance Sheet, Financial Assets",Government Financial Statistics - GFS,Financial assets,Total,,,,Dollars,6
GFSA.SCS02G05Z629999,2020.06,214734,REVISED,"Central Government, Balance Sheet, Financial Assets",Government Financial Statistics - GFS,Financial assets,Total,,,,Dollars,6
GFSA.SCS02G05Z629999,2021.06,266876,REVISED,"Central Government, Balance Sheet, Financial Assets",Government Financial Statistics - GFS,Financial assets,Total,,,,Dollars,6
GFSA.SCS02G05Z629999,2022.06,284470,REVISED,"Central Government, Balance Sheet, Financial Assets",Government Financial Statistics - GFS,Financial assets,Total,,,,Dollars,6
GFSA.SCS02G05Z629999,2023.06,273651,REVISED,"Central Government, Balance Sheet, Financial Assets",Government Financial Statistics - GFS,Financial assets,Total,,,,Dollars,6
GFSA.SCS02G05Z629999,2024.06,298666,REVISED,"Central Government, Balance Sheet, Financial Assets",Government Financial Statistics - GFS,Financial assets,Total,,,,Dollars,6
GFSA.SCS02G05Z629999,2025.06,308188,FINAL,"Central Government, Balance Sheet, Financial Assets",Government Financial Statistics - GFS,Financial assets,Total,,,,Dollars,6
GFSA.SCS02G06Z616111,2009.06,41560,FINAL,"Central Government, Balance Sheet, Fixed Assets",Government Financial Statistics - GFS,Non-financial assets,Fixed assets,Buildings and structures,,,Dollars,6
GFSA.SCS02G06Z616111,2010.06,40907,FINAL,"Central Government, Balance Sheet, Fixed Assets",Government Financial Statistics - GFS,Non-financial assets,Fixed assets,Buildings and structures,,,Dollars,6
GFSA.SCS02G06Z616111,2011.06,42743,FINAL,"Central Government, Balance Sheet, Fixed Assets",Government Financial Statistics - GFS,Non-financial assets,Fixed assets,Buildings and structures,,,Dollars,6
GFSA.SCS02G06Z616111,2012.06,44408,FINAL,"Central Government, Balance Sheet, Fixed Assets",Government Financial Statistics - GFS,Non-financial assets,Fixed assets,Buildings and structures,,,Dollars,6
GFSA.SCS02G06Z616111,2013.06,45668,FINAL,"Central Government, Balance Sheet, Fixed Assets",Government Financial Statistics - GFS,Non-financial assets,Fixed assets,Buildings and structures,,,Dollars,6
GFSA.SCS02G06Z616111,2014.06,48892,FINAL,"Central Government, Balance Sheet, Fixed Assets",Government Financial Statistics - GFS,Non-financial assets,Fixed assets,Buildings and structures,,,Dollars,6
GFSA.SCS02G06Z616111,2015.06,52006,FINAL,"Central Government, Balance Sheet, Fixed Assets",Government Financial Statistics - GFS,Non-financial assets,Fixed assets,Buildings and structures,,,Dollars,6
GFSA.SCS02G06Z616111,2016.06,55619,FINAL,"Central Government, Balance Sheet, Fixed Assets",Government Financial Statistics - GFS,Non-financial assets,Fixed assets,Buildings and structures,,,Dollars,6
GFSA.SCS02G06Z616111,2017.06,60931,FINAL,"Central Government, Balance Sheet, Fixed Assets",Government Financial Statistics - GFS,Non-financial assets,Fixed assets,Buildings and structures,,,Dollars,6
GFSA.SCS02G06Z616111,2018.06,70755,REVISED,"Central Government, Balance Sheet, Fixed Assets",Government Financial Statistics - GFS,Non-financial assets,Fixed assets,Buildings and structures,,,Dollars,6
GFSA.SCS02G06Z616111,2019.06,78992,REVISED,"Central Government, Balance Sheet, Fixed Assets",Government Financial Statistics - GFS,Non-financial assets,Fixed assets,Buildings and structures,,,Dollars,6
GFSA.SCS02G06Z616111,2020.06,81453,REVISED,"Central Government, Balance Sheet, Fixed Assets",Government Financial Statistics - GFS,Non-financial assets,Fixed assets,Buildings and structures,,,Dollars,6
GFSA.SCS02G06Z616111,2021.06,90890,REVISED,"Central Government, Balance Sheet, Fixed Assets",Government Financial Statistics - GFS,Non-financial assets,Fixed assets,Buildings and structures,,,Dollars,6
GFSA.SCS02G06Z616111,2022.06,105223,REVISED,"Central Government, Balance Sheet, Fixed Assets",Government Financial Statistics - GFS,Non-financial assets,Fixed assets,Buildings and structures,,,Dollars,6
GFSA.SCS02G06Z616111,2023.06,122649,REVISED,"Central Government, Balance Sheet, Fixed Assets",Government Financial Statistics - GFS,Non-financial assets,Fixed assets,Buildings and structures,,,Dollars,6
GFSA.SCS02G06Z616111,2024.06,129511,REVISED,"Central Government, Balance Sheet, Fixed Assets",Government Financial Statistics - GFS,Non-financial assets,Fixed assets,Buildings and structures,,,Dollars,6
GFSA.SCS02G06Z616111,2025.06,134204,FINAL,"Central Government, Balance Sheet, Fixed Assets",Government Financial Statistics - GFS,Non-financial assets,Fixed assets,Buildings and structures,,,Dollars,6
GFSA.SCS02G06Z616112,2009.06,2990,FINAL,"Central Government, Balance Sheet, Fixed Assets",Government Financial Statistics - GFS,Non-financial assets,Fixed assets,Machinery and equipment,,,Dollars,6
GFSA.SCS02G06Z616112,2010.06,3689,FINAL,"Central Government, Balance Sheet, Fixed Assets",Government Financial Statistics - GFS,Non-financial assets,Fixed assets,Machinery and equipment,,,Dollars,6
GFSA.SCS02G06Z616112,2011.06,3144,FINAL,"Central Government, Balance Sheet, Fixed Assets",Government Financial Statistics - GFS,Non-financial assets,Fixed assets,Machinery and equipment,,,Dollars,6
GFSA.SCS02G06Z616112,2012.06,3001,FINAL,"Central Government, Balance Sheet, Fixed Assets",Government Financial Statistics - GFS,Non-financial assets,Fixed assets,Machinery and equipment,,,Dollars,6
GFSA.SCS02G06Z616112,2013.06,2926,FINAL,"Central Government, Balance Sheet, Fixed Assets",Government Financial Statistics - GFS,Non-financial assets,Fixed assets,Machinery and equipment,,,Dollars,6
GFSA.SCS02G06Z616112,2014.06,2939,FINAL,"Central Government, Balance Sheet, Fixed Assets",Government Financial Statistics - GFS,Non-financial assets,Fixed assets,Machinery and equipment,,,Dollars,6
GFSA.SCS02G06Z616112,2015.06,2933,FINAL,"Central Government, Balance Sheet, Fixed Assets",Government Financial Statistics - GFS,Non-financial assets,Fixed assets,Machinery and equipment,,,Dollars,6
GFSA.SCS02G06Z616112,2016.06,3017,FINAL,"Central Government, Balance Sheet, Fixed Assets",Government Financial Statistics - GFS,Non-financial assets,Fixed assets,Machinery and equipment,,,Dollars,6
GFSA.SCS02G06Z616112,2017.06,3163,FINAL,"Central Government, Balance Sheet, Fixed Assets",Government Financial Statistics - GFS,Non-financial assets,Fixed assets,Machinery and equipment,,,Dollars,6
GFSA.SCS02G06Z616112,2018.06,3379,FINAL,"Central Government, Balance Sheet, Fixed Assets",Government Financial Statistics - GFS,Non-financial assets,Fixed assets,Machinery and equipment,,,Dollars,6
GFSA.SCS02G06Z616112,2019.06,3532,FINAL,"Central Government, Balance Sheet, Fixed Assets",Government Financial Statistics - GFS,Non-financial assets,Fixed assets,Machinery and equipment,,,Dollars,6
GFSA.SCS02G06Z616112,2020.06,3557,FINAL,"Central Government, Balance Sheet, Fixed Assets",Government Financial Statistics - GFS,Non-financial assets,Fixed assets,Machinery and equipment,,,Dollars,6
GFSA.SCS02G06Z616112,2021.06,3747,FINAL,"Central Government, Balance Sheet, Fixed Assets",Government Financial Statistics - GFS,Non-financial assets,Fixed assets,Machinery and equipment,,,Dollars,6
GFSA.SCS02G06Z616112,2022.06,4008,FINAL,"Central Government, Balance Sheet, Fixed Assets",Government Financial Statistics - GFS,Non-financial assets,Fixed assets,Machinery and equipment,,,Dollars,6
GFSA.SCS02G06Z616112,2023.06,4362,FINAL,"Central Government, Balance Sheet, Fixed Assets",Government Financial Statistics - GFS,Non-financial assets,Fixed assets,Machinery and equipment,,,Dollars,6
GFSA.SCS02G06Z616112,2024.06,4614,FINAL,"Central Government, Balance Sheet, Fixed Assets",Government Financial Statistics - GFS,Non-financial assets,Fixed assets,Machinery and equipment,,,Dollars,6
GFSA.SCS02G06Z616112,2025.06,4825,FINAL,"Central Government, Balance Sheet, Fixed Assets",Government Financial Statistics - GFS,Non-financial assets,Fixed assets,Machinery and equipment,,,Dollars,6
GFSA.SCS02G06Z616113,2009.06,7202,FINAL,"Central Government, Balance Sheet, Fixed Assets",Government Financial Statistics - GFS,Non-financial assets,Fixed assets,Other fixed assets,,,Dollars,6
GFSA.SCS02G06Z616113,2010.06,7381,FINAL,"Central Government, Balance Sheet, Fixed Assets",Government Financial Statistics - GFS,Non-financial assets,Fixed assets,Other fixed assets,,,Dollars,6
GFSA.SCS02G06Z616113,2011.06,7545,FINAL,"Central Government, Balance Sheet, Fixed Assets",Government Financial Statistics - GFS,Non-financial assets,Fixed assets,Other fixed assets,,,Dollars,6
GFSA.SCS02G06Z616113,2012.06,7809,FINAL,"Central Government, Balance Sheet, Fixed Assets",Government Financial Statistics - GFS,Non-financial assets,Fixed assets,Other fixed assets,,,Dollars,6
GFSA.SCS02G06Z616113,2013.06,8048,FINAL,"Central Government, Balance Sheet, Fixed Assets",Government Financial Statistics - GFS,Non-financial assets,Fixed assets,Other fixed assets,,,Dollars,6
GFSA.SCS02G06Z616113,2014.06,8414,FINAL,"Central Government, Balance Sheet, Fixed Assets",Government Financial Statistics - GFS,Non-financial assets,Fixed assets,Other fixed assets,,,Dollars,6
GFSA.SCS02G06Z616113,2015.06,8805,FINAL,"Central Government, Balance Sheet, Fixed Assets",Government Financial Statistics - GFS,Non-financial assets,Fixed assets,Other fixed assets,,,Dollars,6
GFSA.SCS02G06Z616113,2016.06,9293,FINAL,"Central Government, Balance Sheet, Fixed Assets",Government Financial Statistics - GFS,Non-financial assets,Fixed assets,Other fixed assets,,,Dollars,6
GFSA.SCS02G06Z616113,2017.06,9677,FINAL,"Central Government, Balance Sheet, Fixed Assets",Government Financial Statistics - GFS,Non-financial assets,Fixed assets,Other fixed assets,,,Dollars,6
GFSA.SCS02G06Z616113,2018.06,10216,FINAL,"Central Government, Balance Sheet, Fixed Assets",Government Financial Statistics - GFS,Non-financial assets,Fixed assets,Other fixed assets,,,Dollars,6
GFSA.SCS02G06Z616113,2019.06,10687,FINAL,"Central Government, Balance Sheet, Fixed Assets",Government Financial Statistics - GFS,Non-financial assets,Fixed assets,Other fixed assets,,,Dollars,6
GFSA.SCS02G06Z616113,2020.06,10956,FINAL,"Central Government, Balance Sheet, Fixed Assets",Government Financial Statistics - GFS,Non-financial assets,Fixed assets,Other fixed assets,,,Dollars,6
GFSA.SCS02G06Z616113,2021.06,11427,FINAL,"Central Government, Balance Sheet, Fixed Assets",Government Financial Statistics - GFS,Non-financial assets,Fixed assets,Other fixed assets,,,Dollars,6
GFSA.SCS02G06Z616113,2022.06,11759,FINAL,"Central Government, Balance Sheet, Fixed Assets",Government Financial Statistics - GFS,Non-financial assets,Fixed assets,Other fixed assets,,,Dollars,6
GFSA.SCS02G06Z616113,2023.06,12824,REVISED,"Central Government, Balance Sheet, Fixed Assets",Government Financial Statistics - GFS,Non-financial assets,Fixed assets,Other fixed assets,,,Dollars,6
GFSA.SCS02G06Z616113,2024.06,13567,REVISED,"Central Government, Balance Sheet, Fixed Assets",Government Financial Statistics - GFS,Non-financial assets,Fixed assets,Other fixed assets,,,Dollars,6
GFSA.SCS02G06Z616113,2025.06,14077,FINAL,"Central Government, Balance Sheet, Fixed Assets",Government Financial Statistics - GFS,Non-financial assets,Fixed assets,Other fixed assets,,,Dollars,6
GFSA.SCS02G06Z616114,2009.06,3816,FINAL,"Central Government, Balance Sheet, Fixed Assets",Government Financial Statistics - GFS,Non-financial assets,Fixed assets,Weapons systems,,,Dollars,6
GFSA.SCS02G06Z616114,2010.06,3326,FINAL,"Central Government, Balance Sheet, Fixed Assets",Government Financial Statistics - GFS,Non-financial assets,Fixed assets,Weapons systems,,,Dollars,6
GFSA.SCS02G06Z616114,2011.06,3233,FINAL,"Central Government, Balance Sheet, Fixed Assets",Government Financial Statistics - GFS,Non-financial assets,Fixed assets,Weapons systems,,,Dollars,6
GFSA.SCS02G06Z616114,2012.06,3181,FINAL,"Central Government, Balance Sheet, Fixed Assets",Government Financial Statistics - GFS,Non-financial assets,Fixed assets,Weapons systems,,,Dollars,6
GFSA.SCS02G06Z616114,2013.06,3028,FINAL,"Central Government, Balance Sheet, Fixed Assets",Government Financial Statistics - GFS,Non-financial assets,Fixed assets,Weapons systems,,,Dollars,6
GFSA.SCS02G06Z616114,2014.06,2891,FINAL,"Central Government, Balance Sheet, Fixed Assets",Government Financial Statistics - GFS,Non-financial assets,Fixed assets,Weapons systems,,,Dollars,6
GFSA.SCS02G06Z616114,2015.06,3080,FINAL,"Central Government, Balance Sheet, Fixed Assets",Government Financial Statistics - GFS,Non-financial assets,Fixed assets,Weapons systems,,,Dollars,6
GFSA.SCS02G06Z616114,2016.06,3070,FINAL,"Central Government, Balance Sheet, Fixed Assets",Government Financial Statistics - GFS,Non-financial assets,Fixed assets,Weapons systems,,,Dollars,6
GFSA.SCS02G06Z616114,2017.06,3147,FINAL,"Central Government, Balance Sheet, Fixed Assets",Government Financial Statistics - GFS,Non-financial assets,Fixed assets,Weapons systems,,,Dollars,6
GFSA.SCS02G06Z616114,2018.06,3184,FINAL,"Central Government, Balance Sheet, Fixed Assets",Government Financial Statistics - GFS,Non-financial assets,Fixed assets,Weapons systems,,,Dollars,6
GFSA.SCS02G06Z616114,2019.06,3396,FINAL,"Central Government, Balance Sheet, Fixed Assets",Government Financial Statistics - GFS,Non-financial assets,Fixed assets,Weapons systems,,,Dollars,6
GFSA.SCS02G06Z616114,2020.06,3339,FINAL,"Central Government, Balance Sheet, Fixed Assets",Government Financial Statistics - GFS,Non-financial assets,Fixed assets,Weapons systems,,,Dollars,6
GFSA.SCS02G06Z616114,2021.06,3649,FINAL,"Central Government, Balance Sheet, Fixed Assets",Government Financial Statistics - GFS,Non-financial assets,Fixed assets,Weapons systems,,,Dollars,6
GFSA.SCS02G06Z616114,2022.06,4293,FINAL,"Central Government, Balance Sheet, Fixed Assets",Government Financial Statistics - GFS,Non-financial assets,Fixed assets,Weapons systems,,,Dollars,6
GFSA.SCS02G06Z616114,2023.06,4964,FINAL,"Central Government, Balance Sheet, Fixed Assets",Government Financial Statistics - GFS,Non-financial assets,Fixed assets,Weapons systems,,,Dollars,6
GFSA.SCS02G06Z616114,2024.06,5699,FINAL,"Central Government, Balance Sheet, Fixed Assets",Government Financial Statistics - GFS,Non-financial assets,Fixed assets,Weapons systems,,,Dollars,6
GFSA.SCS02G06Z616114,2025.06,5614,FINAL,"Central Government, Balance Sheet, Fixed Assets",Government Financial Statistics - GFS,Non-financial assets,Fixed assets,Weapons systems,,,Dollars,6
GFSA.SCS02G07Z616141,2009.06,22970,FINAL,"Central Government, Balance Sheet, Non-produced Assets",Government Financial Statistics - GFS,Non-financial assets,Non-produced assets,Land,,,Dollars,6
GFSA.SCS02G07Z616141,2010.06,22684,FINAL,"Central Government, Balance Sheet, Non-produced Assets",Government Financial Statistics - GFS,Non-financial assets,Non-produced assets,Land,,,Dollars,6
GFSA.SCS02G07Z616141,2011.06,22027,FINAL,"Central Government, Balance Sheet, Non-produced Assets",Government Financial Statistics - GFS,Non-financial assets,Non-produced assets,Land,,,Dollars,6
GFSA.SCS02G07Z616141,2012.06,21826,FINAL,"Central Government, Balance Sheet, Non-produced Assets",Government Financial Statistics - GFS,Non-financial assets,Non-produced assets,Land,,,Dollars,6
GFSA.SCS02G07Z616141,2013.06,21883,FINAL,"Central Government, Balance Sheet, Non-produced Assets",Government Financial Statistics - GFS,Non-financial assets,Non-produced assets,Land,,,Dollars,6
GFSA.SCS02G07Z616141,2014.06,23386,FINAL,"Central Government, Balance Sheet, Non-produced Assets",Government Financial Statistics - GFS,Non-financial assets,Non-produced assets,Land,,,Dollars,6
GFSA.SCS02G07Z616141,2015.06,24498,FINAL,"Central Government, Balance Sheet, Non-produced Assets",Government Financial Statistics - GFS,Non-financial assets,Non-produced assets,Land,,,Dollars,6
GFSA.SCS02G07Z616141,2016.06,26492,FINAL,"Central Government, Balance Sheet, Non-produced Assets",Government Financial Statistics - GFS,Non-financial assets,Non-produced assets,Land,,,Dollars,6
GFSA.SCS02G07Z616141,2017.06,29238,FINAL,"Central Government, Balance Sheet, Non-produced Assets",Government Financial Statistics - GFS,Non-financial assets,Non-produced assets,Land,,,Dollars,6
GFSA.SCS02G07Z616141,2018.06,31895,FINAL,"Central Government, Balance Sheet, Non-produced Assets",Government Financial Statistics - GFS,Non-financial assets,Non-produced assets,Land,,,Dollars,6
GFSA.SCS02G07Z616141,2019.06,34587,FINAL,"Central Government, Balance Sheet, Non-produced Assets",Government Financial Statistics - GFS,Non-financial assets,Non-produced assets,Land,,,Dollars,6
GFSA.SCS02G07Z616141,2020.06,35578,FINAL,"Central Government, Balance Sheet, Non-produced Assets",Government Financial Statistics - GFS,Non-financial assets,Non-produced assets,Land,,,Dollars,6
GFSA.SCS02G07Z616141,2021.06,42157,FINAL,"Central Government, Balance Sheet, Non-produced Assets",Government Financial Statistics - GFS,Non-financial assets,Non-produced assets,Land,,,Dollars,6
GFSA.SCS02G07Z616141,2022.06,49394,FINAL,"Central Government, Balance Sheet, Non-produced Assets",Government Financial Statistics - GFS,Non-financial assets,Non-produced assets,Land,,,Dollars,6
GFSA.SCS02G07Z616141,2023.06,48177,FINAL,"Central Government, Balance Sheet, Non-produced Assets",Government Financial Statistics - GFS,Non-financial assets,Non-produced assets,Land,,,Dollars,6
GFSA.SCS02G07Z616141,2024.06,49460,REVISED,"Central Government, Balance Sheet, Non-produced Assets",Government Financial Statistics - GFS,Non-financial assets,Non-produced assets,Land,,,Dollars,6
GFSA.SCS02G07Z616141,2025.06,51380,FINAL,"Central Government, Balance Sheet, Non-produced Assets",Government Financial Statistics - GFS,Non-financial assets,Non-produced assets,Land,,,Dollars,6
GFSA.SCS02G07Z616144,2009.06,268,FINAL,"Central Government, Balance Sheet, Non-produced Assets",Government Financial Statistics - GFS,Non-financial assets,Non-produced assets,Intangible non-produced assets,,,Dollars,6
GFSA.SCS02G07Z616144,2010.06,272,FINAL,"Central Government, Balance Sheet, Non-produced Assets",Government Financial Statistics - GFS,Non-financial assets,Non-produced assets,Intangible non-produced assets,,,Dollars,6
GFSA.SCS02G07Z616144,2011.06,267,FINAL,"Central Government, Balance Sheet, Non-produced Assets",Government Financial Statistics - GFS,Non-financial assets,Non-produced assets,Intangible non-produced assets,,,Dollars,6
GFSA.SCS02G07Z616144,2012.06,266,FINAL,"Central Government, Balance Sheet, Non-produced Assets",Government Financial Statistics - GFS,Non-financial assets,Non-produced assets,Intangible non-produced assets,,,Dollars,6
GFSA.SCS02G07Z616144,2013.06,266,FINAL,"Central Government, Balance Sheet, Non-produced Assets",Government Financial Statistics - GFS,Non-financial assets,Non-produced assets,Intangible non-produced assets,,,Dollars,6
GFSA.SCS02G07Z616144,2014.06,270,FINAL,"Central Government, Balance Sheet, Non-produced Assets",Government Financial Statistics - GFS,Non-financial assets,Non-produced assets,Intangible non-produced assets,,,Dollars,6
GFSA.SCS02G07Z616144,2015.06,269,FINAL,"Central Government, Balance Sheet, Non-produced Assets",Government Financial Statistics - GFS,Non-financial assets,Non-produced assets,Intangible non-produced assets,,,Dollars,6
GFSA.SCS02G07Z616144,2016.06,270,FINAL,"Central Government, Balance Sheet, Non-produced Assets",Government Financial Statistics - GFS,Non-financial assets,Non-produced assets,Intangible non-produced assets,,,Dollars,6
GFSA.SCS02G07Z616144,2017.06,268,FINAL,"Central Government, Balance Sheet, Non-produced Assets",Government Financial Statistics - GFS,Non-financial assets,Non-produced assets,Intangible non-produced assets,,,Dollars,6
GFSA.SCS02G07Z616144,2018.06,271,FINAL,"Central Government, Balance Sheet, Non-produced Assets",Government Financial Statistics - GFS,Non-financial assets,Non-produced assets,Intangible non-produced assets,,,Dollars,6
GFSA.SCS02G07Z616144,2019.06,271,FINAL,"Central Government, Balance Sheet, Non-produced Assets",Government Financial Statistics - GFS,Non-financial assets,Non-produced assets,Intangible non-produced assets,,,Dollars,6
GFSA.SCS02G07Z616144,2020.06,13,FINAL,"Central Government, Balance Sheet, Non-produced Assets",Government Financial Statistics - GFS,Non-financial assets,Non-produced assets,Intangible non-produced assets,,,Dollars,6
GFSA.SCS02G07Z616144,2021.06,14,FINAL,"Central Government, Balance Sheet, Non-produced Assets",Government Financial Statistics - GFS,Non-financial assets,Non-produced assets,Intangible non-produced assets,,,Dollars,6
GFSA.SCS02G07Z616144,2022.06,10,FINAL,"Central Government, Balance Sheet, Non-produced Assets",Government Financial Statistics - GFS,Non-financial assets,Non-produced assets,Intangible non-produced assets,,,Dollars,6
GFSA.SCS02G07Z616144,2023.06,8,FINAL,"Central Government, Balance Sheet, Non-produced Assets",Government Financial Statistics - GFS,Non-financial assets,Non-produced assets,Intangible non-produced assets,,,Dollars,6
GFSA.SCS02G07Z616144,2024.06,8,FINAL,"Central Government, Balance Sheet, Non-produced Assets",Government Financial Statistics - GFS,Non-financial assets,Non-produced assets,Intangible non-produced assets,,,Dollars,6
GFSA.SCS02G07Z616144,2025.06,7,FINAL,"Central Government, Balance Sheet, Non-produced Assets",Government Financial Statistics - GFS,Non-financial assets,Non-produced assets,Intangible non-produced assets,,,Dollars,6
GFSA.SCS02G08Z61613,2009.06,4,FINAL,"Central Government, Balance Sheet, Valuables",Government Financial Statistics - GFS,Non-financial assets,Valuables,,,,Dollars,6
GFSA.SCS02G08Z61613,2010.06,4,FINAL,"Central Government, Balance Sheet, Valuables",Government Financial Statistics - GFS,Non-financial assets,Valuables,,,,Dollars,6
GFSA.SCS02G08Z61613,2011.06,4,FINAL,"Central Government, Balance Sheet, Valuables",Government Financial Statistics - GFS,Non-financial assets,Valuables,,,,Dollars,6
GFSA.SCS02G08Z61613,2012.06,0,FINAL,"Central Government, Balance Sheet, Valuables",Government Financial Statistics - GFS,Non-financial assets,Valuables,,,,Dollars,6
GFSA.SCS02G08Z61613,2013.06,0,FINAL,"Central Government, Balance Sheet, Valuables",Government Financial Statistics - GFS,Non-financial assets,Valuables,,,,Dollars,6
GFSA.SCS02G08Z61613,2014.06,0,FINAL,"Central Government, Balance Sheet, Valuables",Government Financial Statistics - GFS,Non-financial assets,Valuables,,,,Dollars,6
GFSA.SCS02G08Z61613,2015.06,0,FINAL,"Central Government, Balance Sheet, Valuables",Government Financial Statistics - GFS,Non-financial assets,Valuables,,,,Dollars,6
GFSA.SCS02G08Z61613,2016.06,0,FINAL,"Central Government, Balance Sheet, Valuables",Government Financial Statistics - GFS,Non-financial assets,Valuables,,,,Dollars,6
GFSA.SCS02G08Z61613,2017.06,0,FINAL,"Central Government, Balance Sheet, Valuables",Government Financial Statistics - GFS,Non-financial assets,Valuables,,,,Dollars,6
GFSA.SCS02G08Z61613,2018.06,0,FINAL,"Central Government, Balance Sheet, Valuables",Government Financial Statistics - GFS,Non-financial assets,Valuables,,,,Dollars,6
GFSA.SCS02G08Z61613,2019.06,0,FINAL,"Central Government, Balance Sheet, Valuables",Government Financial Statistics - GFS,Non-financial assets,Valuables,,,,Dollars,6
GFSA.SCS02G08Z61613,2020.06,0,FINAL,"Central Government, Balance Sheet, Valuables",Government Financial Statistics - GFS,Non-financial assets,Valuables,,,,Dollars,6
GFSA.SCS02G08Z61613,2021.06,0,FINAL,"Central Government, Balance Sheet, Valuables",Government Financial Statistics - GFS,Non-financial assets,Valuables,,,,Dollars,6
GFSA.SCS02G08Z61613,2022.06,0,FINAL,"Central Government, Balance Sheet, Valuables",Government Financial Statistics - GFS,Non-financial assets,Valuables,,,,Dollars,6
GFSA.SCS02G08Z61613,2023.06,0,FINAL,"Central Government, Balance Sheet, Valuables",Government Financial Statistics - GFS,Non-financial assets,Valuables,,,,Dollars,6
GFSA.SCS02G08Z61613,2024.06,0,FINAL,"Central Government, Balance Sheet, Valuables",Government Financial Statistics - GFS,Non-financial assets,Valuables,,,,Dollars,6
GFSA.SCS02G08Z61613,2025.06,0,FINAL,"Central Government, Balance Sheet, Valuables",Government Financial Statistics - GFS,Non-financial assets,Valuables,,,,Dollars,6
GFSA.SCS02G093012,2009.06,0,FINAL,"Central Government, Balance Sheet, Liabilities",Government Financial Statistics - GFS,Cash,,,,,Dollars,6
GFSA.SCS02G093012,2010.06,0,FINAL,"Central Government, Balance Sheet, Liabilities",Government Financial Statistics - GFS,Cash,,,,,Dollars,6
GFSA.SCS02G093012,2011.06,0,FINAL,"Central Government, Balance Sheet, Liabilities",Government Financial Statistics - GFS,Cash,,,,,Dollars,6
GFSA.SCS02G093012,2012.06,0,FINAL,"Central Government, Balance Sheet, Liabilities",Government Financial Statistics - GFS,Cash,,,,,Dollars,6
GFSA.SCS02G093012,2013.06,0,FINAL,"Central Government, Balance Sheet, Liabilities",Government Financial Statistics - GFS,Cash,,,,,Dollars,6
GFSA.SCS02G093012,2014.06,0,FINAL,"Central Government, Balance Sheet, Liabilities",Government Financial Statistics - GFS,Cash,,,,,Dollars,6
GFSA.SCS02G093012,2015.06,0,FINAL,"Central Government, Balance Sheet, Liabilities",Government Financial Statistics - GFS,Cash,,,,,Dollars,6
GFSA.SCS02G093012,2016.06,0,FINAL,"Central Government, Balance Sheet, Liabilities",Government Financial Statistics - GFS,Cash,,,,,Dollars,6
GFSA.SCS02G093012,2017.06,0,FINAL,"Central Government, Balance Sheet, Liabilities",Government Financial Statistics - GFS,Cash,,,,,Dollars,6
GFSA.SCS02G093012,2018.06,0,FINAL,"Central Government, Balance Sheet, Liabilities",Government Financial Statistics - GFS,Cash,,,,,Dollars,6
GFSA.SCS02G093012,2019.06,0,FINAL,"Central Government, Balance Sheet, Liabilities",Government Financial Statistics - GFS,Cash,,,,,Dollars,6
GFSA.SCS02G093012,2020.06,0,FINAL,"Central Government, Balance Sheet, Liabilities",Government Financial Statistics - GFS,Cash,,,,,Dollars,6
GFSA.SCS02G093012,2021.06,0,FINAL,"Central Government, Balance Sheet, Liabilities",Government Financial Statistics - GFS,Cash,,,,,Dollars,6
GFSA.SCS02G093012,2022.06,0,FINAL,"Central Government, Balance Sheet, Liabilities",Government Financial Statistics - GFS,Cash,,,,,Dollars,6
GFSA.SCS02G093012,2023.06,0,FINAL,"Central Government, Balance Sheet, Liabilities",Government Financial Statistics - GFS,Cash,,,,,Dollars,6
GFSA.SCS02G093012,2024.06,0,FINAL,"Central Government, Balance Sheet, Liabilities",Government Financial Statistics - GFS,Cash,,,,,Dollars,6
GFSA.SCS02G093012,2025.06,0,FINAL,"Central Government, Balance Sheet, Liabilities",Government Financial Statistics - GFS,Cash,,,,,Dollars,6
GFSA.SCS02G093013,2009.06,34490,FINAL,"Central Government, Balance Sheet, Liabilities",Government Financial Statistics - GFS,Debt securities,,,,,Dollars,6
GFSA.SCS02G093013,2010.06,40765,FINAL,"Central Government, Balance Sheet, Liabilities",Government Financial Statistics - GFS,Debt securities,,,,,Dollars,6
GFSA.SCS02G093013,2011.06,58344,FINAL,"Central Government, Balance Sheet, Liabilities",Government Financial Statistics - GFS,Debt securities,,,,,Dollars,6
GFSA.SCS02G093013,2012.06,66168,FINAL,"Central Government, Balance Sheet, Liabilities",Government Financial Statistics - GFS,Debt securities,,,,,Dollars,6
GFSA.SCS02G093013,2013.06,64850,FINAL,"Central Government, Balance Sheet, Liabilities",Government Financial Statistics - GFS,Debt securities,,,,,Dollars,6
GFSA.SCS02G093013,2014.06,67127,FINAL,"Central Government, Balance Sheet, Liabilities",Government Financial Statistics - GFS,Debt securities,,,,,Dollars,6
GFSA.SCS02G093013,2015.06,68885,FINAL,"Central Government, Balance Sheet, Liabilities",Government Financial Statistics - GFS,Debt securities,,,,,Dollars,6
GFSA.SCS02G093013,2016.06,71759,FINAL,"Central Government, Balance Sheet, Liabilities",Government Financial Statistics - GFS,Debt securities,,,,,Dollars,6
GFSA.SCS02G093013,2017.06,71741,FINAL,"Central Government, Balance Sheet, Liabilities",Government Financial Statistics - GFS,Debt securities,,,,,Dollars,6
GFSA.SCS02G093013,2018.06,68999,FINAL,"Central Government, Balance Sheet, Liabilities",Government Financial Statistics - GFS,Debt securities,,,,,Dollars,6
GFSA.SCS02G093013,2019.06,60606,FINAL,"Central Government, Balance Sheet, Liabilities",Government Financial Statistics - GFS,Debt securities,,,,,Dollars,6
GFSA.SCS02G093013,2020.06,96779,FINAL,"Central Government, Balance Sheet, Liabilities",Government Financial Statistics - GFS,Debt securities,,,,,Dollars,6
GFSA.SCS02G093013,2021.06,131990,FINAL,"Central Government, Balance Sheet, Liabilities",Government Financial Statistics - GFS,Debt securities,,,,,Dollars,6
GFSA.SCS02G093013,2022.06,148943,FINAL,"Central Government, Balance Sheet, Liabilities",Government Financial Statistics - GFS,Debt securities,,,,,Dollars,6
GFSA.SCS02G093013,2023.06,151272,FINAL,"Central Government, Balance Sheet, Liabilities",Government Financial Statistics - GFS,Debt securities,,,,,Dollars,6
GFSA.SCS02G093013,2024.06,169254,FINAL,"Central Government, Balance Sheet, Liabilities",Government Financial Statistics - GFS,Debt securities,,,,,Dollars,6
GFSA.SCS02G093013,2025.06,183692,FINAL,"Central Government, Balance Sheet, Liabilities",Government Financial Statistics - GFS,Debt securities,,,,,Dollars,6
GFSA.SCS02G093014,2009.06,3058,FINAL,"Central Government, Balance Sheet, Liabilities",Government Financial Statistics - GFS,Loans,,,,,Dollars,6
GFSA.SCS02G093014,2010.06,2627,FINAL,"Central Government, Balance Sheet, Liabilities",Government Financial Statistics - GFS,Loans,,,,,Dollars,6
GFSA.SCS02G093014,2011.06,3076,FINAL,"Central Government, Balance Sheet, Liabilities",Government Financial Statistics - GFS,Loans,,,,,Dollars,6
GFSA.SCS02G093014,2012.06,2348,FINAL,"Central Government, Balance Sheet, Liabilities",Government Financial Statistics - GFS,Loans,,,,,Dollars,6
GFSA.SCS02G093014,2013.06,1753,FINAL,"Central Government, Balance Sheet, Liabilities",Government Financial Statistics - GFS,Loans,,,,,Dollars,6
GFSA.SCS02G093014,2014.06,2750,FINAL,"Central Government, Balance Sheet, Liabilities",Government Financial Statistics - GFS,Loans,,,,,Dollars,6
GFSA.SCS02G093014,2015.06,2467,FINAL,"Central Government, Balance Sheet, Liabilities",Government Financial Statistics - GFS,Loans,,,,,Dollars,6
GFSA.SCS02G093014,2016.06,3148,FINAL,"Central Government, Balance Sheet, Liabilities",Government Financial Statistics - GFS,Loans,,,,,Dollars,6
GFSA.SCS02G093014,2017.06,3168,FINAL,"Central Government, Balance Sheet, Liabilities",Government Financial Statistics - GFS,Loans,,,,,Dollars,6
GFSA.SCS02G093014,2018.06,3925,FINAL,"Central Government, Balance Sheet, Liabilities",Government Financial Statistics - GFS,Loans,,,,,Dollars,6
GFSA.SCS02G093014,2019.06,3953,FINAL,"Central Government, Balance Sheet, Liabilities",Government Financial Statistics - GFS,Loans,,,,,Dollars,6
GFSA.SCS02G093014,2020.06,6277,FINAL,"Central Government, Balance Sheet, Liabilities",Government Financial Statistics - GFS,Loans,,,,,Dollars,6
GFSA.SCS02G093014,2021.06,5582,FINAL,"Central Government, Balance Sheet, Liabilities",Government Financial Statistics - GFS,Loans,,,,,Dollars,6
GFSA.SCS02G093014,2022.06,6140,FINAL,"Central Government, Balance Sheet, Liabilities",Government Financial Statistics - GFS,Loans,,,,,Dollars,6
GFSA.SCS02G093014,2023.06,6080,FINAL,"Central Government, Balance Sheet, Liabilities",Government Financial Statistics - GFS,Loans,,,,,Dollars,6
GFSA.SCS02G093014,2024.06,6832,FINAL,"Central Government, Balance Sheet, Liabilities",Government Financial Statistics - GFS,Loans,,,,,Dollars,6
GFSA.SCS02G093014,2025.06,16308,FINAL,"Central Government, Balance Sheet, Liabilities",Government Financial Statistics - GFS,Loans,,,,,Dollars,6
GFSA.SCS02G093020,2009.06,9944,FINAL,"Central Government, Balance Sheet, Liabilities",Government Financial Statistics - GFS,Retirement plan liabilities,,,,,Dollars,6
GFSA.SCS02G093020,2010.06,10945,FINAL,"Central Government, Balance Sheet, Liabilities",Government Financial Statistics - GFS,Retirement plan liabilities,,,,,Dollars,6
GFSA.SCS02G093020,2011.06,11137,FINAL,"Central Government, Balance Sheet, Liabilities",Government Financial Statistics - GFS,Retirement plan liabilities,,,,,Dollars,6
GFSA.SCS02G093020,2012.06,14618,FINAL,"Central Government, Balance Sheet, Liabilities",Government Financial Statistics - GFS,Retirement plan liabilities,,,,,Dollars,6
GFSA.SCS02G093020,2013.06,13218,FINAL,"Central Government, Balance Sheet, Liabilities",Government Financial Statistics - GFS,Retirement plan liabilities,,,,,Dollars,6
GFSA.SCS02G093020,2014.06,11798,FINAL,"Central Government, Balance Sheet, Liabilities",Government Financial Statistics - GFS,Retirement plan liabilities,,,,,Dollars,6
GFSA.SCS02G093020,2015.06,11738,FINAL,"Central Government, Balance Sheet, Liabilities",Government Financial Statistics - GFS,Retirement plan liabilities,,,,,Dollars,6
GFSA.SCS02G093020,2016.06,13360,FINAL,"Central Government, Balance Sheet, Liabilities",Government Financial Statistics - GFS,Retirement plan liabilities,,,,,Dollars,6
GFSA.SCS02G093020,2017.06,11861,FINAL,"Central Government, Balance Sheet, Liabilities",Government Financial Statistics - GFS,Retirement plan liabilities,,,,,Dollars,6
GFSA.SCS02G093020,2018.06,11824,FINAL,"Central Government, Balance Sheet, Liabilities",Government Financial Statistics - GFS,Retirement plan liabilities,,,,,Dollars,6
GFSA.SCS02G093020,2019.06,12241,FINAL,"Central Government, Balance Sheet, Liabilities",Government Financial Statistics - GFS,Retirement plan liabilities,,,,,Dollars,6
GFSA.SCS02G093020,2020.06,14827,FINAL,"Central Government, Balance Sheet, Liabilities",Government Financial Statistics - GFS,Retirement plan liabilities,,,,,Dollars,6
GFSA.SCS02G093020,2021.06,13504,FINAL,"Central Government, Balance Sheet, Liabilities",Government Financial Statistics - GFS,Retirement plan liabilities,,,,,Dollars,6
GFSA.SCS02G093020,2022.06,10341,FINAL,"Central Government, Balance Sheet, Liabilities",Government Financial Statistics - GFS,Retirement plan liabilities,,,,,Dollars,6
GFSA.SCS02G093020,2023.06,8677,FINAL,"Central Government, Balance Sheet, Liabilities",Government Financial Statistics - GFS,Retirement plan liabilities,,,,,Dollars,6
GFSA.SCS02G093020,2024.06,7945,FINAL,"Central Government, Balance Sheet, Liabilities",Government Financial Statistics - GFS,Retirement plan liabilities,,,,,Dollars,6
GFSA.SCS02G093020,2025.06,7132,FINAL,"Central Government, Balance Sheet, Liabilities",Government Financial Statistics - GFS,Retirement plan liabilities,,,,,Dollars,6
GFSA.SCS02G093021,2009.06,96,FINAL,"Central Government, Balance Sheet, Liabilities",Government Financial Statistics - GFS,Insurance liabilities,,,,,Dollars,6
GFSA.SCS02G093021,2010.06,106,FINAL,"Central Government, Balance Sheet, Liabilities",Government Financial Statistics - GFS,Insurance liabilities,,,,,Dollars,6
GFSA.SCS02G093021,2011.06,10588,FINAL,"Central Government, Balance Sheet, Liabilities",Government Financial Statistics - GFS,Insurance liabilities,,,,,Dollars,6
GFSA.SCS02G093021,2012.06,8884,FINAL,"Central Government, Balance Sheet, Liabilities",Government Financial Statistics - GFS,Insurance liabilities,,,,,Dollars,6
GFSA.SCS02G093021,2013.06,7078,FINAL,"Central Government, Balance Sheet, Liabilities",Government Financial Statistics - GFS,Insurance liabilities,,,,,Dollars,6
GFSA.SCS02G093021,2014.06,4770,FINAL,"Central Government, Balance Sheet, Liabilities",Government Financial Statistics - GFS,Insurance liabilities,,,,,Dollars,6
GFSA.SCS02G093021,2015.06,2992,FINAL,"Central Government, Balance Sheet, Liabilities",Government Financial Statistics - GFS,Insurance liabilities,,,,,Dollars,6
GFSA.SCS02G093021,2016.06,2529,FINAL,"Central Government, Balance Sheet, Liabilities",Government Financial Statistics - GFS,Insurance liabilities,,,,,Dollars,6
GFSA.SCS02G093021,2017.06,1877,FINAL,"Central Government, Balance Sheet, Liabilities",Government Financial Statistics - GFS,Insurance liabilities,,,,,Dollars,6
GFSA.SCS02G093021,2018.06,1547,FINAL,"Central Government, Balance Sheet, Liabilities",Government Financial Statistics - GFS,Insurance liabilities,,,,,Dollars,6
GFSA.SCS02G093021,2019.06,1210,FINAL,"Central Government, Balance Sheet, Liabilities",Government Financial Statistics - GFS,Insurance liabilities,,,,,Dollars,6
GFSA.SCS02G093021,2020.06,1538,FINAL,"Central Government, Balance Sheet, Liabilities",Government Financial Statistics - GFS,Insurance liabilities,,,,,Dollars,6
GFSA.SCS02G093021,2021.06,843,FINAL,"Central Government, Balance Sheet, Liabilities",Government Financial Statistics - GFS,Insurance liabilities,,,,,Dollars,6
GFSA.SCS02G093021,2022.06,745,FINAL,"Central Government, Balance Sheet, Liabilities",Government Financial Statistics - GFS,Insurance liabilities,,,,,Dollars,6
GFSA.SCS02G093021,2023.06,1550,FINAL,"Central Government, Balance Sheet, Liabilities",Government Financial Statistics - GFS,Insurance liabilities,,,,,Dollars,6
GFSA.SCS02G093021,2024.06,1309,FINAL,"Central Government, Balance Sheet, Liabilities",Government Financial Statistics - GFS,Insurance liabilities,,,,,Dollars,6
GFSA.SCS02G093021,2025.06,1094,FINAL,"Central Government, Balance Sheet, Liabilities",Government Financial Statistics - GFS,Insurance liabilities,,,,,Dollars,6
GFSA.SCS02G093022,2009.06,596,FINAL,"Central Government, Balance Sheet, Liabilities",Government Financial Statistics - GFS,Financial derivatives,,,,,Dollars,6
GFSA.SCS02G093022,2010.06,737,FINAL,"Central Government, Balance Sheet, Liabilities",Government Financial Statistics - GFS,Financial derivatives,,,,,Dollars,6
GFSA.SCS02G093022,2011.06,817,FINAL,"Central Government, Balance Sheet, Liabilities",Government Financial Statistics - GFS,Financial derivatives,,,,,Dollars,6
GFSA.SCS02G093022,2012.06,1071,FINAL,"Central Government, Balance Sheet, Liabilities",Government Financial Statistics - GFS,Financial derivatives,,,,,Dollars,6
GFSA.SCS02G093022,2013.06,1751,FINAL,"Central Government, Balance Sheet, Liabilities",Government Financial Statistics - GFS,Financial derivatives,,,,,Dollars,6
GFSA.SCS02G093022,2014.06,909,FINAL,"Central Government, Balance Sheet, Liabilities",Government Financial Statistics - GFS,Financial derivatives,,,,,Dollars,6
GFSA.SCS02G093022,2015.06,3231,FINAL,"Central Government, Balance Sheet, Liabilities",Government Financial Statistics - GFS,Financial derivatives,,,,,Dollars,6
GFSA.SCS02G093022,2016.06,1915,FINAL,"Central Government, Balance Sheet, Liabilities",Government Financial Statistics - GFS,Financial derivatives,,,,,Dollars,6
GFSA.SCS02G093022,2017.06,1469,FINAL,"Central Government, Balance Sheet, Liabilities",Government Financial Statistics - GFS,Financial derivatives,,,,,Dollars,6
GFSA.SCS02G093022,2018.06,2980,FINAL,"Central Government, Balance Sheet, Liabilities",Government Financial Statistics - GFS,Financial derivatives,,,,,Dollars,6
GFSA.SCS02G093022,2019.06,2071,FINAL,"Central Government, Balance Sheet, Liabilities",Government Financial Statistics - GFS,Financial derivatives,,,,,Dollars,6
GFSA.SCS02G093022,2020.06,3034,FINAL,"Central Government, Balance Sheet, Liabilities",Government Financial Statistics - GFS,Financial derivatives,,,,,Dollars,6
GFSA.SCS02G093022,2021.06,3225,FINAL,"Central Government, Balance Sheet, Liabilities",Government Financial Statistics - GFS,Financial derivatives,,,,,Dollars,6
GFSA.SCS02G093022,2022.06,7564,FINAL,"Central Government, Balance Sheet, Liabilities",Government Financial Statistics - GFS,Financial derivatives,,,,,Dollars,6
GFSA.SCS02G093022,2023.06,4683,FINAL,"Central Government, Balance Sheet, Liabilities",Government Financial Statistics - GFS,Financial derivatives,,,,,Dollars,6
GFSA.SCS02G093022,2024.06,2979,FINAL,"Central Government, Balance Sheet, Liabilities",Government Financial Statistics - GFS,Financial derivatives,,,,,Dollars,6
GFSA.SCS02G093022,2025.06,2949,FINAL,"Central Government, Balance Sheet, Liabilities",Government Financial Statistics - GFS,Financial derivatives,,,,,Dollars,6
GFSA.SCS02G093024,2009.06,13545,FINAL,"Central Government, Balance Sheet, Liabilities",Government Financial Statistics - GFS,Other accounts payable,,,,,Dollars,6
GFSA.SCS02G093024,2010.06,13784,FINAL,"Central Government, Balance Sheet, Liabilities",Government Financial Statistics - GFS,Other accounts payable,,,,,Dollars,6
GFSA.SCS02G093024,2011.06,16934,FINAL,"Central Government, Balance Sheet, Liabilities",Government Financial Statistics - GFS,Other accounts payable,,,,,Dollars,6
GFSA.SCS02G093024,2012.06,17623,FINAL,"Central Government, Balance Sheet, Liabilities",Government Financial Statistics - GFS,Other accounts payable,,,,,Dollars,6
GFSA.SCS02G093024,2013.06,17832,FINAL,"Central Government, Balance Sheet, Liabilities",Government Financial Statistics - GFS,Other accounts payable,,,,,Dollars,6
GFSA.SCS02G093024,2014.06,17709,FINAL,"Central Government, Balance Sheet, Liabilities",Government Financial Statistics - GFS,Other accounts payable,,,,,Dollars,6
GFSA.SCS02G093024,2015.06,18567,FINAL,"Central Government, Balance Sheet, Liabilities",Government Financial Statistics - GFS,Other accounts payable,,,,,Dollars,6
GFSA.SCS02G093024,2016.06,17963,FINAL,"Central Government, Balance Sheet, Liabilities",Government Financial Statistics - GFS,Other accounts payable,,,,,Dollars,6
GFSA.SCS02G093024,2017.06,20662,FINAL,"Central Government, Balance Sheet, Liabilities",Government Financial Statistics - GFS,Other accounts payable,,,,,Dollars,6
GFSA.SCS02G093024,2018.06,21101,FINAL,"Central Government, Balance Sheet, Liabilities",Government Financial Statistics - GFS,Other accounts payable,,,,,Dollars,6
GFSA.SCS02G093024,2019.06,24099,FINAL,"Central Government, Balance Sheet, Liabilities",Government Financial Statistics - GFS,Other accounts payable,,,,,Dollars,6
GFSA.SCS02G093024,2020.06,25961,FINAL,"Central Government, Balance Sheet, Liabilities",Government Financial Statistics - GFS,Other accounts payable,,,,,Dollars,6
GFSA.SCS02G093024,2021.06,27340,FINAL,"Central Government, Balance Sheet, Liabilities",Government Financial Statistics - GFS,Other accounts payable,,,,,Dollars,6
GFSA.SCS02G093024,2022.06,34228,FINAL,"Central Government, Balance Sheet, Liabilities",Government Financial Statistics - GFS,Other accounts payable,,,,,Dollars,6
GFSA.SCS02G093024,2023.06,31452,FINAL,"Central Government, Balance Sheet, Liabilities",Government Financial Statistics - GFS,Other accounts payable,,,,,Dollars,6
GFSA.SCS02G093024,2024.06,31815,REVISED,"Central Government, Balance Sheet, Liabilities",Government Financial Statistics - GFS,Other accounts payable,,,,,Dollars,6
GFSA.SCS02G093024,2025.06,34451,FINAL,"Central Government, Balance Sheet, Liabilities",Government Financial Statistics - GFS,Other accounts payable,,,,,Dollars,6
GFSA.SCS02G093025,2009.06,336,FINAL,"Central Government, Balance Sheet, Liabilities",Government Financial Statistics - GFS,Special drawing rights (SDRs),,,,,Dollars,6
GFSA.SCS02G093025,2010.06,1820,FINAL,"Central Government, Balance Sheet, Liabilities",Government Financial Statistics - GFS,Special drawing rights (SDRs),,,,,Dollars,6
GFSA.SCS02G093025,2011.06,1648,FINAL,"Central Government, Balance Sheet, Liabilities",Government Financial Statistics - GFS,Special drawing rights (SDRs),,,,,Dollars,6
GFSA.SCS02G093025,2012.06,1638,FINAL,"Central Government, Balance Sheet, Liabilities",Government Financial Statistics - GFS,Special drawing rights (SDRs),,,,,Dollars,6
GFSA.SCS02G093025,2013.06,1651,FINAL,"Central Government, Balance Sheet, Liabilities",Government Financial Statistics - GFS,Special drawing rights (SDRs),,,,,Dollars,6
GFSA.SCS02G093025,2014.06,1507,FINAL,"Central Government, Balance Sheet, Liabilities",Government Financial Statistics - GFS,Special drawing rights (SDRs),,,,,Dollars,6
GFSA.SCS02G093025,2015.06,1763,FINAL,"Central Government, Balance Sheet, Liabilities",Government Financial Statistics - GFS,Special drawing rights (SDRs),,,,,Dollars,6
GFSA.SCS02G093025,2016.06,1678,FINAL,"Central Government, Balance Sheet, Liabilities",Government Financial Statistics - GFS,Special drawing rights (SDRs),,,,,Dollars,6
GFSA.SCS02G093025,2017.06,1624,FINAL,"Central Government, Balance Sheet, Liabilities",Government Financial Statistics - GFS,Special drawing rights (SDRs),,,,,Dollars,6
GFSA.SCS02G093025,2018.06,1777,FINAL,"Central Government, Balance Sheet, Liabilities",Government Financial Statistics - GFS,Special drawing rights (SDRs),,,,,Dollars,6
GFSA.SCS02G093025,2019.06,1775,FINAL,"Central Government, Balance Sheet, Liabilities",Government Financial Statistics - GFS,Special drawing rights (SDRs),,,,,Dollars,6
GFSA.SCS02G093025,2020.06,1831,FINAL,"Central Government, Balance Sheet, Liabilities",Government Financial Statistics - GFS,Special drawing rights (SDRs),,,,,Dollars,6
GFSA.SCS02G093025,2021.06,1741,FINAL,"Central Government, Balance Sheet, Liabilities",Government Financial Statistics - GFS,Special drawing rights (SDRs),,,,,Dollars,6
GFSA.SCS02G093025,2022.06,4397,FINAL,"Central Government, Balance Sheet, Liabilities",Government Financial Statistics - GFS,Special drawing rights (SDRs),,,,,Dollars,6
GFSA.SCS02G093025,2023.06,4520,FINAL,"Central Government, Balance Sheet, Liabilities",Government Financial Statistics - GFS,Special drawing rights (SDRs),,,,,Dollars,6
GFSA.SCS02G093025,2024.06,4480,FINAL,"Central Government, Balance Sheet, Liabilities",Government Financial Statistics - GFS,Special drawing rights (SDRs),,,,,Dollars,6
GFSA.SCS02G093025,2025.06,4674,FINAL,"Central Government, Balance Sheet, Liabilities",Government Financial Statistics - GFS,Special drawing rights (SDRs),,,,,Dollars,6
GFSA.SCS02G099999,2009.06,62064,FINAL,"Central Government, Balance Sheet, Liabilities",Government Financial Statistics - GFS,Total,,,,,Dollars,6
GFSA.SCS02G099999,2010.06,70784,FINAL,"Central Government, Balance Sheet, Liabilities",Government Financial Statistics - GFS,Total,,,,,Dollars,6
GFSA.SCS02G099999,2011.06,102544,FINAL,"Central Government, Balance Sheet, Liabilities",Government Financial Statistics - GFS,Total,,,,,Dollars,6
GFSA.SCS02G099999,2012.06,112350,FINAL,"Central Government, Balance Sheet, Liabilities",Government Financial Statistics - GFS,Total,,,,,Dollars,6
GFSA.SCS02G099999,2013.06,108133,FINAL,"Central Government, Balance Sheet, Liabilities",Government Financial Statistics - GFS,Total,,,,,Dollars,6
GFSA.SCS02G099999,2014.06,106570,FINAL,"Central Government, Balance Sheet, Liabilities",Government Financial Statistics - GFS,Total,,,,,Dollars,6
GFSA.SCS02G099999,2015.06,109643,FINAL,"Central Government, Balance Sheet, Liabilities",Government Financial Statistics - GFS,Total,,,,,Dollars,6
GFSA.SCS02G099999,2016.06,112351,FINAL,"Central Government, Balance Sheet, Liabilities",Government Financial Statistics - GFS,Total,,,,,Dollars,6
GFSA.SCS02G099999,2017.06,112402,FINAL,"Central Government, Balance Sheet, Liabilities",Government Financial Statistics - GFS,Total,,,,,Dollars,6
GFSA.SCS02G099999,2018.06,112154,FINAL,"Central Government, Balance Sheet, Liabilities",Government Financial Statistics - GFS,Total,,,,,Dollars,6
GFSA.SCS02G099999,2019.06,105955,FINAL,"Central Government, Balance Sheet, Liabilities",Government Financial Statistics - GFS,Total,,,,,Dollars,6
GFSA.SCS02G099999,2020.06,150247,FINAL,"Central Government, Balance Sheet, Liabilities",Government Financial Statistics - GFS,Total,,,,,Dollars,6
GFSA.SCS02G099999,2021.06,184224,FINAL,"Central Government, Balance Sheet, Liabilities",Government Financial Statistics - GFS,Total,,,,,Dollars,6
GFSA.SCS02G099999,2022.06,212360,FINAL,"Central Government, Balance Sheet, Liabilities",Government Financial Statistics - GFS,Total,,,,,Dollars,6
GFSA.SCS02G099999,2023.06,208233,FINAL,"Central Government, Balance Sheet, Liabilities",Government Financial Statistics - GFS,Total,,,,,Dollars,6
GFSA.SCS02G099999,2024.06,224614,REVISED,"Central Government, Balance Sheet, Liabilities",Government Financial Statistics - GFS,Total,,,,,Dollars,6
GFSA.SCS02G099999,2025.06,250300,FINAL,"Central Government, Balance Sheet, Liabilities",Government Financial Statistics - GFS,Total,,,,,Dollars,6
GFSA.SCS02G16Z61612,2009.06,679,FINAL,"Central Government, Balance Sheet, Inventories",Government Financial Statistics - GFS,Non-financial assets,Inventories,,,,Dollars,6
GFSA.SCS02G16Z61612,2010.06,681,FINAL,"Central Government, Balance Sheet, Inventories",Government Financial Statistics - GFS,Non-financial assets,Inventories,,,,Dollars,6
GFSA.SCS02G16Z61612,2011.06,697,FINAL,"Central Government, Balance Sheet, Inventories",Government Financial Statistics - GFS,Non-financial assets,Inventories,,,,Dollars,6
GFSA.SCS02G16Z61612,2012.06,614,FINAL,"Central Government, Balance Sheet, Inventories",Government Financial Statistics - GFS,Non-financial assets,Inventories,,,,Dollars,6
GFSA.SCS02G16Z61612,2013.06,537,FINAL,"Central Government, Balance Sheet, Inventories",Government Financial Statistics - GFS,Non-financial assets,Inventories,,,,Dollars,6
GFSA.SCS02G16Z61612,2014.06,515,FINAL,"Central Government, Balance Sheet, Inventories",Government Financial Statistics - GFS,Non-financial assets,Inventories,,,,Dollars,6
GFSA.SCS02G16Z61612,2015.06,535,FINAL,"Central Government, Balance Sheet, Inventories",Government Financial Statistics - GFS,Non-financial assets,Inventories,,,,Dollars,6
GFSA.SCS02G16Z61612,2016.06,607,FINAL,"Central Government, Balance Sheet, Inventories",Government Financial Statistics - GFS,Non-financial assets,Inventories,,,,Dollars,6
GFSA.SCS02G16Z61612,2017.06,668,FINAL,"Central Government, Balance Sheet, Inventories",Government Financial Statistics - GFS,Non-financial assets,Inventories,,,,Dollars,6
GFSA.SCS02G16Z61612,2018.06,879,FINAL,"Central Government, Balance Sheet, Inventories",Government Financial Statistics - GFS,Non-financial assets,Inventories,,,,Dollars,6
GFSA.SCS02G16Z61612,2019.06,717,FINAL,"Central Government, Balance Sheet, Inventories",Government Financial Statistics - GFS,Non-financial assets,Inventories,,,,Dollars,6
GFSA.SCS02G16Z61612,2020.06,862,FINAL,"Central Government, Balance Sheet, Inventories",Government Financial Statistics - GFS,Non-financial assets,Inventories,,,,Dollars,6
GFSA.SCS02G16Z61612,2021.06,939,FINAL,"Central Government, Balance Sheet, Inventories",Government Financial Statistics - GFS,Non-financial assets,Inventories,,,,Dollars,6
GFSA.SCS02G16Z61612,2022.06,1334,FINAL,"Central Government, Balance Sheet, Inventories",Government Financial Statistics - GFS,Non-financial assets,Inventories,,,,Dollars,6
GFSA.SCS02G16Z61612,2023.06,1108,FINAL,"Central Government, Balance Sheet, Inventories",Government Financial Statistics - GFS,Non-financial assets,Inventories,,,,Dollars,6
GFSA.SCS02G16Z61612,2024.06,1082,REVISED,"Central Government, Balance Sheet, Inventories",Government Financial Statistics - GFS,Non-financial assets,Inventories,,,,Dollars,6
GFSA.SCS02G16Z61612,2025.06,1153,FINAL,"Central Government, Balance Sheet, Inventories",Government Financial Statistics - GFS,Non-financial assets,Inventories,,,,Dollars,6
GFSA.SCS03G00Z00700,2009.06,68228,REVISED,"Central Government, Expenses by Function, Total Expenses",Government Financial Statistics - GFS,Total,Total,,,,Dollars,6
GFSA.SCS03G00Z00700,2010.06,71260,REVISED,"Central Government, Expenses by Function, Total Expenses",Government Financial Statistics - GFS,Total,Total,,,,Dollars,6
GFSA.SCS03G00Z00700,2011.06,86154,REVISED,"Central Government, Expenses by Function, Total Expenses",Government Financial Statistics - GFS,Total,Total,,,,Dollars,6
GFSA.SCS03G00Z00700,2012.06,77241,REVISED,"Central Government, Expenses by Function, Total Expenses",Government Financial Statistics - GFS,Total,Total,,,,Dollars,6
GFSA.SCS03G00Z00700,2013.06,78103,REVISED,"Central Government, Expenses by Function, Total Expenses",Government Financial Statistics - GFS,Total,Total,,,,Dollars,6
GFSA.SCS03G00Z00700,2014.06,80466,REVISED,"Central Government, Expenses by Function, Total Expenses",Government Financial Statistics - GFS,Total,Total,,,,Dollars,6
GFSA.SCS03G00Z00700,2015.06,82959,REVISED,"Central Government, Expenses by Function, Total Expenses",Government Financial Statistics - GFS,Total,Total,,,,Dollars,6
GFSA.SCS03G00Z00700,2016.06,86011,REVISED,"Central Government, Expenses by Function, Total Expenses",Government Financial Statistics - GFS,Total,Total,,,,Dollars,6
GFSA.SCS03G00Z00700,2017.06,89476,REVISED,"Central Government, Expenses by Function, Total Expenses",Government Financial Statistics - GFS,Total,Total,,,,Dollars,6
GFSA.SCS03G00Z00700,2018.06,94099,REVISED,"Central Government, Expenses by Function, Total Expenses",Government Financial Statistics - GFS,Total,Total,,,,Dollars,6
GFSA.SCS03G00Z00700,2019.06,102124,REVISED,"Central Government, Expenses by Function, Total Expenses",Government Financial Statistics - GFS,Total,Total,,,,Dollars,6
GFSA.SCS03G00Z00700,2020.06,122516,REVISED,"Central Government, Expenses by Function, Total Expenses",Government Financial Statistics - GFS,Total,Total,,,,Dollars,6
GFSA.SCS03G00Z00700,2021.06,125161,REVISED,"Central Government, Expenses by Function, Total Expenses",Government Financial Statistics - GFS,Total,Total,,,,Dollars,6
GFSA.SCS03G00Z00700,2022.06,144694,REVISED,"Central Government, Expenses by Function, Total Expenses",Government Financial Statistics - GFS,Total,Total,,,,Dollars,6
GFSA.SCS03G00Z00700,2023.06,147795,REVISED,"Central Government, Expenses by Function, Total Expenses",Government Financial Statistics - GFS,Total,Total,,,,Dollars,6
GFSA.SCS03G00Z00700,2024.06,158444,REVISED,"Central Government, Expenses by Function, Total Expenses",Government Financial Statistics - GFS,Total,Total,,,,Dollars,6
GFSA.SCS03G00Z00700,2025.06,162636,FINAL,"Central Government, Expenses by Function, Total Expenses",Government Financial Statistics - GFS,Total,Total,,,,Dollars,6
GFSA.SCS03G00Z00701,2009.06,6362,FINAL,"Central Government, Expenses by Function, Total Expenses",Government Financial Statistics - GFS,Total,General public services,,,,Dollars,6
GFSA.SCS03G00Z00701,2010.06,6348,FINAL,"Central Government, Expenses by Function, Total Expenses",Government Financial Statistics - GFS,Total,General public services,,,,Dollars,6
GFSA.SCS03G00Z00701,2011.06,8637,FINAL,"Central Government, Expenses by Function, Total Expenses",Government Financial Statistics - GFS,Total,General public services,,,,Dollars,6
GFSA.SCS03G00Z00701,2012.06,7587,FINAL,"Central Government, Expenses by Function, Total Expenses",Government Financial Statistics - GFS,Total,General public services,,,,Dollars,6
GFSA.SCS03G00Z00701,2013.06,7743,FINAL,"Central Government, Expenses by Function, Total Expenses",Government Financial Statistics - GFS,Total,General public services,,,,Dollars,6
GFSA.SCS03G00Z00701,2014.06,7740,FINAL,"Central Government, Expenses by Function, Total Expenses",Government Financial Statistics - GFS,Total,General public services,,,,Dollars,6
GFSA.SCS03G00Z00701,2015.06,7800,FINAL,"Central Government, Expenses by Function, Total Expenses",Government Financial Statistics - GFS,Total,General public services,,,,Dollars,6
GFSA.SCS03G00Z00701,2016.06,8693,FINAL,"Central Government, Expenses by Function, Total Expenses",Government Financial Statistics - GFS,Total,General public services,,,,Dollars,6
GFSA.SCS03G00Z00701,2017.06,9939,FINAL,"Central Government, Expenses by Function, Total Expenses",Government Financial Statistics - GFS,Total,General public services,,,,Dollars,6
GFSA.SCS03G00Z00701,2018.06,10403,FINAL,"Central Government, Expenses by Function, Total Expenses",Government Financial Statistics - GFS,Total,General public services,,,,Dollars,6
GFSA.SCS03G00Z00701,2019.06,10299,FINAL,"Central Government, Expenses by Function, Total Expenses",Government Financial Statistics - GFS,Total,General public services,,,,Dollars,6
GFSA.SCS03G00Z00701,2020.06,10113,FINAL,"Central Government, Expenses by Function, Total Expenses",Government Financial Statistics - GFS,Total,General public services,,,,Dollars,6
GFSA.SCS03G00Z00701,2021.06,10859,FINAL,"Central Government, Expenses by Function, Total Expenses",Government Financial Statistics - GFS,Total,General public services,,,,Dollars,6
GFSA.SCS03G00Z00701,2022.06,12327,FINAL,"Central Government, Expenses by Function, Total Expenses",Government Financial Statistics - GFS,Total,General public services,,,,Dollars,6
GFSA.SCS03G00Z00701,2023.06,13783,FINAL,"Central Government, Expenses by Function, Total Expenses",Government Financial Statistics - GFS,Total,General public services,,,,Dollars,6
GFSA.SCS03G00Z00701,2024.06,16006,REVISED,"Central Government, Expenses by Function, Total Expenses",Government Financial Statistics - GFS,Total,General public services,,,,Dollars,6
GFSA.SCS03G00Z00701,2025.06,16994,FINAL,"Central Government, Expenses by Function, Total Expenses",Government Financial Statistics - GFS,Total,General public services,,,,Dollars,6
GFSA.SCS03G00Z00702,2009.06,2113,FINAL,"Central Government, Expenses by Function, Total Expenses",Government Financial Statistics - GFS,Total,Defence,,,,Dollars,6
GFSA.SCS03G00Z00702,2010.06,2155,FINAL,"Central Government, Expenses by Function, Total Expenses",Government Financial Statistics - GFS,Total,Defence,,,,Dollars,6
GFSA.SCS03G00Z00702,2011.06,2046,FINAL,"Central Government, Expenses by Function, Total Expenses",Government Financial Statistics - GFS,Total,Defence,,,,Dollars,6
GFSA.SCS03G00Z00702,2012.06,2029,FINAL,"Central Government, Expenses by Function, Total Expenses",Government Financial Statistics - GFS,Total,Defence,,,,Dollars,6
GFSA.SCS03G00Z00702,2013.06,2137,FINAL,"Central Government, Expenses by Function, Total Expenses",Government Financial Statistics - GFS,Total,Defence,,,,Dollars,6
GFSA.SCS03G00Z00702,2014.06,2407,FINAL,"Central Government, Expenses by Function, Total Expenses",Government Financial Statistics - GFS,Total,Defence,,,,Dollars,6
GFSA.SCS03G00Z00702,2015.06,2499,FINAL,"Central Government, Expenses by Function, Total Expenses",Government Financial Statistics - GFS,Total,Defence,,,,Dollars,6
GFSA.SCS03G00Z00702,2016.06,2275,FINAL,"Central Government, Expenses by Function, Total Expenses",Government Financial Statistics - GFS,Total,Defence,,,,Dollars,6
GFSA.SCS03G00Z00702,2017.06,2480,FINAL,"Central Government, Expenses by Function, Total Expenses",Government Financial Statistics - GFS,Total,Defence,,,,Dollars,6
GFSA.SCS03G00Z00702,2018.06,2606,FINAL,"Central Government, Expenses by Function, Total Expenses",Government Financial Statistics - GFS,Total,Defence,,,,Dollars,6
GFSA.SCS03G00Z00702,2019.06,3143,FINAL,"Central Government, Expenses by Function, Total Expenses",Government Financial Statistics - GFS,Total,Defence,,,,Dollars,6
GFSA.SCS03G00Z00702,2020.06,2747,FINAL,"Central Government, Expenses by Function, Total Expenses",Government Financial Statistics - GFS,Total,Defence,,,,Dollars,6
GFSA.SCS03G00Z00702,2021.06,3688,FINAL,"Central Government, Expenses by Function, Total Expenses",Government Financial Statistics - GFS,Total,Defence,,,,Dollars,6
GFSA.SCS03G00Z00702,2022.06,4157,FINAL,"Central Government, Expenses by Function, Total Expenses",Government Financial Statistics - GFS,Total,Defence,,,,Dollars,6
GFSA.SCS03G00Z00702,2023.06,4541,FINAL,"Central Government, Expenses by Function, Total Expenses",Government Financial Statistics - GFS,Total,Defence,,,,Dollars,6
GFSA.SCS03G00Z00702,2024.06,4790,REVISED,"Central Government, Expenses by Function, Total Expenses",Government Financial Statistics - GFS,Total,Defence,,,,Dollars,6
GFSA.SCS03G00Z00702,2025.06,3873,FINAL,"Central Government, Expenses by Function, Total Expenses",Government Financial Statistics - GFS,Total,Defence,,,,Dollars,6
GFSA.SCS03G00Z00703,2009.06,3762,FINAL,"Central Government, Expenses by Function, Total Expenses",Government Financial Statistics - GFS,Total,Public order and safety,,,,Dollars,6
GFSA.SCS03G00Z00703,2010.06,3919,FINAL,"Central Government, Expenses by Function, Total Expenses",Government Financial Statistics - GFS,Total,Public order and safety,,,,Dollars,6
GFSA.SCS03G00Z00703,2011.06,4428,FINAL,"Central Government, Expenses by Function, Total Expenses",Government Financial Statistics - GFS,Total,Public order and safety,,,,Dollars,6
GFSA.SCS03G00Z00703,2012.06,4327,FINAL,"Central Government, Expenses by Function, Total Expenses",Government Financial Statistics - GFS,Total,Public order and safety,,,,Dollars,6
GFSA.SCS03G00Z00703,2013.06,4604,FINAL,"Central Government, Expenses by Function, Total Expenses",Government Financial Statistics - GFS,Total,Public order and safety,,,,Dollars,6
GFSA.SCS03G00Z00703,2014.06,4690,FINAL,"Central Government, Expenses by Function, Total Expenses",Government Financial Statistics - GFS,Total,Public order and safety,,,,Dollars,6
GFSA.SCS03G00Z00703,2015.06,4508,FINAL,"Central Government, Expenses by Function, Total Expenses",Government Financial Statistics - GFS,Total,Public order and safety,,,,Dollars,6
GFSA.SCS03G00Z00703,2016.06,5098,FINAL,"Central Government, Expenses by Function, Total Expenses",Government Financial Statistics - GFS,Total,Public order and safety,,,,Dollars,6
GFSA.SCS03G00Z00703,2017.06,4952,FINAL,"Central Government, Expenses by Function, Total Expenses",Government Financial Statistics - GFS,Total,Public order and safety,,,,Dollars,6
GFSA.SCS03G00Z00703,2018.06,5413,FINAL,"Central Government, Expenses by Function, Total Expenses",Government Financial Statistics - GFS,Total,Public order and safety,,,,Dollars,6
GFSA.SCS03G00Z00703,2019.06,6029,FINAL,"Central Government, Expenses by Function, Total Expenses",Government Financial Statistics - GFS,Total,Public order and safety,,,,Dollars,6
GFSA.SCS03G00Z00703,2020.06,6274,FINAL,"Central Government, Expenses by Function, Total Expenses",Government Financial Statistics - GFS,Total,Public order and safety,,,,Dollars,6
GFSA.SCS03G00Z00703,2021.06,6956,FINAL,"Central Government, Expenses by Function, Total Expenses",Government Financial Statistics - GFS,Total,Public order and safety,,,,Dollars,6
GFSA.SCS03G00Z00703,2022.06,6981,FINAL,"Central Government, Expenses by Function, Total Expenses",Government Financial Statistics - GFS,Total,Public order and safety,,,,Dollars,6
GFSA.SCS03G00Z00703,2023.06,7521,FINAL,"Central Government, Expenses by Function, Total Expenses",Government Financial Statistics - GFS,Total,Public order and safety,,,,Dollars,6
GFSA.SCS03G00Z00703,2024.06,8308,FINAL,"Central Government, Expenses by Function, Total Expenses",Government Financial Statistics - GFS,Total,Public order and safety,,,,Dollars,6
GFSA.SCS03G00Z00703,2025.06,8604,FINAL,"Central Government, Expenses by Function, Total Expenses",Government Financial Statistics - GFS,Total,Public order and safety,,,,Dollars,6
GFSA.SCS03G00Z00704,2009.06,4948,FINAL,"Central Government, Expenses by Function, Total Expenses",Government Financial Statistics - GFS,Total,Economic affairs,,,,Dollars,6
GFSA.SCS03G00Z00704,2010.06,5542,FINAL,"Central Government, Expenses by Function, Total Expenses",Government Financial Statistics - GFS,Total,Economic affairs,,,,Dollars,6
GFSA.SCS03G00Z00704,2011.06,5929,FINAL,"Central Government, Expenses by Function, Total Expenses",Government Financial Statistics - GFS,Total,Economic affairs,,,,Dollars,6
GFSA.SCS03G00Z00704,2012.06,5543,FINAL,"Central Government, Expenses by Function, Total Expenses",Government Financial Statistics - GFS,Total,Economic affairs,,,,Dollars,6
GFSA.SCS03G00Z00704,2013.06,5310,REVISED,"Central Government, Expenses by Function, Total Expenses",Government Financial Statistics - GFS,Total,Economic affairs,,,,Dollars,6
GFSA.SCS03G00Z00704,2014.06,5481,REVISED,"Central Government, Expenses by Function, Total Expenses",Government Financial Statistics - GFS,Total,Economic affairs,,,,Dollars,6
GFSA.SCS03G00Z00704,2015.06,5945,REVISED,"Central Government, Expenses by Function, Total Expenses",Government Financial Statistics - GFS,Total,Economic affairs,,,,Dollars,6
GFSA.SCS03G00Z00704,2016.06,6151,REVISED,"Central Government, Expenses by Function, Total Expenses",Government Financial Statistics - GFS,Total,Economic affairs,,,,Dollars,6
GFSA.SCS03G00Z00704,2017.06,6211,FINAL,"Central Government, Expenses by Function, Total Expenses",Government Financial Statistics - GFS,Total,Economic affairs,,,,Dollars,6
GFSA.SCS03G00Z00704,2018.06,7585,REVISED,"Central Government, Expenses by Function, Total Expenses",Government Financial Statistics - GFS,Total,Economic affairs,,,,Dollars,6
GFSA.SCS03G00Z00704,2019.06,7465,FINAL,"Central Government, Expenses by Function, Total Expenses",Government Financial Statistics - GFS,Total,Economic affairs,,,,Dollars,6
GFSA.SCS03G00Z00704,2020.06,21324,REVISED,"Central Government, Expenses by Function, Total Expenses",Government Financial Statistics - GFS,Total,Economic affairs,,,,Dollars,6
GFSA.SCS03G00Z00704,2021.06,13034,REVISED,"Central Government, Expenses by Function, Total Expenses",Government Financial Statistics - GFS,Total,Economic affairs,,,,Dollars,6
GFSA.SCS03G00Z00704,2022.06,16927,FINAL,"Central Government, Expenses by Function, Total Expenses",Government Financial Statistics - GFS,Total,Economic affairs,,,,Dollars,6
GFSA.SCS03G00Z00704,2023.06,13782,REVISED,"Central Government, Expenses by Function, Total Expenses",Government Financial Statistics - GFS,Total,Economic affairs,,,,Dollars,6
GFSA.SCS03G00Z00704,2024.06,14663,REVISED,"Central Government, Expenses by Function, Total Expenses",Government Financial Statistics - GFS,Total,Economic affairs,,,,Dollars,6
GFSA.SCS03G00Z00704,2025.06,13591,FINAL,"Central Government, Expenses by Function, Total Expenses",Government Financial Statistics - GFS,Total,Economic affairs,,,,Dollars,6
GFSA.SCS03G00Z00705,2009.06,591,FINAL,"Central Government, Expenses by Function, Total Expenses",Government Financial Statistics - GFS,Total,Environmental protection,,,,Dollars,6
GFSA.SCS03G00Z00705,2010.06,876,FINAL,"Central Government, Expenses by Function, Total Expenses",Government Financial Statistics - GFS,Total,Environmental protection,,,,Dollars,6
GFSA.SCS03G00Z00705,2011.06,658,FINAL,"Central Government, Expenses by Function, Total Expenses",Government Financial Statistics - GFS,Total,Environmental protection,,,,Dollars,6
GFSA.SCS03G00Z00705,2012.06,698,FINAL,"Central Government, Expenses by Function, Total Expenses",Government Financial Statistics - GFS,Total,Environmental protection,,,,Dollars,6
GFSA.SCS03G00Z00705,2013.06,681,FINAL,"Central Government, Expenses by Function, Total Expenses",Government Financial Statistics - GFS,Total,Environmental protection,,,,Dollars,6
GFSA.SCS03G00Z00705,2014.06,735,FINAL,"Central Government, Expenses by Function, Total Expenses",Government Financial Statistics - GFS,Total,Environmental protection,,,,Dollars,6
GFSA.SCS03G00Z00705,2015.06,682,FINAL,"Central Government, Expenses by Function, Total Expenses",Government Financial Statistics - GFS,Total,Environmental protection,,,,Dollars,6
GFSA.SCS03G00Z00705,2016.06,684,FINAL,"Central Government, Expenses by Function, Total Expenses",Government Financial Statistics - GFS,Total,Environmental protection,,,,Dollars,6
GFSA.SCS03G00Z00705,2017.06,728,FINAL,"Central Government, Expenses by Function, Total Expenses",Government Financial Statistics - GFS,Total,Environmental protection,,,,Dollars,6
GFSA.SCS03G00Z00705,2018.06,835,FINAL,"Central Government, Expenses by Function, Total Expenses",Government Financial Statistics - GFS,Total,Environmental protection,,,,Dollars,6
GFSA.SCS03G00Z00705,2019.06,909,FINAL,"Central Government, Expenses by Function, Total Expenses",Government Financial Statistics - GFS,Total,Environmental protection,,,,Dollars,6
GFSA.SCS03G00Z00705,2020.06,1028,FINAL,"Central Government, Expenses by Function, Total Expenses",Government Financial Statistics - GFS,Total,Environmental protection,,,,Dollars,6
GFSA.SCS03G00Z00705,2021.06,1192,FINAL,"Central Government, Expenses by Function, Total Expenses",Government Financial Statistics - GFS,Total,Environmental protection,,,,Dollars,6
GFSA.SCS03G00Z00705,2022.06,1333,FINAL,"Central Government, Expenses by Function, Total Expenses",Government Financial Statistics - GFS,Total,Environmental protection,,,,Dollars,6
GFSA.SCS03G00Z00705,2023.06,1531,FINAL,"Central Government, Expenses by Function, Total Expenses",Government Financial Statistics - GFS,Total,Environmental protection,,,,Dollars,6
GFSA.SCS03G00Z00705,2024.06,1661,REVISED,"Central Government, Expenses by Function, Total Expenses",Government Financial Statistics - GFS,Total,Environmental protection,,,,Dollars,6
GFSA.SCS03G00Z00705,2025.06,1608,FINAL,"Central Government, Expenses by Function, Total Expenses",Government Financial Statistics - GFS,Total,Environmental protection,,,,Dollars,6
GFSA.SCS03G00Z00706,2009.06,73,FINAL,"Central Government, Expenses by Function, Total Expenses",Government Financial Statistics - GFS,Total,Housing and community amenities,,,,Dollars,6
GFSA.SCS03G00Z00706,2010.06,74,FINAL,"Central Government, Expenses by Function, Total Expenses",Government Financial Statistics - GFS,Total,Housing and community amenities,,,,Dollars,6
GFSA.SCS03G00Z00706,2011.06,741,FINAL,"Central Government, Expenses by Function, Total Expenses",Government Financial Statistics - GFS,Total,Housing and community amenities,,,,Dollars,6
GFSA.SCS03G00Z00706,2012.06,1221,FINAL,"Central Government, Expenses by Function, Total Expenses",Government Financial Statistics - GFS,Total,Housing and community amenities,,,,Dollars,6
GFSA.SCS03G00Z00706,2013.06,766,FINAL,"Central Government, Expenses by Function, Total Expenses",Government Financial Statistics - GFS,Total,Housing and community amenities,,,,Dollars,6
GFSA.SCS03G00Z00706,2014.06,511,FINAL,"Central Government, Expenses by Function, Total Expenses",Government Financial Statistics - GFS,Total,Housing and community amenities,,,,Dollars,6
GFSA.SCS03G00Z00706,2015.06,424,FINAL,"Central Government, Expenses by Function, Total Expenses",Government Financial Statistics - GFS,Total,Housing and community amenities,,,,Dollars,6
GFSA.SCS03G00Z00706,2016.06,525,FINAL,"Central Government, Expenses by Function, Total Expenses",Government Financial Statistics - GFS,Total,Housing and community amenities,,,,Dollars,6
GFSA.SCS03G00Z00706,2017.06,229,FINAL,"Central Government, Expenses by Function, Total Expenses",Government Financial Statistics - GFS,Total,Housing and community amenities,,,,Dollars,6
GFSA.SCS03G00Z00706,2018.06,199,FINAL,"Central Government, Expenses by Function, Total Expenses",Government Financial Statistics - GFS,Total,Housing and community amenities,,,,Dollars,6
GFSA.SCS03G00Z00706,2019.06,1560,FINAL,"Central Government, Expenses by Function, Total Expenses",Government Financial Statistics - GFS,Total,Housing and community amenities,,,,Dollars,6
GFSA.SCS03G00Z00706,2020.06,1947,FINAL,"Central Government, Expenses by Function, Total Expenses",Government Financial Statistics - GFS,Total,Housing and community amenities,,,,Dollars,6
GFSA.SCS03G00Z00706,2021.06,2406,FINAL,"Central Government, Expenses by Function, Total Expenses",Government Financial Statistics - GFS,Total,Housing and community amenities,,,,Dollars,6
GFSA.SCS03G00Z00706,2022.06,2754,FINAL,"Central Government, Expenses by Function, Total Expenses",Government Financial Statistics - GFS,Total,Housing and community amenities,,,,Dollars,6
GFSA.SCS03G00Z00706,2023.06,2700,FINAL,"Central Government, Expenses by Function, Total Expenses",Government Financial Statistics - GFS,Total,Housing and community amenities,,,,Dollars,6
GFSA.SCS03G00Z00706,2024.06,3372,REVISED,"Central Government, Expenses by Function, Total Expenses",Government Financial Statistics - GFS,Total,Housing and community amenities,,,,Dollars,6
GFSA.SCS03G00Z00706,2025.06,3258,FINAL,"Central Government, Expenses by Function, Total Expenses",Government Financial Statistics - GFS,Total,Housing and community amenities,,,,Dollars,6
GFSA.SCS03G00Z00707,2009.06,13426,FINAL,"Central Government, Expenses by Function, Total Expenses",Government Financial Statistics - GFS,Total,Health,,,,Dollars,6
GFSA.SCS03G00Z00707,2010.06,13772,FINAL,"Central Government, Expenses by Function, Total Expenses",Government Financial Statistics - GFS,Total,Health,,,,Dollars,6
GFSA.SCS03G00Z00707,2011.06,14147,FINAL,"Central Government, Expenses by Function, Total Expenses",Government Financial Statistics - GFS,Total,Health,,,,Dollars,6
GFSA.SCS03G00Z00707,2012.06,15021,FINAL,"Central Government, Expenses by Function, Total Expenses",Government Financial Statistics - GFS,Total,Health,,,,Dollars,6
GFSA.SCS03G00Z00707,2013.06,15845,FINAL,"Central Government, Expenses by Function, Total Expenses",Government Financial Statistics - GFS,Total,Health,,,,Dollars,6
GFSA.SCS03G00Z00707,2014.06,16358,FINAL,"Central Government, Expenses by Function, Total Expenses",Government Financial Statistics - GFS,Total,Health,,,,Dollars,6
GFSA.SCS03G00Z00707,2015.06,16789,FINAL,"Central Government, Expenses by Function, Total Expenses",Government Financial Statistics - GFS,Total,Health,,,,Dollars,6
GFSA.SCS03G00Z00707,2016.06,17390,FINAL,"Central Government, Expenses by Function, Total Expenses",Government Financial Statistics - GFS,Total,Health,,,,Dollars,6
GFSA.SCS03G00Z00707,2017.06,17851,FINAL,"Central Government, Expenses by Function, Total Expenses",Government Financial Statistics - GFS,Total,Health,,,,Dollars,6
GFSA.SCS03G00Z00707,2018.06,19048,FINAL,"Central Government, Expenses by Function, Total Expenses",Government Financial Statistics - GFS,Total,Health,,,,Dollars,6
GFSA.SCS03G00Z00707,2019.06,20827,FINAL,"Central Government, Expenses by Function, Total Expenses",Government Financial Statistics - GFS,Total,Health,,,,Dollars,6
GFSA.SCS03G00Z00707,2020.06,22520,FINAL,"Central Government, Expenses by Function, Total Expenses",Government Financial Statistics - GFS,Total,Health,,,,Dollars,6
GFSA.SCS03G00Z00707,2021.06,25822,FINAL,"Central Government, Expenses by Function, Total Expenses",Government Financial Statistics - GFS,Total,Health,,,,Dollars,6
GFSA.SCS03G00Z00707,2022.06,31191,FINAL,"Central Government, Expenses by Function, Total Expenses",Government Financial Statistics - GFS,Total,Health,,,,Dollars,6
GFSA.SCS03G00Z00707,2023.06,30499,REVISED,"Central Government, Expenses by Function, Total Expenses",Government Financial Statistics - GFS,Total,Health,,,,Dollars,6
GFSA.SCS03G00Z00707,2024.06,31764,REVISED,"Central Government, Expenses by Function, Total Expenses",Government Financial Statistics - GFS,Total,Health,,,,Dollars,6
GFSA.SCS03G00Z00707,2025.06,33077,FINAL,"Central Government, Expenses by Function, Total Expenses",Government Financial Statistics - GFS,Total,Health,,,,Dollars,6
GFSA.SCS03G00Z00708,2009.06,808,FINAL,"Central Government, Expenses by Function, Total Expenses",Government Financial Statistics - GFS,Total,"Recreation, culture, and religion",,,,Dollars,6
GFSA.SCS03G00Z00708,2010.06,862,FINAL,"Central Government, Expenses by Function, Total Expenses",Government Financial Statistics - GFS,Total,"Recreation, culture, and religion",,,,Dollars,6
GFSA.SCS03G00Z00708,2011.06,864,FINAL,"Central Government, Expenses by Function, Total Expenses",Government Financial Statistics - GFS,Total,"Recreation, culture, and religion",,,,Dollars,6
GFSA.SCS03G00Z00708,2012.06,882,FINAL,"Central Government, Expenses by Function, Total Expenses",Government Financial Statistics - GFS,Total,"Recreation, culture, and religion",,,,Dollars,6
GFSA.SCS03G00Z00708,2013.06,891,FINAL,"Central Government, Expenses by Function, Total Expenses",Government Financial Statistics - GFS,Total,"Recreation, culture, and religion",,,,Dollars,6
GFSA.SCS03G00Z00708,2014.06,999,FINAL,"Central Government, Expenses by Function, Total Expenses",Government Financial Statistics - GFS,Total,"Recreation, culture, and religion",,,,Dollars,6
GFSA.SCS03G00Z00708,2015.06,979,FINAL,"Central Government, Expenses by Function, Total Expenses",Government Financial Statistics - GFS,Total,"Recreation, culture, and religion",,,,Dollars,6
GFSA.SCS03G00Z00708,2016.06,974,FINAL,"Central Government, Expenses by Function, Total Expenses",Government Financial Statistics - GFS,Total,"Recreation, culture, and religion",,,,Dollars,6
GFSA.SCS03G00Z00708,2017.06,1109,FINAL,"Central Government, Expenses by Function, Total Expenses",Government Financial Statistics - GFS,Total,"Recreation, culture, and religion",,,,Dollars,6
GFSA.SCS03G00Z00708,2018.06,1093,FINAL,"Central Government, Expenses by Function, Total Expenses",Government Financial Statistics - GFS,Total,"Recreation, culture, and religion",,,,Dollars,6
GFSA.SCS03G00Z00708,2019.06,1150,FINAL,"Central Government, Expenses by Function, Total Expenses",Government Financial Statistics - GFS,Total,"Recreation, culture, and religion",,,,Dollars,6
GFSA.SCS03G00Z00708,2020.06,1282,FINAL,"Central Government, Expenses by Function, Total Expenses",Government Financial Statistics - GFS,Total,"Recreation, culture, and religion",,,,Dollars,6
GFSA.SCS03G00Z00708,2021.06,1540,FINAL,"Central Government, Expenses by Function, Total Expenses",Government Financial Statistics - GFS,Total,"Recreation, culture, and religion",,,,Dollars,6
GFSA.SCS03G00Z00708,2022.06,1888,FINAL,"Central Government, Expenses by Function, Total Expenses",Government Financial Statistics - GFS,Total,"Recreation, culture, and religion",,,,Dollars,6
GFSA.SCS03G00Z00708,2023.06,2158,FINAL,"Central Government, Expenses by Function, Total Expenses",Government Financial Statistics - GFS,Total,"Recreation, culture, and religion",,,,Dollars,6
GFSA.SCS03G00Z00708,2024.06,1951,REVISED,"Central Government, Expenses by Function, Total Expenses",Government Financial Statistics - GFS,Total,"Recreation, culture, and religion",,,,Dollars,6
GFSA.SCS03G00Z00708,2025.06,1867,FINAL,"Central Government, Expenses by Function, Total Expenses",Government Financial Statistics - GFS,Total,"Recreation, culture, and religion",,,,Dollars,6
GFSA.SCS03G00Z00709,2009.06,12433,REVISED,"Central Government, Expenses by Function, Total Expenses",Government Financial Statistics - GFS,Total,Education,,,,Dollars,6
GFSA.SCS03G00Z00709,2010.06,13156,REVISED,"Central Government, Expenses by Function, Total Expenses",Government Financial Statistics - GFS,Total,Education,,,,Dollars,6
GFSA.SCS03G00Z00709,2011.06,13670,REVISED,"Central Government, Expenses by Function, Total Expenses",Government Financial Statistics - GFS,Total,Education,,,,Dollars,6
GFSA.SCS03G00Z00709,2012.06,13959,REVISED,"Central Government, Expenses by Function, Total Expenses",Government Financial Statistics - GFS,Total,Education,,,,Dollars,6
GFSA.SCS03G00Z00709,2013.06,14030,REVISED,"Central Government, Expenses by Function, Total Expenses",Government Financial Statistics - GFS,Total,Education,,,,Dollars,6
GFSA.SCS03G00Z00709,2014.06,14530,REVISED,"Central Government, Expenses by Function, Total Expenses",Government Financial Statistics - GFS,Total,Education,,,,Dollars,6
GFSA.SCS03G00Z00709,2015.06,15168,REVISED,"Central Government, Expenses by Function, Total Expenses",Government Financial Statistics - GFS,Total,Education,,,,Dollars,6
GFSA.SCS03G00Z00709,2016.06,15528,REVISED,"Central Government, Expenses by Function, Total Expenses",Government Financial Statistics - GFS,Total,Education,,,,Dollars,6
GFSA.SCS03G00Z00709,2017.06,15980,REVISED,"Central Government, Expenses by Function, Total Expenses",Government Financial Statistics - GFS,Total,Education,,,,Dollars,6
GFSA.SCS03G00Z00709,2018.06,16373,REVISED,"Central Government, Expenses by Function, Total Expenses",Government Financial Statistics - GFS,Total,Education,,,,Dollars,6
GFSA.SCS03G00Z00709,2019.06,17943,REVISED,"Central Government, Expenses by Function, Total Expenses",Government Financial Statistics - GFS,Total,Education,,,,Dollars,6
GFSA.SCS03G00Z00709,2020.06,19879,REVISED,"Central Government, Expenses by Function, Total Expenses",Government Financial Statistics - GFS,Total,Education,,,,Dollars,6
GFSA.SCS03G00Z00709,2021.06,19261,REVISED,"Central Government, Expenses by Function, Total Expenses",Government Financial Statistics - GFS,Total,Education,,,,Dollars,6
GFSA.SCS03G00Z00709,2022.06,20960,REVISED,"Central Government, Expenses by Function, Total Expenses",Government Financial Statistics - GFS,Total,Education,,,,Dollars,6
GFSA.SCS03G00Z00709,2023.06,22002,REVISED,"Central Government, Expenses by Function, Total Expenses",Government Financial Statistics - GFS,Total,Education,,,,Dollars,6
GFSA.SCS03G00Z00709,2024.06,23463,REVISED,"Central Government, Expenses by Function, Total Expenses",Government Financial Statistics - GFS,Total,Education,,,,Dollars,6
GFSA.SCS03G00Z00709,2025.06,23802,FINAL,"Central Government, Expenses by Function, Total Expenses",Government Financial Statistics - GFS,Total,Education,,,,Dollars,6
GFSA.SCS03G00Z00710,2009.06,23713,FINAL,"Central Government, Expenses by Function, Total Expenses",Government Financial Statistics - GFS,Total,Social protection,,,,Dollars,6
GFSA.SCS03G00Z00710,2010.06,24559,FINAL,"Central Government, Expenses by Function, Total Expenses",Government Financial Statistics - GFS,Total,Social protection,,,,Dollars,6
GFSA.SCS03G00Z00710,2011.06,35035,FINAL,"Central Government, Expenses by Function, Total Expenses",Government Financial Statistics - GFS,Total,Social protection,,,,Dollars,6
GFSA.SCS03G00Z00710,2012.06,25975,FINAL,"Central Government, Expenses by Function, Total Expenses",Government Financial Statistics - GFS,Total,Social protection,,,,Dollars,6
GFSA.SCS03G00Z00710,2013.06,26098,REVISED,"Central Government, Expenses by Function, Total Expenses",Government Financial Statistics - GFS,Total,Social protection,,,,Dollars,6
GFSA.SCS03G00Z00710,2014.06,27017,REVISED,"Central Government, Expenses by Function, Total Expenses",Government Financial Statistics - GFS,Total,Social protection,,,,Dollars,6
GFSA.SCS03G00Z00710,2015.06,28165,REVISED,"Central Government, Expenses by Function, Total Expenses",Government Financial Statistics - GFS,Total,Social protection,,,,Dollars,6
GFSA.SCS03G00Z00710,2016.06,28692,REVISED,"Central Government, Expenses by Function, Total Expenses",Government Financial Statistics - GFS,Total,Social protection,,,,Dollars,6
GFSA.SCS03G00Z00710,2017.06,29998,FINAL,"Central Government, Expenses by Function, Total Expenses",Government Financial Statistics - GFS,Total,Social protection,,,,Dollars,6
GFSA.SCS03G00Z00710,2018.06,30544,FINAL,"Central Government, Expenses by Function, Total Expenses",Government Financial Statistics - GFS,Total,Social protection,,,,Dollars,6
GFSA.SCS03G00Z00710,2019.06,32801,FINAL,"Central Government, Expenses by Function, Total Expenses",Government Financial Statistics - GFS,Total,Social protection,,,,Dollars,6
GFSA.SCS03G00Z00710,2020.06,35401,FINAL,"Central Government, Expenses by Function, Total Expenses",Government Financial Statistics - GFS,Total,Social protection,,,,Dollars,6
GFSA.SCS03G00Z00710,2021.06,40401,FINAL,"Central Government, Expenses by Function, Total Expenses",Government Financial Statistics - GFS,Total,Social protection,,,,Dollars,6
GFSA.SCS03G00Z00710,2022.06,46176,FINAL,"Central Government, Expenses by Function, Total Expenses",Government Financial Statistics - GFS,Total,Social protection,,,,Dollars,6
GFSA.SCS03G00Z00710,2023.06,49277,FINAL,"Central Government, Expenses by Function, Total Expenses",Government Financial Statistics - GFS,Total,Social protection,,,,Dollars,6
GFSA.SCS03G00Z00710,2024.06,52467,REVISED,"Central Government, Expenses by Function, Total Expenses",Government Financial Statistics - GFS,Total,Social protection,,,,Dollars,6
GFSA.SCS03G00Z00710,2025.06,55961,FINAL,"Central Government, Expenses by Function, Total Expenses",Government Financial Statistics - GFS,Total,Social protection,,,,Dollars,6
GFSA.SCS03G03700,2009.06,66184,REVISED,"Central Government, Expenses by Function, Operating Expenses",Government Financial Statistics - GFS,Total,,,,,Dollars,6
GFSA.SCS03G03700,2010.06,69450,REVISED,"Central Government, Expenses by Function, Operating Expenses",Government Financial Statistics - GFS,Total,,,,,Dollars,6
GFSA.SCS03G03700,2011.06,85223,REVISED,"Central Government, Expenses by Function, Operating Expenses",Government Financial Statistics - GFS,Total,,,,,Dollars,6
GFSA.SCS03G03700,2012.06,76025,REVISED,"Central Government, Expenses by Function, Operating Expenses",Government Financial Statistics - GFS,Total,,,,,Dollars,6
GFSA.SCS03G03700,2013.06,76860,REVISED,"Central Government, Expenses by Function, Operating Expenses",Government Financial Statistics - GFS,Total,,,,,Dollars,6
GFSA.SCS03G03700,2014.06,78408,REVISED,"Central Government, Expenses by Function, Operating Expenses",Government Financial Statistics - GFS,Total,,,,,Dollars,6
GFSA.SCS03G03700,2015.06,80362,REVISED,"Central Government, Expenses by Function, Operating Expenses",Government Financial Statistics - GFS,Total,,,,,Dollars,6
GFSA.SCS03G03700,2016.06,83203,REVISED,"Central Government, Expenses by Function, Operating Expenses",Government Financial Statistics - GFS,Total,,,,,Dollars,6
GFSA.SCS03G03700,2017.06,86771,REVISED,"Central Government, Expenses by Function, Operating Expenses",Government Financial Statistics - GFS,Total,,,,,Dollars,6
GFSA.SCS03G03700,2018.06,90853,REVISED,"Central Government, Expenses by Function, Operating Expenses",Government Financial Statistics - GFS,Total,,,,,Dollars,6
GFSA.SCS03G03700,2019.06,98546,REVISED,"Central Government, Expenses by Function, Operating Expenses",Government Financial Statistics - GFS,Total,,,,,Dollars,6
GFSA.SCS03G03700,2020.06,119713,REVISED,"Central Government, Expenses by Function, Operating Expenses",Government Financial Statistics - GFS,Total,,,,,Dollars,6
GFSA.SCS03G03700,2021.06,121327,REVISED,"Central Government, Expenses by Function, Operating Expenses",Government Financial Statistics - GFS,Total,,,,,Dollars,6
GFSA.SCS03G03700,2022.06,140451,REVISED,"Central Government, Expenses by Function, Operating Expenses",Government Financial Statistics - GFS,Total,,,,,Dollars,6
GFSA.SCS03G03700,2023.06,143733,REVISED,"Central Government, Expenses by Function, Operating Expenses",Government Financial Statistics - GFS,Total,,,,,Dollars,6
GFSA.SCS03G03700,2024.06,153531,REVISED,"Central Government, Expenses by Function, Operating Expenses",Government Financial Statistics - GFS,Total,,,,,Dollars,6
GFSA.SCS03G03700,2025.06,157988,FINAL,"Central Government, Expenses by Function, Operating Expenses",Government Financial Statistics - GFS,Total,,,,,Dollars,6
GFSA.SCS03G03701,2009.06,6561,FINAL,"Central Government, Expenses by Function, Operating Expenses",Government Financial Statistics - GFS,General public services,,,,,Dollars,6
GFSA.SCS03G03701,2010.06,6250,FINAL,"Central Government, Expenses by Function, Operating Expenses",Government Financial Statistics - GFS,General public services,,,,,Dollars,6
GFSA.SCS03G03701,2011.06,9053,FINAL,"Central Government, Expenses by Function, Operating Expenses",Government Financial Statistics - GFS,General public services,,,,,Dollars,6
GFSA.SCS03G03701,2012.06,7619,FINAL,"Central Government, Expenses by Function, Operating Expenses",Government Financial Statistics - GFS,General public services,,,,,Dollars,6
GFSA.SCS03G03701,2013.06,7771,FINAL,"Central Government, Expenses by Function, Operating Expenses",Government Financial Statistics - GFS,General public services,,,,,Dollars,6
GFSA.SCS03G03701,2014.06,7771,FINAL,"Central Government, Expenses by Function, Operating Expenses",Government Financial Statistics - GFS,General public services,,,,,Dollars,6
GFSA.SCS03G03701,2015.06,7761,FINAL,"Central Government, Expenses by Function, Operating Expenses",Government Financial Statistics - GFS,General public services,,,,,Dollars,6
GFSA.SCS03G03701,2016.06,8601,FINAL,"Central Government, Expenses by Function, Operating Expenses",Government Financial Statistics - GFS,General public services,,,,,Dollars,6
GFSA.SCS03G03701,2017.06,9984,FINAL,"Central Government, Expenses by Function, Operating Expenses",Government Financial Statistics - GFS,General public services,,,,,Dollars,6
GFSA.SCS03G03701,2018.06,10254,FINAL,"Central Government, Expenses by Function, Operating Expenses",Government Financial Statistics - GFS,General public services,,,,,Dollars,6
GFSA.SCS03G03701,2019.06,10345,FINAL,"Central Government, Expenses by Function, Operating Expenses",Government Financial Statistics - GFS,General public services,,,,,Dollars,6
GFSA.SCS03G03701,2020.06,10376,FINAL,"Central Government, Expenses by Function, Operating Expenses",Government Financial Statistics - GFS,General public services,,,,,Dollars,6
GFSA.SCS03G03701,2021.06,10874,FINAL,"Central Government, Expenses by Function, Operating Expenses",Government Financial Statistics - GFS,General public services,,,,,Dollars,6
GFSA.SCS03G03701,2022.06,12495,FINAL,"Central Government, Expenses by Function, Operating Expenses",Government Financial Statistics - GFS,General public services,,,,,Dollars,6
GFSA.SCS03G03701,2023.06,13909,REVISED,"Central Government, Expenses by Function, Operating Expenses",Government Financial Statistics - GFS,General public services,,,,,Dollars,6
GFSA.SCS03G03701,2024.06,16183,REVISED,"Central Government, Expenses by Function, Operating Expenses",Government Financial Statistics - GFS,General public services,,,,,Dollars,6
GFSA.SCS03G03701,2025.06,16955,FINAL,"Central Government, Expenses by Function, Operating Expenses",Government Financial Statistics - GFS,General public services,,,,,Dollars,6
GFSA.SCS03G03702,2009.06,1632,FINAL,"Central Government, Expenses by Function, Operating Expenses",Government Financial Statistics - GFS,Defence,,,,,Dollars,6
GFSA.SCS03G03702,2010.06,1851,FINAL,"Central Government, Expenses by Function, Operating Expenses",Government Financial Statistics - GFS,Defence,,,,,Dollars,6
GFSA.SCS03G03702,2011.06,1716,FINAL,"Central Government, Expenses by Function, Operating Expenses",Government Financial Statistics - GFS,Defence,,,,,Dollars,6
GFSA.SCS03G03702,2012.06,1461,FINAL,"Central Government, Expenses by Function, Operating Expenses",Government Financial Statistics - GFS,Defence,,,,,Dollars,6
GFSA.SCS03G03702,2013.06,1637,FINAL,"Central Government, Expenses by Function, Operating Expenses",Government Financial Statistics - GFS,Defence,,,,,Dollars,6
GFSA.SCS03G03702,2014.06,1670,FINAL,"Central Government, Expenses by Function, Operating Expenses",Government Financial Statistics - GFS,Defence,,,,,Dollars,6
GFSA.SCS03G03702,2015.06,1700,FINAL,"Central Government, Expenses by Function, Operating Expenses",Government Financial Statistics - GFS,Defence,,,,,Dollars,6
GFSA.SCS03G03702,2016.06,1770,FINAL,"Central Government, Expenses by Function, Operating Expenses",Government Financial Statistics - GFS,Defence,,,,,Dollars,6
GFSA.SCS03G03702,2017.06,1900,FINAL,"Central Government, Expenses by Function, Operating Expenses",Government Financial Statistics - GFS,Defence,,,,,Dollars,6
GFSA.SCS03G03702,2018.06,1923,FINAL,"Central Government, Expenses by Function, Operating Expenses",Government Financial Statistics - GFS,Defence,,,,,Dollars,6
GFSA.SCS03G03702,2019.06,2023,FINAL,"Central Government, Expenses by Function, Operating Expenses",Government Financial Statistics - GFS,Defence,,,,,Dollars,6
GFSA.SCS03G03702,2020.06,2113,FINAL,"Central Government, Expenses by Function, Operating Expenses",Government Financial Statistics - GFS,Defence,,,,,Dollars,6
GFSA.SCS03G03702,2021.06,2305,FINAL,"Central Government, Expenses by Function, Operating Expenses",Government Financial Statistics - GFS,Defence,,,,,Dollars,6
GFSA.SCS03G03702,2022.06,2219,FINAL,"Central Government, Expenses by Function, Operating Expenses",Government Financial Statistics - GFS,Defence,,,,,Dollars,6
GFSA.SCS03G03702,2023.06,2334,REVISED,"Central Government, Expenses by Function, Operating Expenses",Government Financial Statistics - GFS,Defence,,,,,Dollars,6
GFSA.SCS03G03702,2024.06,2528,REVISED,"Central Government, Expenses by Function, Operating Expenses",Government Financial Statistics - GFS,Defence,,,,,Dollars,6
GFSA.SCS03G03702,2025.06,2577,FINAL,"Central Government, Expenses by Function, Operating Expenses",Government Financial Statistics - GFS,Defence,,,,,Dollars,6
GFSA.SCS03G03703,2009.06,3625,FINAL,"Central Government, Expenses by Function, Operating Expenses",Government Financial Statistics - GFS,Public order and safety,,,,,Dollars,6
GFSA.SCS03G03703,2010.06,3771,FINAL,"Central Government, Expenses by Function, Operating Expenses",Government Financial Statistics - GFS,Public order and safety,,,,,Dollars,6
GFSA.SCS03G03703,2011.06,4431,FINAL,"Central Government, Expenses by Function, Operating Expenses",Government Financial Statistics - GFS,Public order and safety,,,,,Dollars,6
GFSA.SCS03G03703,2012.06,4421,FINAL,"Central Government, Expenses by Function, Operating Expenses",Government Financial Statistics - GFS,Public order and safety,,,,,Dollars,6
GFSA.SCS03G03703,2013.06,4656,FINAL,"Central Government, Expenses by Function, Operating Expenses",Government Financial Statistics - GFS,Public order and safety,,,,,Dollars,6
GFSA.SCS03G03703,2014.06,4693,FINAL,"Central Government, Expenses by Function, Operating Expenses",Government Financial Statistics - GFS,Public order and safety,,,,,Dollars,6
GFSA.SCS03G03703,2015.06,4384,FINAL,"Central Government, Expenses by Function, Operating Expenses",Government Financial Statistics - GFS,Public order and safety,,,,,Dollars,6
GFSA.SCS03G03703,2016.06,4875,FINAL,"Central Government, Expenses by Function, Operating Expenses",Government Financial Statistics - GFS,Public order and safety,,,,,Dollars,6
GFSA.SCS03G03703,2017.06,4849,FINAL,"Central Government, Expenses by Function, Operating Expenses",Government Financial Statistics - GFS,Public order and safety,,,,,Dollars,6
GFSA.SCS03G03703,2018.06,5366,FINAL,"Central Government, Expenses by Function, Operating Expenses",Government Financial Statistics - GFS,Public order and safety,,,,,Dollars,6
GFSA.SCS03G03703,2019.06,5622,FINAL,"Central Government, Expenses by Function, Operating Expenses",Government Financial Statistics - GFS,Public order and safety,,,,,Dollars,6
GFSA.SCS03G03703,2020.06,6134,FINAL,"Central Government, Expenses by Function, Operating Expenses",Government Financial Statistics - GFS,Public order and safety,,,,,Dollars,6
GFSA.SCS03G03703,2021.06,6864,FINAL,"Central Government, Expenses by Function, Operating Expenses",Government Financial Statistics - GFS,Public order and safety,,,,,Dollars,6
GFSA.SCS03G03703,2022.06,6964,FINAL,"Central Government, Expenses by Function, Operating Expenses",Government Financial Statistics - GFS,Public order and safety,,,,,Dollars,6
GFSA.SCS03G03703,2023.06,7765,FINAL,"Central Government, Expenses by Function, Operating Expenses",Government Financial Statistics - GFS,Public order and safety,,,,,Dollars,6
GFSA.SCS03G03703,2024.06,8310,FINAL,"Central Government, Expenses by Function, Operating Expenses",Government Financial Statistics - GFS,Public order and safety,,,,,Dollars,6
GFSA.SCS03G03703,2025.06,8319,FINAL,"Central Government, Expenses by Function, Operating Expenses",Government Financial Statistics - GFS,Public order and safety,,,,,Dollars,6
GFSA.SCS03G03704,2009.06,4088,FINAL,"Central Government, Expenses by Function, Operating Expenses",Government Financial Statistics - GFS,Economic affairs,,,,,Dollars,6
GFSA.SCS03G03704,2010.06,4680,FINAL,"Central Government, Expenses by Function, Operating Expenses",Government Financial Statistics - GFS,Economic affairs,,,,,Dollars,6
GFSA.SCS03G03704,2011.06,5057,FINAL,"Central Government, Expenses by Function, Operating Expenses",Government Financial Statistics - GFS,Economic affairs,,,,,Dollars,6
GFSA.SCS03G03704,2012.06,4875,FINAL,"Central Government, Expenses by Function, Operating Expenses",Government Financial Statistics - GFS,Economic affairs,,,,,Dollars,6
GFSA.SCS03G03704,2013.06,4703,REVISED,"Central Government, Expenses by Function, Operating Expenses",Government Financial Statistics - GFS,Economic affairs,,,,,Dollars,6
GFSA.SCS03G03704,2014.06,4580,REVISED,"Central Government, Expenses by Function, Operating Expenses",Government Financial Statistics - GFS,Economic affairs,,,,,Dollars,6
GFSA.SCS03G03704,2015.06,4745,REVISED,"Central Government, Expenses by Function, Operating Expenses",Government Financial Statistics - GFS,Economic affairs,,,,,Dollars,6
GFSA.SCS03G03704,2016.06,4972,FINAL,"Central Government, Expenses by Function, Operating Expenses",Government Financial Statistics - GFS,Economic affairs,,,,,Dollars,6
GFSA.SCS03G03704,2017.06,4905,FINAL,"Central Government, Expenses by Function, Operating Expenses",Government Financial Statistics - GFS,Economic affairs,,,,,Dollars,6
GFSA.SCS03G03704,2018.06,5697,REVISED,"Central Government, Expenses by Function, Operating Expenses",Government Financial Statistics - GFS,Economic affairs,,,,,Dollars,6
GFSA.SCS03G03704,2019.06,6239,REVISED,"Central Government, Expenses by Function, Operating Expenses",Government Financial Statistics - GFS,Economic affairs,,,,,Dollars,6
GFSA.SCS03G03704,2020.06,19991,REVISED,"Central Government, Expenses by Function, Operating Expenses",Government Financial Statistics - GFS,Economic affairs,,,,,Dollars,6
GFSA.SCS03G03704,2021.06,12048,REVISED,"Central Government, Expenses by Function, Operating Expenses",Government Financial Statistics - GFS,Economic affairs,,,,,Dollars,6
GFSA.SCS03G03704,2022.06,15991,REVISED,"Central Government, Expenses by Function, Operating Expenses",Government Financial Statistics - GFS,Economic affairs,,,,,Dollars,6
GFSA.SCS03G03704,2023.06,12726,REVISED,"Central Government, Expenses by Function, Operating Expenses",Government Financial Statistics - GFS,Economic affairs,,,,,Dollars,6
GFSA.SCS03G03704,2024.06,13173,REVISED,"Central Government, Expenses by Function, Operating Expenses",Government Financial Statistics - GFS,Economic affairs,,,,,Dollars,6
GFSA.SCS03G03704,2025.06,11946,FINAL,"Central Government, Expenses by Function, Operating Expenses",Government Financial Statistics - GFS,Economic affairs,,,,,Dollars,6
GFSA.SCS03G03705,2009.06,592,FINAL,"Central Government, Expenses by Function, Operating Expenses",Government Financial Statistics - GFS,Environmental protection,,,,,Dollars,6
GFSA.SCS03G03705,2010.06,799,FINAL,"Central Government, Expenses by Function, Operating Expenses",Government Financial Statistics - GFS,Environmental protection,,,,,Dollars,6
GFSA.SCS03G03705,2011.06,637,FINAL,"Central Government, Expenses by Function, Operating Expenses",Government Financial Statistics - GFS,Environmental protection,,,,,Dollars,6
GFSA.SCS03G03705,2012.06,660,FINAL,"Central Government, Expenses by Function, Operating Expenses",Government Financial Statistics - GFS,Environmental protection,,,,,Dollars,6
GFSA.SCS03G03705,2013.06,686,FINAL,"Central Government, Expenses by Function, Operating Expenses",Government Financial Statistics - GFS,Environmental protection,,,,,Dollars,6
GFSA.SCS03G03705,2014.06,730,FINAL,"Central Government, Expenses by Function, Operating Expenses",Government Financial Statistics - GFS,Environmental protection,,,,,Dollars,6
GFSA.SCS03G03705,2015.06,695,FINAL,"Central Government, Expenses by Function, Operating Expenses",Government Financial Statistics - GFS,Environmental protection,,,,,Dollars,6
GFSA.SCS03G03705,2016.06,718,FINAL,"Central Government, Expenses by Function, Operating Expenses",Government Financial Statistics - GFS,Environmental protection,,,,,Dollars,6
GFSA.SCS03G03705,2017.06,783,FINAL,"Central Government, Expenses by Function, Operating Expenses",Government Financial Statistics - GFS,Environmental protection,,,,,Dollars,6
GFSA.SCS03G03705,2018.06,794,FINAL,"Central Government, Expenses by Function, Operating Expenses",Government Financial Statistics - GFS,Environmental protection,,,,,Dollars,6
GFSA.SCS03G03705,2019.06,891,FINAL,"Central Government, Expenses by Function, Operating Expenses",Government Financial Statistics - GFS,Environmental protection,,,,,Dollars,6
GFSA.SCS03G03705,2020.06,1029,FINAL,"Central Government, Expenses by Function, Operating Expenses",Government Financial Statistics - GFS,Environmental protection,,,,,Dollars,6
GFSA.SCS03G03705,2021.06,1175,FINAL,"Central Government, Expenses by Function, Operating Expenses",Government Financial Statistics - GFS,Environmental protection,,,,,Dollars,6
GFSA.SCS03G03705,2022.06,1244,FINAL,"Central Government, Expenses by Function, Operating Expenses",Government Financial Statistics - GFS,Environmental protection,,,,,Dollars,6
GFSA.SCS03G03705,2023.06,1461,REVISED,"Central Government, Expenses by Function, Operating Expenses",Government Financial Statistics - GFS,Environmental protection,,,,,Dollars,6
GFSA.SCS03G03705,2024.06,1663,REVISED,"Central Government, Expenses by Function, Operating Expenses",Government Financial Statistics - GFS,Environmental protection,,,,,Dollars,6
GFSA.SCS03G03705,2025.06,1573,FINAL,"Central Government, Expenses by Function, Operating Expenses",Government Financial Statistics - GFS,Environmental protection,,,,,Dollars,6
GFSA.SCS03G03706,2009.06,72,FINAL,"Central Government, Expenses by Function, Operating Expenses",Government Financial Statistics - GFS,Housing and community amenities,,,,,Dollars,6
GFSA.SCS03G03706,2010.06,71,FINAL,"Central Government, Expenses by Function, Operating Expenses",Government Financial Statistics - GFS,Housing and community amenities,,,,,Dollars,6
GFSA.SCS03G03706,2011.06,742,FINAL,"Central Government, Expenses by Function, Operating Expenses",Government Financial Statistics - GFS,Housing and community amenities,,,,,Dollars,6
GFSA.SCS03G03706,2012.06,1221,FINAL,"Central Government, Expenses by Function, Operating Expenses",Government Financial Statistics - GFS,Housing and community amenities,,,,,Dollars,6
GFSA.SCS03G03706,2013.06,649,FINAL,"Central Government, Expenses by Function, Operating Expenses",Government Financial Statistics - GFS,Housing and community amenities,,,,,Dollars,6
GFSA.SCS03G03706,2014.06,204,FINAL,"Central Government, Expenses by Function, Operating Expenses",Government Financial Statistics - GFS,Housing and community amenities,,,,,Dollars,6
GFSA.SCS03G03706,2015.06,299,FINAL,"Central Government, Expenses by Function, Operating Expenses",Government Financial Statistics - GFS,Housing and community amenities,,,,,Dollars,6
GFSA.SCS03G03706,2016.06,280,FINAL,"Central Government, Expenses by Function, Operating Expenses",Government Financial Statistics - GFS,Housing and community amenities,,,,,Dollars,6
GFSA.SCS03G03706,2017.06,100,FINAL,"Central Government, Expenses by Function, Operating Expenses",Government Financial Statistics - GFS,Housing and community amenities,,,,,Dollars,6
GFSA.SCS03G03706,2018.06,121,FINAL,"Central Government, Expenses by Function, Operating Expenses",Government Financial Statistics - GFS,Housing and community amenities,,,,,Dollars,6
GFSA.SCS03G03706,2019.06,1201,FINAL,"Central Government, Expenses by Function, Operating Expenses",Government Financial Statistics - GFS,Housing and community amenities,,,,,Dollars,6
GFSA.SCS03G03706,2020.06,1770,FINAL,"Central Government, Expenses by Function, Operating Expenses",Government Financial Statistics - GFS,Housing and community amenities,,,,,Dollars,6
GFSA.SCS03G03706,2021.06,2256,FINAL,"Central Government, Expenses by Function, Operating Expenses",Government Financial Statistics - GFS,Housing and community amenities,,,,,Dollars,6
GFSA.SCS03G03706,2022.06,2484,FINAL,"Central Government, Expenses by Function, Operating Expenses",Government Financial Statistics - GFS,Housing and community amenities,,,,,Dollars,6
GFSA.SCS03G03706,2023.06,2641,FINAL,"Central Government, Expenses by Function, Operating Expenses",Government Financial Statistics - GFS,Housing and community amenities,,,,,Dollars,6
GFSA.SCS03G03706,2024.06,3106,REVISED,"Central Government, Expenses by Function, Operating Expenses",Government Financial Statistics - GFS,Housing and community amenities,,,,,Dollars,6
GFSA.SCS03G03706,2025.06,2938,FINAL,"Central Government, Expenses by Function, Operating Expenses",Government Financial Statistics - GFS,Housing and community amenities,,,,,Dollars,6
GFSA.SCS03G03707,2009.06,12999,FINAL,"Central Government, Expenses by Function, Operating Expenses",Government Financial Statistics - GFS,Health,,,,,Dollars,6
GFSA.SCS03G03707,2010.06,13624,FINAL,"Central Government, Expenses by Function, Operating Expenses",Government Financial Statistics - GFS,Health,,,,,Dollars,6
GFSA.SCS03G03707,2011.06,14148,FINAL,"Central Government, Expenses by Function, Operating Expenses",Government Financial Statistics - GFS,Health,,,,,Dollars,6
GFSA.SCS03G03707,2012.06,14799,FINAL,"Central Government, Expenses by Function, Operating Expenses",Government Financial Statistics - GFS,Health,,,,,Dollars,6
GFSA.SCS03G03707,2013.06,15630,FINAL,"Central Government, Expenses by Function, Operating Expenses",Government Financial Statistics - GFS,Health,,,,,Dollars,6
GFSA.SCS03G03707,2014.06,16276,FINAL,"Central Government, Expenses by Function, Operating Expenses",Government Financial Statistics - GFS,Health,,,,,Dollars,6
GFSA.SCS03G03707,2015.06,16734,FINAL,"Central Government, Expenses by Function, Operating Expenses",Government Financial Statistics - GFS,Health,,,,,Dollars,6
GFSA.SCS03G03707,2016.06,17170,FINAL,"Central Government, Expenses by Function, Operating Expenses",Government Financial Statistics - GFS,Health,,,,,Dollars,6
GFSA.SCS03G03707,2017.06,17585,FINAL,"Central Government, Expenses by Function, Operating Expenses",Government Financial Statistics - GFS,Health,,,,,Dollars,6
GFSA.SCS03G03707,2018.06,18848,FINAL,"Central Government, Expenses by Function, Operating Expenses",Government Financial Statistics - GFS,Health,,,,,Dollars,6
GFSA.SCS03G03707,2019.06,20808,FINAL,"Central Government, Expenses by Function, Operating Expenses",Government Financial Statistics - GFS,Health,,,,,Dollars,6
GFSA.SCS03G03707,2020.06,22184,FINAL,"Central Government, Expenses by Function, Operating Expenses",Government Financial Statistics - GFS,Health,,,,,Dollars,6
GFSA.SCS03G03707,2021.06,24986,FINAL,"Central Government, Expenses by Function, Operating Expenses",Government Financial Statistics - GFS,Health,,,,,Dollars,6
GFSA.SCS03G03707,2022.06,30584,FINAL,"Central Government, Expenses by Function, Operating Expenses",Government Financial Statistics - GFS,Health,,,,,Dollars,6
GFSA.SCS03G03707,2023.06,30144,REVISED,"Central Government, Expenses by Function, Operating Expenses",Government Financial Statistics - GFS,Health,,,,,Dollars,6
GFSA.SCS03G03707,2024.06,31173,REVISED,"Central Government, Expenses by Function, Operating Expenses",Government Financial Statistics - GFS,Health,,,,,Dollars,6
GFSA.SCS03G03707,2025.06,32177,FINAL,"Central Government, Expenses by Function, Operating Expenses",Government Financial Statistics - GFS,Health,,,,,Dollars,6
GFSA.SCS03G03708,2009.06,799,FINAL,"Central Government, Expenses by Function, Operating Expenses",Government Financial Statistics - GFS,"Recreation, culture, and religion",,,,,Dollars,6
GFSA.SCS03G03708,2010.06,890,FINAL,"Central Government, Expenses by Function, Operating Expenses",Government Financial Statistics - GFS,"Recreation, culture, and religion",,,,,Dollars,6
GFSA.SCS03G03708,2011.06,901,FINAL,"Central Government, Expenses by Function, Operating Expenses",Government Financial Statistics - GFS,"Recreation, culture, and religion",,,,,Dollars,6
GFSA.SCS03G03708,2012.06,923,FINAL,"Central Government, Expenses by Function, Operating Expenses",Government Financial Statistics - GFS,"Recreation, culture, and religion",,,,,Dollars,6
GFSA.SCS03G03708,2013.06,926,FINAL,"Central Government, Expenses by Function, Operating Expenses",Government Financial Statistics - GFS,"Recreation, culture, and religion",,,,,Dollars,6
GFSA.SCS03G03708,2014.06,1028,FINAL,"Central Government, Expenses by Function, Operating Expenses",Government Financial Statistics - GFS,"Recreation, culture, and religion",,,,,Dollars,6
GFSA.SCS03G03708,2015.06,1003,FINAL,"Central Government, Expenses by Function, Operating Expenses",Government Financial Statistics - GFS,"Recreation, culture, and religion",,,,,Dollars,6
GFSA.SCS03G03708,2016.06,980,FINAL,"Central Government, Expenses by Function, Operating Expenses",Government Financial Statistics - GFS,"Recreation, culture, and religion",,,,,Dollars,6
GFSA.SCS03G03708,2017.06,1046,FINAL,"Central Government, Expenses by Function, Operating Expenses",Government Financial Statistics - GFS,"Recreation, culture, and religion",,,,,Dollars,6
GFSA.SCS03G03708,2018.06,1093,FINAL,"Central Government, Expenses by Function, Operating Expenses",Government Financial Statistics - GFS,"Recreation, culture, and religion",,,,,Dollars,6
GFSA.SCS03G03708,2019.06,1148,FINAL,"Central Government, Expenses by Function, Operating Expenses",Government Financial Statistics - GFS,"Recreation, culture, and religion",,,,,Dollars,6
GFSA.SCS03G03708,2020.06,1249,FINAL,"Central Government, Expenses by Function, Operating Expenses",Government Financial Statistics - GFS,"Recreation, culture, and religion",,,,,Dollars,6
GFSA.SCS03G03708,2021.06,1511,FINAL,"Central Government, Expenses by Function, Operating Expenses",Government Financial Statistics - GFS,"Recreation, culture, and religion",,,,,Dollars,6
GFSA.SCS03G03708,2022.06,1850,FINAL,"Central Government, Expenses by Function, Operating Expenses",Government Financial Statistics - GFS,"Recreation, culture, and religion",,,,,Dollars,6
GFSA.SCS03G03708,2023.06,2118,REVISED,"Central Government, Expenses by Function, Operating Expenses",Government Financial Statistics - GFS,"Recreation, culture, and religion",,,,,Dollars,6
GFSA.SCS03G03708,2024.06,1910,REVISED,"Central Government, Expenses by Function, Operating Expenses",Government Financial Statistics - GFS,"Recreation, culture, and religion",,,,,Dollars,6
GFSA.SCS03G03708,2025.06,1773,FINAL,"Central Government, Expenses by Function, Operating Expenses",Government Financial Statistics - GFS,"Recreation, culture, and religion",,,,,Dollars,6
GFSA.SCS03G03709,2009.06,12233,REVISED,"Central Government, Expenses by Function, Operating Expenses",Government Financial Statistics - GFS,Education,,,,,Dollars,6
GFSA.SCS03G03709,2010.06,12964,REVISED,"Central Government, Expenses by Function, Operating Expenses",Government Financial Statistics - GFS,Education,,,,,Dollars,6
GFSA.SCS03G03709,2011.06,13494,REVISED,"Central Government, Expenses by Function, Operating Expenses",Government Financial Statistics - GFS,Education,,,,,Dollars,6
GFSA.SCS03G03709,2012.06,13940,REVISED,"Central Government, Expenses by Function, Operating Expenses",Government Financial Statistics - GFS,Education,,,,,Dollars,6
GFSA.SCS03G03709,2013.06,14184,REVISED,"Central Government, Expenses by Function, Operating Expenses",Government Financial Statistics - GFS,Education,,,,,Dollars,6
GFSA.SCS03G03709,2014.06,14502,REVISED,"Central Government, Expenses by Function, Operating Expenses",Government Financial Statistics - GFS,Education,,,,,Dollars,6
GFSA.SCS03G03709,2015.06,14860,REVISED,"Central Government, Expenses by Function, Operating Expenses",Government Financial Statistics - GFS,Education,,,,,Dollars,6
GFSA.SCS03G03709,2016.06,15126,REVISED,"Central Government, Expenses by Function, Operating Expenses",Government Financial Statistics - GFS,Education,,,,,Dollars,6
GFSA.SCS03G03709,2017.06,15644,REVISED,"Central Government, Expenses by Function, Operating Expenses",Government Financial Statistics - GFS,Education,,,,,Dollars,6
GFSA.SCS03G03709,2018.06,16212,REVISED,"Central Government, Expenses by Function, Operating Expenses",Government Financial Statistics - GFS,Education,,,,,Dollars,6
GFSA.SCS03G03709,2019.06,17418,REVISED,"Central Government, Expenses by Function, Operating Expenses",Government Financial Statistics - GFS,Education,,,,,Dollars,6
GFSA.SCS03G03709,2020.06,19710,REVISED,"Central Government, Expenses by Function, Operating Expenses",Government Financial Statistics - GFS,Education,,,,,Dollars,6
GFSA.SCS03G03709,2021.06,18771,REVISED,"Central Government, Expenses by Function, Operating Expenses",Government Financial Statistics - GFS,Education,,,,,Dollars,6
GFSA.SCS03G03709,2022.06,20474,REVISED,"Central Government, Expenses by Function, Operating Expenses",Government Financial Statistics - GFS,Education,,,,,Dollars,6
GFSA.SCS03G03709,2023.06,21307,REVISED,"Central Government, Expenses by Function, Operating Expenses",Government Financial Statistics - GFS,Education,,,,,Dollars,6
GFSA.SCS03G03709,2024.06,23039,REVISED,"Central Government, Expenses by Function, Operating Expenses",Government Financial Statistics - GFS,Education,,,,,Dollars,6
GFSA.SCS03G03709,2025.06,23618,FINAL,"Central Government, Expenses by Function, Operating Expenses",Government Financial Statistics - GFS,Education,,,,,Dollars,6
GFSA.SCS03G03710,2009.06,23584,FINAL,"Central Government, Expenses by Function, Operating Expenses",Government Financial Statistics - GFS,Social protection,,,,,Dollars,6
GFSA.SCS03G03710,2010.06,24553,FINAL,"Central Government, Expenses by Function, Operating Expenses",Government Financial Statistics - GFS,Social protection,,,,,Dollars,6
GFSA.SCS03G03710,2011.06,35045,FINAL,"Central Government, Expenses by Function, Operating Expenses",Government Financial Statistics - GFS,Social protection,,,,,Dollars,6
GFSA.SCS03G03710,2012.06,26108,FINAL,"Central Government, Expenses by Function, Operating Expenses",Government Financial Statistics - GFS,Social protection,,,,,Dollars,6
GFSA.SCS03G03710,2013.06,26017,REVISED,"Central Government, Expenses by Function, Operating Expenses",Government Financial Statistics - GFS,Social protection,,,,,Dollars,6
GFSA.SCS03G03710,2014.06,26955,REVISED,"Central Government, Expenses by Function, Operating Expenses",Government Financial Statistics - GFS,Social protection,,,,,Dollars,6
GFSA.SCS03G03710,2015.06,28181,REVISED,"Central Government, Expenses by Function, Operating Expenses",Government Financial Statistics - GFS,Social protection,,,,,Dollars,6
GFSA.SCS03G03710,2016.06,28710,REVISED,"Central Government, Expenses by Function, Operating Expenses",Government Financial Statistics - GFS,Social protection,,,,,Dollars,6
GFSA.SCS03G03710,2017.06,29974,FINAL,"Central Government, Expenses by Function, Operating Expenses",Government Financial Statistics - GFS,Social protection,,,,,Dollars,6
GFSA.SCS03G03710,2018.06,30547,FINAL,"Central Government, Expenses by Function, Operating Expenses",Government Financial Statistics - GFS,Social protection,,,,,Dollars,6
GFSA.SCS03G03710,2019.06,32853,FINAL,"Central Government, Expenses by Function, Operating Expenses",Government Financial Statistics - GFS,Social protection,,,,,Dollars,6
GFSA.SCS03G03710,2020.06,35157,FINAL,"Central Government, Expenses by Function, Operating Expenses",Government Financial Statistics - GFS,Social protection,,,,,Dollars,6
GFSA.SCS03G03710,2021.06,40535,FINAL,"Central Government, Expenses by Function, Operating Expenses",Government Financial Statistics - GFS,Social protection,,,,,Dollars,6
GFSA.SCS03G03710,2022.06,46147,FINAL,"Central Government, Expenses by Function, Operating Expenses",Government Financial Statistics - GFS,Social protection,,,,,Dollars,6
GFSA.SCS03G03710,2023.06,49329,FINAL,"Central Government, Expenses by Function, Operating Expenses",Government Financial Statistics - GFS,Social protection,,,,,Dollars,6
GFSA.SCS03G03710,2024.06,52447,REVISED,"Central Government, Expenses by Function, Operating Expenses",Government Financial Statistics - GFS,Social protection,,,,,Dollars,6
GFSA.SCS03G03710,2025.06,56112,FINAL,"Central Government, Expenses by Function, Operating Expenses",Government Financial Statistics - GFS,Social protection,,,,,Dollars,6
GFSA.SCS03G04700,2009.06,2044,REVISED,"Central Government, Expenses by Function, Net Acquisition of Non-financial Asset",Government Financial Statistics - GFS,Total,,,,,Dollars,6
GFSA.SCS03G04700,2010.06,1811,REVISED,"Central Government, Expenses by Function, Net Acquisition of Non-financial Asset",Government Financial Statistics - GFS,Total,,,,,Dollars,6
GFSA.SCS03G04700,2011.06,931,REVISED,"Central Government, Expenses by Function, Net Acquisition of Non-financial Asset",Government Financial Statistics - GFS,Total,,,,,Dollars,6
GFSA.SCS03G04700,2012.06,1216,REVISED,"Central Government, Expenses by Function, Net Acquisition of Non-financial Asset",Government Financial Statistics - GFS,Total,,,,,Dollars,6
GFSA.SCS03G04700,2013.06,1243,REVISED,"Central Government, Expenses by Function, Net Acquisition of Non-financial Asset",Government Financial Statistics - GFS,Total,,,,,Dollars,6
GFSA.SCS03G04700,2014.06,2058,REVISED,"Central Government, Expenses by Function, Net Acquisition of Non-financial Asset",Government Financial Statistics - GFS,Total,,,,,Dollars,6
GFSA.SCS03G04700,2015.06,2598,REVISED,"Central Government, Expenses by Function, Net Acquisition of Non-financial Asset",Government Financial Statistics - GFS,Total,,,,,Dollars,6
GFSA.SCS03G04700,2016.06,2808,REVISED,"Central Government, Expenses by Function, Net Acquisition of Non-financial Asset",Government Financial Statistics - GFS,Total,,,,,Dollars,6
GFSA.SCS03G04700,2017.06,2705,REVISED,"Central Government, Expenses by Function, Net Acquisition of Non-financial Asset",Government Financial Statistics - GFS,Total,,,,,Dollars,6
GFSA.SCS03G04700,2018.06,3247,REVISED,"Central Government, Expenses by Function, Net Acquisition of Non-financial Asset",Government Financial Statistics - GFS,Total,,,,,Dollars,6
GFSA.SCS03G04700,2019.06,3577,REVISED,"Central Government, Expenses by Function, Net Acquisition of Non-financial Asset",Government Financial Statistics - GFS,Total,,,,,Dollars,6
GFSA.SCS03G04700,2020.06,2803,REVISED,"Central Government, Expenses by Function, Net Acquisition of Non-financial Asset",Government Financial Statistics - GFS,Total,,,,,Dollars,6
GFSA.SCS03G04700,2021.06,3834,REVISED,"Central Government, Expenses by Function, Net Acquisition of Non-financial Asset",Government Financial Statistics - GFS,Total,,,,,Dollars,6
GFSA.SCS03G04700,2022.06,4242,REVISED,"Central Government, Expenses by Function, Net Acquisition of Non-financial Asset",Government Financial Statistics - GFS,Total,,,,,Dollars,6
GFSA.SCS03G04700,2023.06,4062,REVISED,"Central Government, Expenses by Function, Net Acquisition of Non-financial Asset",Government Financial Statistics - GFS,Total,,,,,Dollars,6
GFSA.SCS03G04700,2024.06,4913,REVISED,"Central Government, Expenses by Function, Net Acquisition of Non-financial Asset",Government Financial Statistics - GFS,Total,,,,,Dollars,6
GFSA.SCS03G04700,2025.06,4648,FINAL,"Central Government, Expenses by Function, Net Acquisition of Non-financial Asset",Government Financial Statistics - GFS,Total,,,,,Dollars,6
GFSA.SCS03G04701,2009.06,-199,FINAL,"Central Government, Expenses by Function, Net Acquisition of Non-financial Asset",Government Financial Statistics - GFS,General public services,,,,,Dollars,6
GFSA.SCS03G04701,2010.06,98,FINAL,"Central Government, Expenses by Function, Net Acquisition of Non-financial Asset",Government Financial Statistics - GFS,General public services,,,,,Dollars,6
GFSA.SCS03G04701,2011.06,-416,FINAL,"Central Government, Expenses by Function, Net Acquisition of Non-financial Asset",Government Financial Statistics - GFS,General public services,,,,,Dollars,6
GFSA.SCS03G04701,2012.06,-32,FINAL,"Central Government, Expenses by Function, Net Acquisition of Non-financial Asset",Government Financial Statistics - GFS,General public services,,,,,Dollars,6
GFSA.SCS03G04701,2013.06,-28,FINAL,"Central Government, Expenses by Function, Net Acquisition of Non-financial Asset",Government Financial Statistics - GFS,General public services,,,,,Dollars,6
GFSA.SCS03G04701,2014.06,-31,FINAL,"Central Government, Expenses by Function, Net Acquisition of Non-financial Asset",Government Financial Statistics - GFS,General public services,,,,,Dollars,6
GFSA.SCS03G04701,2015.06,40,FINAL,"Central Government, Expenses by Function, Net Acquisition of Non-financial Asset",Government Financial Statistics - GFS,General public services,,,,,Dollars,6
GFSA.SCS03G04701,2016.06,92,FINAL,"Central Government, Expenses by Function, Net Acquisition of Non-financial Asset",Government Financial Statistics - GFS,General public services,,,,,Dollars,6
GFSA.SCS03G04701,2017.06,-45,FINAL,"Central Government, Expenses by Function, Net Acquisition of Non-financial Asset",Government Financial Statistics - GFS,General public services,,,,,Dollars,6
GFSA.SCS03G04701,2018.06,149,FINAL,"Central Government, Expenses by Function, Net Acquisition of Non-financial Asset",Government Financial Statistics - GFS,General public services,,,,,Dollars,6
GFSA.SCS03G04701,2019.06,-46,FINAL,"Central Government, Expenses by Function, Net Acquisition of Non-financial Asset",Government Financial Statistics - GFS,General public services,,,,,Dollars,6
GFSA.SCS03G04701,2020.06,-263,FINAL,"Central Government, Expenses by Function, Net Acquisition of Non-financial Asset",Government Financial Statistics - GFS,General public services,,,,,Dollars,6
GFSA.SCS03G04701,2021.06,-14,FINAL,"Central Government, Expenses by Function, Net Acquisition of Non-financial Asset",Government Financial Statistics - GFS,General public services,,,,,Dollars,6
GFSA.SCS03G04701,2022.06,-168,FINAL,"Central Government, Expenses by Function, Net Acquisition of Non-financial Asset",Government Financial Statistics - GFS,General public services,,,,,Dollars,6
GFSA.SCS03G04701,2023.06,-125,REVISED,"Central Government, Expenses by Function, Net Acquisition of Non-financial Asset",Government Financial Statistics - GFS,General public services,,,,,Dollars,6
GFSA.SCS03G04701,2024.06,-177,REVISED,"Central Government, Expenses by Function, Net Acquisition of Non-financial Asset",Government Financial Statistics - GFS,General public services,,,,,Dollars,6
GFSA.SCS03G04701,2025.06,39,FINAL,"Central Government, Expenses by Function, Net Acquisition of Non-financial Asset",Government Financial Statistics - GFS,General public services,,,,,Dollars,6
GFSA.SCS03G04702,2009.06,480,FINAL,"Central Government, Expenses by Function, Net Acquisition of Non-financial Asset",Government Financial Statistics - GFS,Defence,,,,,Dollars,6
GFSA.SCS03G04702,2010.06,303,FINAL,"Central Government, Expenses by Function, Net Acquisition of Non-financial Asset",Government Financial Statistics - GFS,Defence,,,,,Dollars,6
GFSA.SCS03G04702,2011.06,331,FINAL,"Central Government, Expenses by Function, Net Acquisition of Non-financial Asset",Government Financial Statistics - GFS,Defence,,,,,Dollars,6
GFSA.SCS03G04702,2012.06,568,FINAL,"Central Government, Expenses by Function, Net Acquisition of Non-financial Asset",Government Financial Statistics - GFS,Defence,,,,,Dollars,6
GFSA.SCS03G04702,2013.06,500,FINAL,"Central Government, Expenses by Function, Net Acquisition of Non-financial Asset",Government Financial Statistics - GFS,Defence,,,,,Dollars,6
GFSA.SCS03G04702,2014.06,737,FINAL,"Central Government, Expenses by Function, Net Acquisition of Non-financial Asset",Government Financial Statistics - GFS,Defence,,,,,Dollars,6
GFSA.SCS03G04702,2015.06,798,FINAL,"Central Government, Expenses by Function, Net Acquisition of Non-financial Asset",Government Financial Statistics - GFS,Defence,,,,,Dollars,6
GFSA.SCS03G04702,2016.06,505,FINAL,"Central Government, Expenses by Function, Net Acquisition of Non-financial Asset",Government Financial Statistics - GFS,Defence,,,,,Dollars,6
GFSA.SCS03G04702,2017.06,580,FINAL,"Central Government, Expenses by Function, Net Acquisition of Non-financial Asset",Government Financial Statistics - GFS,Defence,,,,,Dollars,6
GFSA.SCS03G04702,2018.06,683,FINAL,"Central Government, Expenses by Function, Net Acquisition of Non-financial Asset",Government Financial Statistics - GFS,Defence,,,,,Dollars,6
GFSA.SCS03G04702,2019.06,1119,FINAL,"Central Government, Expenses by Function, Net Acquisition of Non-financial Asset",Government Financial Statistics - GFS,Defence,,,,,Dollars,6
GFSA.SCS03G04702,2020.06,634,FINAL,"Central Government, Expenses by Function, Net Acquisition of Non-financial Asset",Government Financial Statistics - GFS,Defence,,,,,Dollars,6
GFSA.SCS03G04702,2021.06,1383,FINAL,"Central Government, Expenses by Function, Net Acquisition of Non-financial Asset",Government Financial Statistics - GFS,Defence,,,,,Dollars,6
GFSA.SCS03G04702,2022.06,1938,FINAL,"Central Government, Expenses by Function, Net Acquisition of Non-financial Asset",Government Financial Statistics - GFS,Defence,,,,,Dollars,6
GFSA.SCS03G04702,2023.06,2207,REVISED,"Central Government, Expenses by Function, Net Acquisition of Non-financial Asset",Government Financial Statistics - GFS,Defence,,,,,Dollars,6
GFSA.SCS03G04702,2024.06,2262,FINAL,"Central Government, Expenses by Function, Net Acquisition of Non-financial Asset",Government Financial Statistics - GFS,Defence,,,,,Dollars,6
GFSA.SCS03G04702,2025.06,1296,FINAL,"Central Government, Expenses by Function, Net Acquisition of Non-financial Asset",Government Financial Statistics - GFS,Defence,,,,,Dollars,6
GFSA.SCS03G04703,2009.06,137,FINAL,"Central Government, Expenses by Function, Net Acquisition of Non-financial Asset",Government Financial Statistics - GFS,Public order and safety,,,,,Dollars,6
GFSA.SCS03G04703,2010.06,148,FINAL,"Central Government, Expenses by Function, Net Acquisition of Non-financial Asset",Government Financial Statistics - GFS,Public order and safety,,,,,Dollars,6
GFSA.SCS03G04703,2011.06,-3,FINAL,"Central Government, Expenses by Function, Net Acquisition of Non-financial Asset",Government Financial Statistics - GFS,Public order and safety,,,,,Dollars,6
GFSA.SCS03G04703,2012.06,-94,FINAL,"Central Government, Expenses by Function, Net Acquisition of Non-financial Asset",Government Financial Statistics - GFS,Public order and safety,,,,,Dollars,6
GFSA.SCS03G04703,2013.06,-53,FINAL,"Central Government, Expenses by Function, Net Acquisition of Non-financial Asset",Government Financial Statistics - GFS,Public order and safety,,,,,Dollars,6
GFSA.SCS03G04703,2014.06,-3,FINAL,"Central Government, Expenses by Function, Net Acquisition of Non-financial Asset",Government Financial Statistics - GFS,Public order and safety,,,,,Dollars,6
GFSA.SCS03G04703,2015.06,126,FINAL,"Central Government, Expenses by Function, Net Acquisition of Non-financial Asset",Government Financial Statistics - GFS,Public order and safety,,,,,Dollars,6
GFSA.SCS03G04703,2016.06,224,FINAL,"Central Government, Expenses by Function, Net Acquisition of Non-financial Asset",Government Financial Statistics - GFS,Public order and safety,,,,,Dollars,6
GFSA.SCS03G04703,2017.06,102,FINAL,"Central Government, Expenses by Function, Net Acquisition of Non-financial Asset",Government Financial Statistics - GFS,Public order and safety,,,,,Dollars,6
GFSA.SCS03G04703,2018.06,47,FINAL,"Central Government, Expenses by Function, Net Acquisition of Non-financial Asset",Government Financial Statistics - GFS,Public order and safety,,,,,Dollars,6
GFSA.SCS03G04703,2019.06,406,FINAL,"Central Government, Expenses by Function, Net Acquisition of Non-financial Asset",Government Financial Statistics - GFS,Public order and safety,,,,,Dollars,6
GFSA.SCS03G04703,2020.06,140,FINAL,"Central Government, Expenses by Function, Net Acquisition of Non-financial Asset",Government Financial Statistics - GFS,Public order and safety,,,,,Dollars,6
GFSA.SCS03G04703,2021.06,92,FINAL,"Central Government, Expenses by Function, Net Acquisition of Non-financial Asset",Government Financial Statistics - GFS,Public order and safety,,,,,Dollars,6
GFSA.SCS03G04703,2022.06,17,FINAL,"Central Government, Expenses by Function, Net Acquisition of Non-financial Asset",Government Financial Statistics - GFS,Public order and safety,,,,,Dollars,6
GFSA.SCS03G04703,2023.06,-243,FINAL,"Central Government, Expenses by Function, Net Acquisition of Non-financial Asset",Government Financial Statistics - GFS,Public order and safety,,,,,Dollars,6
GFSA.SCS03G04703,2024.06,-2,FINAL,"Central Government, Expenses by Function, Net Acquisition of Non-financial Asset",Government Financial Statistics - GFS,Public order and safety,,,,,Dollars,6
GFSA.SCS03G04703,2025.06,286,FINAL,"Central Government, Expenses by Function, Net Acquisition of Non-financial Asset",Government Financial Statistics - GFS,Public order and safety,,,,,Dollars,6
GFSA.SCS03G04704,2009.06,860,FINAL,"Central Government, Expenses by Function, Net Acquisition of Non-financial Asset",Government Financial Statistics - GFS,Economic affairs,,,,,Dollars,6
GFSA.SCS03G04704,2010.06,862,FINAL,"Central Government, Expenses by Function, Net Acquisition of Non-financial Asset",Government Financial Statistics - GFS,Economic affairs,,,,,Dollars,6
GFSA.SCS03G04704,2011.06,872,FINAL,"Central Government, Expenses by Function, Net Acquisition of Non-financial Asset",Government Financial Statistics - GFS,Economic affairs,,,,,Dollars,6
GFSA.SCS03G04704,2012.06,668,FINAL,"Central Government, Expenses by Function, Net Acquisition of Non-financial Asset",Government Financial Statistics - GFS,Economic affairs,,,,,Dollars,6
GFSA.SCS03G04704,2013.06,607,FINAL,"Central Government, Expenses by Function, Net Acquisition of Non-financial Asset",Government Financial Statistics - GFS,Economic affairs,,,,,Dollars,6
GFSA.SCS03G04704,2014.06,901,FINAL,"Central Government, Expenses by Function, Net Acquisition of Non-financial Asset",Government Financial Statistics - GFS,Economic affairs,,,,,Dollars,6
GFSA.SCS03G04704,2015.06,1199,FINAL,"Central Government, Expenses by Function, Net Acquisition of Non-financial Asset",Government Financial Statistics - GFS,Economic affairs,,,,,Dollars,6
GFSA.SCS03G04704,2016.06,1177,FINAL,"Central Government, Expenses by Function, Net Acquisition of Non-financial Asset",Government Financial Statistics - GFS,Economic affairs,,,,,Dollars,6
GFSA.SCS03G04704,2017.06,1307,FINAL,"Central Government, Expenses by Function, Net Acquisition of Non-financial Asset",Government Financial Statistics - GFS,Economic affairs,,,,,Dollars,6
GFSA.SCS03G04704,2018.06,1888,REVISED,"Central Government, Expenses by Function, Net Acquisition of Non-financial Asset",Government Financial Statistics - GFS,Economic affairs,,,,,Dollars,6
GFSA.SCS03G04704,2019.06,1226,REVISED,"Central Government, Expenses by Function, Net Acquisition of Non-financial Asset",Government Financial Statistics - GFS,Economic affairs,,,,,Dollars,6
GFSA.SCS03G04704,2020.06,1333,REVISED,"Central Government, Expenses by Function, Net Acquisition of Non-financial Asset",Government Financial Statistics - GFS,Economic affairs,,,,,Dollars,6
GFSA.SCS03G04704,2021.06,986,REVISED,"Central Government, Expenses by Function, Net Acquisition of Non-financial Asset",Government Financial Statistics - GFS,Economic affairs,,,,,Dollars,6
GFSA.SCS03G04704,2022.06,936,REVISED,"Central Government, Expenses by Function, Net Acquisition of Non-financial Asset",Government Financial Statistics - GFS,Economic affairs,,,,,Dollars,6
GFSA.SCS03G04704,2023.06,1056,REVISED,"Central Government, Expenses by Function, Net Acquisition of Non-financial Asset",Government Financial Statistics - GFS,Economic affairs,,,,,Dollars,6
GFSA.SCS03G04704,2024.06,1490,REVISED,"Central Government, Expenses by Function, Net Acquisition of Non-financial Asset",Government Financial Statistics - GFS,Economic affairs,,,,,Dollars,6
GFSA.SCS03G04704,2025.06,1645,FINAL,"Central Government, Expenses by Function, Net Acquisition of Non-financial Asset",Government Financial Statistics - GFS,Economic affairs,,,,,Dollars,6
GFSA.SCS03G04705,2009.06,-1,FINAL,"Central Government, Expenses by Function, Net Acquisition of Non-financial Asset",Government Financial Statistics - GFS,Environmental protection,,,,,Dollars,6
GFSA.SCS03G04705,2010.06,77,FINAL,"Central Government, Expenses by Function, Net Acquisition of Non-financial Asset",Government Financial Statistics - GFS,Environmental protection,,,,,Dollars,6
GFSA.SCS03G04705,2011.06,21,FINAL,"Central Government, Expenses by Function, Net Acquisition of Non-financial Asset",Government Financial Statistics - GFS,Environmental protection,,,,,Dollars,6
GFSA.SCS03G04705,2012.06,38,FINAL,"Central Government, Expenses by Function, Net Acquisition of Non-financial Asset",Government Financial Statistics - GFS,Environmental protection,,,,,Dollars,6
GFSA.SCS03G04705,2013.06,-7,FINAL,"Central Government, Expenses by Function, Net Acquisition of Non-financial Asset",Government Financial Statistics - GFS,Environmental protection,,,,,Dollars,6
GFSA.SCS03G04705,2014.06,5,FINAL,"Central Government, Expenses by Function, Net Acquisition of Non-financial Asset",Government Financial Statistics - GFS,Environmental protection,,,,,Dollars,6
GFSA.SCS03G04705,2015.06,-13,FINAL,"Central Government, Expenses by Function, Net Acquisition of Non-financial Asset",Government Financial Statistics - GFS,Environmental protection,,,,,Dollars,6
GFSA.SCS03G04705,2016.06,-34,FINAL,"Central Government, Expenses by Function, Net Acquisition of Non-financial Asset",Government Financial Statistics - GFS,Environmental protection,,,,,Dollars,6
GFSA.SCS03G04705,2017.06,-54,FINAL,"Central Government, Expenses by Function, Net Acquisition of Non-financial Asset",Government Financial Statistics - GFS,Environmental protection,,,,,Dollars,6
GFSA.SCS03G04705,2018.06,42,FINAL,"Central Government, Expenses by Function, Net Acquisition of Non-financial Asset",Government Financial Statistics - GFS,Environmental protection,,,,,Dollars,6
GFSA.SCS03G04705,2019.06,18,FINAL,"Central Government, Expenses by Function, Net Acquisition of Non-financial Asset",Government Financial Statistics - GFS,Environmental protection,,,,,Dollars,6
GFSA.SCS03G04705,2020.06,-1,FINAL,"Central Government, Expenses by Function, Net Acquisition of Non-financial Asset",Government Financial Statistics - GFS,Environmental protection,,,,,Dollars,6
GFSA.SCS03G04705,2021.06,17,FINAL,"Central Government, Expenses by Function, Net Acquisition of Non-financial Asset",Government Financial Statistics - GFS,Environmental protection,,,,,Dollars,6
GFSA.SCS03G04705,2022.06,90,FINAL,"Central Government, Expenses by Function, Net Acquisition of Non-financial Asset",Government Financial Statistics - GFS,Environmental protection,,,,,Dollars,6
GFSA.SCS03G04705,2023.06,71,REVISED,"Central Government, Expenses by Function, Net Acquisition of Non-financial Asset",Government Financial Statistics - GFS,Environmental protection,,,,,Dollars,6
GFSA.SCS03G04705,2024.06,-2,REVISED,"Central Government, Expenses by Function, Net Acquisition of Non-financial Asset",Government Financial Statistics - GFS,Environmental protection,,,,,Dollars,6
GFSA.SCS03G04705,2025.06,35,FINAL,"Central Government, Expenses by Function, Net Acquisition of Non-financial Asset",Government Financial Statistics - GFS,Environmental protection,,,,,Dollars,6
GFSA.SCS03G04706,2009.06,1,FINAL,"Central Government, Expenses by Function, Net Acquisition of Non-financial Asset",Government Financial Statistics - GFS,Housing and community amenities,,,,,Dollars,6
GFSA.SCS03G04706,2010.06,2,FINAL,"Central Government, Expenses by Function, Net Acquisition of Non-financial Asset",Government Financial Statistics - GFS,Housing and community amenities,,,,,Dollars,6
GFSA.SCS03G04706,2011.06,-1,FINAL,"Central Government, Expenses by Function, Net Acquisition of Non-financial Asset",Government Financial Statistics - GFS,Housing and community amenities,,,,,Dollars,6
GFSA.SCS03G04706,2012.06,0,FINAL,"Central Government, Expenses by Function, Net Acquisition of Non-financial Asset",Government Financial Statistics - GFS,Housing and community amenities,,,,,Dollars,6
GFSA.SCS03G04706,2013.06,117,FINAL,"Central Government, Expenses by Function, Net Acquisition of Non-financial Asset",Government Financial Statistics - GFS,Housing and community amenities,,,,,Dollars,6
GFSA.SCS03G04706,2014.06,306,FINAL,"Central Government, Expenses by Function, Net Acquisition of Non-financial Asset",Government Financial Statistics - GFS,Housing and community amenities,,,,,Dollars,6
GFSA.SCS03G04706,2015.06,126,FINAL,"Central Government, Expenses by Function, Net Acquisition of Non-financial Asset",Government Financial Statistics - GFS,Housing and community amenities,,,,,Dollars,6
GFSA.SCS03G04706,2016.06,245,FINAL,"Central Government, Expenses by Function, Net Acquisition of Non-financial Asset",Government Financial Statistics - GFS,Housing and community amenities,,,,,Dollars,6
GFSA.SCS03G04706,2017.06,128,FINAL,"Central Government, Expenses by Function, Net Acquisition of Non-financial Asset",Government Financial Statistics - GFS,Housing and community amenities,,,,,Dollars,6
GFSA.SCS03G04706,2018.06,78,FINAL,"Central Government, Expenses by Function, Net Acquisition of Non-financial Asset",Government Financial Statistics - GFS,Housing and community amenities,,,,,Dollars,6
GFSA.SCS03G04706,2019.06,359,FINAL,"Central Government, Expenses by Function, Net Acquisition of Non-financial Asset",Government Financial Statistics - GFS,Housing and community amenities,,,,,Dollars,6
GFSA.SCS03G04706,2020.06,179,FINAL,"Central Government, Expenses by Function, Net Acquisition of Non-financial Asset",Government Financial Statistics - GFS,Housing and community amenities,,,,,Dollars,6
GFSA.SCS03G04706,2021.06,150,FINAL,"Central Government, Expenses by Function, Net Acquisition of Non-financial Asset",Government Financial Statistics - GFS,Housing and community amenities,,,,,Dollars,6
GFSA.SCS03G04706,2022.06,270,FINAL,"Central Government, Expenses by Function, Net Acquisition of Non-financial Asset",Government Financial Statistics - GFS,Housing and community amenities,,,,,Dollars,6
GFSA.SCS03G04706,2023.06,59,FINAL,"Central Government, Expenses by Function, Net Acquisition of Non-financial Asset",Government Financial Statistics - GFS,Housing and community amenities,,,,,Dollars,6
GFSA.SCS03G04706,2024.06,266,FINAL,"Central Government, Expenses by Function, Net Acquisition of Non-financial Asset",Government Financial Statistics - GFS,Housing and community amenities,,,,,Dollars,6
GFSA.SCS03G04706,2025.06,320,FINAL,"Central Government, Expenses by Function, Net Acquisition of Non-financial Asset",Government Financial Statistics - GFS,Housing and community amenities,,,,,Dollars,6
GFSA.SCS03G04707,2009.06,427,FINAL,"Central Government, Expenses by Function, Net Acquisition of Non-financial Asset",Government Financial Statistics - GFS,Health,,,,,Dollars,6
GFSA.SCS03G04707,2010.06,148,FINAL,"Central Government, Expenses by Function, Net Acquisition of Non-financial Asset",Government Financial Statistics - GFS,Health,,,,,Dollars,6
GFSA.SCS03G04707,2011.06,-1,FINAL,"Central Government, Expenses by Function, Net Acquisition of Non-financial Asset",Government Financial Statistics - GFS,Health,,,,,Dollars,6
GFSA.SCS03G04707,2012.06,223,FINAL,"Central Government, Expenses by Function, Net Acquisition of Non-financial Asset",Government Financial Statistics - GFS,Health,,,,,Dollars,6
GFSA.SCS03G04707,2013.06,215,FINAL,"Central Government, Expenses by Function, Net Acquisition of Non-financial Asset",Government Financial Statistics - GFS,Health,,,,,Dollars,6
GFSA.SCS03G04707,2014.06,81,FINAL,"Central Government, Expenses by Function, Net Acquisition of Non-financial Asset",Government Financial Statistics - GFS,Health,,,,,Dollars,6
GFSA.SCS03G04707,2015.06,55,FINAL,"Central Government, Expenses by Function, Net Acquisition of Non-financial Asset",Government Financial Statistics - GFS,Health,,,,,Dollars,6
GFSA.SCS03G04707,2016.06,220,FINAL,"Central Government, Expenses by Function, Net Acquisition of Non-financial Asset",Government Financial Statistics - GFS,Health,,,,,Dollars,6
GFSA.SCS03G04707,2017.06,266,FINAL,"Central Government, Expenses by Function, Net Acquisition of Non-financial Asset",Government Financial Statistics - GFS,Health,,,,,Dollars,6
GFSA.SCS03G04707,2018.06,202,FINAL,"Central Government, Expenses by Function, Net Acquisition of Non-financial Asset",Government Financial Statistics - GFS,Health,,,,,Dollars,6
GFSA.SCS03G04707,2019.06,19,FINAL,"Central Government, Expenses by Function, Net Acquisition of Non-financial Asset",Government Financial Statistics - GFS,Health,,,,,Dollars,6
GFSA.SCS03G04707,2020.06,336,FINAL,"Central Government, Expenses by Function, Net Acquisition of Non-financial Asset",Government Financial Statistics - GFS,Health,,,,,Dollars,6
GFSA.SCS03G04707,2021.06,836,FINAL,"Central Government, Expenses by Function, Net Acquisition of Non-financial Asset",Government Financial Statistics - GFS,Health,,,,,Dollars,6
GFSA.SCS03G04707,2022.06,606,FINAL,"Central Government, Expenses by Function, Net Acquisition of Non-financial Asset",Government Financial Statistics - GFS,Health,,,,,Dollars,6
GFSA.SCS03G04707,2023.06,354,REVISED,"Central Government, Expenses by Function, Net Acquisition of Non-financial Asset",Government Financial Statistics - GFS,Health,,,,,Dollars,6
GFSA.SCS03G04707,2024.06,591,REVISED,"Central Government, Expenses by Function, Net Acquisition of Non-financial Asset",Government Financial Statistics - GFS,Health,,,,,Dollars,6
GFSA.SCS03G04707,2025.06,900,FINAL,"Central Government, Expenses by Function, Net Acquisition of Non-financial Asset",Government Financial Statistics - GFS,Health,,,,,Dollars,6
GFSA.SCS03G04708,2009.06,9,FINAL,"Central Government, Expenses by Function, Net Acquisition of Non-financial Asset",Government Financial Statistics - GFS,"Recreation, culture, and religion",,,,,Dollars,6
GFSA.SCS03G04708,2010.06,-30,FINAL,"Central Government, Expenses by Function, Net Acquisition of Non-financial Asset",Government Financial Statistics - GFS,"Recreation, culture, and religion",,,,,Dollars,6
GFSA.SCS03G04708,2011.06,-38,FINAL,"Central Government, Expenses by Function, Net Acquisition of Non-financial Asset",Government Financial Statistics - GFS,"Recreation, culture, and religion",,,,,Dollars,6
GFSA.SCS03G04708,2012.06,-42,FINAL,"Central Government, Expenses by Function, Net Acquisition of Non-financial Asset",Government Financial Statistics - GFS,"Recreation, culture, and religion",,,,,Dollars,6
GFSA.SCS03G04708,2013.06,-36,FINAL,"Central Government, Expenses by Function, Net Acquisition of Non-financial Asset",Government Financial Statistics - GFS,"Recreation, culture, and religion",,,,,Dollars,6
GFSA.SCS03G04708,2014.06,-29,FINAL,"Central Government, Expenses by Function, Net Acquisition of Non-financial Asset",Government Financial Statistics - GFS,"Recreation, culture, and religion",,,,,Dollars,6
GFSA.SCS03G04708,2015.06,-24,FINAL,"Central Government, Expenses by Function, Net Acquisition of Non-financial Asset",Government Financial Statistics - GFS,"Recreation, culture, and religion",,,,,Dollars,6
GFSA.SCS03G04708,2016.06,-5,FINAL,"Central Government, Expenses by Function, Net Acquisition of Non-financial Asset",Government Financial Statistics - GFS,"Recreation, culture, and religion",,,,,Dollars,6
GFSA.SCS03G04708,2017.06,63,FINAL,"Central Government, Expenses by Function, Net Acquisition of Non-financial Asset",Government Financial Statistics - GFS,"Recreation, culture, and religion",,,,,Dollars,6
GFSA.SCS03G04708,2018.06,0,FINAL,"Central Government, Expenses by Function, Net Acquisition of Non-financial Asset",Government Financial Statistics - GFS,"Recreation, culture, and religion",,,,,Dollars,6
GFSA.SCS03G04708,2019.06,3,FINAL,"Central Government, Expenses by Function, Net Acquisition of Non-financial Asset",Government Financial Statistics - GFS,"Recreation, culture, and religion",,,,,Dollars,6
GFSA.SCS03G04708,2020.06,31,FINAL,"Central Government, Expenses by Function, Net Acquisition of Non-financial Asset",Government Financial Statistics - GFS,"Recreation, culture, and religion",,,,,Dollars,6
GFSA.SCS03G04708,2021.06,30,FINAL,"Central Government, Expenses by Function, Net Acquisition of Non-financial Asset",Government Financial Statistics - GFS,"Recreation, culture, and religion",,,,,Dollars,6
GFSA.SCS03G04708,2022.06,37,FINAL,"Central Government, Expenses by Function, Net Acquisition of Non-financial Asset",Government Financial Statistics - GFS,"Recreation, culture, and religion",,,,,Dollars,6
GFSA.SCS03G04708,2023.06,40,REVISED,"Central Government, Expenses by Function, Net Acquisition of Non-financial Asset",Government Financial Statistics - GFS,"Recreation, culture, and religion",,,,,Dollars,6
GFSA.SCS03G04708,2024.06,41,REVISED,"Central Government, Expenses by Function, Net Acquisition of Non-financial Asset",Government Financial Statistics - GFS,"Recreation, culture, and religion",,,,,Dollars,6
GFSA.SCS03G04708,2025.06,94,FINAL,"Central Government, Expenses by Function, Net Acquisition of Non-financial Asset",Government Financial Statistics - GFS,"Recreation, culture, and religion",,,,,Dollars,6
GFSA.SCS03G04709,2009.06,199,REVISED,"Central Government, Expenses by Function, Net Acquisition of Non-financial Asset",Government Financial Statistics - GFS,Education,,,,,Dollars,6
GFSA.SCS03G04709,2010.06,191,REVISED,"Central Government, Expenses by Function, Net Acquisition of Non-financial Asset",Government Financial Statistics - GFS,Education,,,,,Dollars,6
GFSA.SCS03G04709,2011.06,176,REVISED,"Central Government, Expenses by Function, Net Acquisition of Non-financial Asset",Government Financial Statistics - GFS,Education,,,,,Dollars,6
GFSA.SCS03G04709,2012.06,20,REVISED,"Central Government, Expenses by Function, Net Acquisition of Non-financial Asset",Government Financial Statistics - GFS,Education,,,,,Dollars,6
GFSA.SCS03G04709,2013.06,-155,REVISED,"Central Government, Expenses by Function, Net Acquisition of Non-financial Asset",Government Financial Statistics - GFS,Education,,,,,Dollars,6
GFSA.SCS03G04709,2014.06,28,REVISED,"Central Government, Expenses by Function, Net Acquisition of Non-financial Asset",Government Financial Statistics - GFS,Education,,,,,Dollars,6
GFSA.SCS03G04709,2015.06,308,REVISED,"Central Government, Expenses by Function, Net Acquisition of Non-financial Asset",Government Financial Statistics - GFS,Education,,,,,Dollars,6
GFSA.SCS03G04709,2016.06,402,REVISED,"Central Government, Expenses by Function, Net Acquisition of Non-financial Asset",Government Financial Statistics - GFS,Education,,,,,Dollars,6
GFSA.SCS03G04709,2017.06,336,REVISED,"Central Government, Expenses by Function, Net Acquisition of Non-financial Asset",Government Financial Statistics - GFS,Education,,,,,Dollars,6
GFSA.SCS03G04709,2018.06,161,REVISED,"Central Government, Expenses by Function, Net Acquisition of Non-financial Asset",Government Financial Statistics - GFS,Education,,,,,Dollars,6
GFSA.SCS03G04709,2019.06,525,REVISED,"Central Government, Expenses by Function, Net Acquisition of Non-financial Asset",Government Financial Statistics - GFS,Education,,,,,Dollars,6
GFSA.SCS03G04709,2020.06,169,REVISED,"Central Government, Expenses by Function, Net Acquisition of Non-financial Asset",Government Financial Statistics - GFS,Education,,,,,Dollars,6
GFSA.SCS03G04709,2021.06,490,REVISED,"Central Government, Expenses by Function, Net Acquisition of Non-financial Asset",Government Financial Statistics - GFS,Education,,,,,Dollars,6
GFSA.SCS03G04709,2022.06,486,REVISED,"Central Government, Expenses by Function, Net Acquisition of Non-financial Asset",Government Financial Statistics - GFS,Education,,,,,Dollars,6
GFSA.SCS03G04709,2023.06,695,REVISED,"Central Government, Expenses by Function, Net Acquisition of Non-financial Asset",Government Financial Statistics - GFS,Education,,,,,Dollars,6
GFSA.SCS03G04709,2024.06,424,REVISED,"Central Government, Expenses by Function, Net Acquisition of Non-financial Asset",Government Financial Statistics - GFS,Education,,,,,Dollars,6
GFSA.SCS03G04709,2025.06,185,FINAL,"Central Government, Expenses by Function, Net Acquisition of Non-financial Asset",Government Financial Statistics - GFS,Education,,,,,Dollars,6
GFSA.SCS03G04710,2009.06,129,FINAL,"Central Government, Expenses by Function, Net Acquisition of Non-financial Asset",Government Financial Statistics - GFS,Social protection,,,,,Dollars,6
GFSA.SCS03G04710,2010.06,8,FINAL,"Central Government, Expenses by Function, Net Acquisition of Non-financial Asset",Government Financial Statistics - GFS,Social protection,,,,,Dollars,6
GFSA.SCS03G04710,2011.06,-10,FINAL,"Central Government, Expenses by Function, Net Acquisition of Non-financial Asset",Government Financial Statistics - GFS,Social protection,,,,,Dollars,6
GFSA.SCS03G04710,2012.06,-134,FINAL,"Central Government, Expenses by Function, Net Acquisition of Non-financial Asset",Government Financial Statistics - GFS,Social protection,,,,,Dollars,6
GFSA.SCS03G04710,2013.06,81,FINAL,"Central Government, Expenses by Function, Net Acquisition of Non-financial Asset",Government Financial Statistics - GFS,Social protection,,,,,Dollars,6
GFSA.SCS03G04710,2014.06,62,FINAL,"Central Government, Expenses by Function, Net Acquisition of Non-financial Asset",Government Financial Statistics - GFS,Social protection,,,,,Dollars,6
GFSA.SCS03G04710,2015.06,-17,FINAL,"Central Government, Expenses by Function, Net Acquisition of Non-financial Asset",Government Financial Statistics - GFS,Social protection,,,,,Dollars,6
GFSA.SCS03G04710,2016.06,-19,FINAL,"Central Government, Expenses by Function, Net Acquisition of Non-financial Asset",Government Financial Statistics - GFS,Social protection,,,,,Dollars,6
GFSA.SCS03G04710,2017.06,25,FINAL,"Central Government, Expenses by Function, Net Acquisition of Non-financial Asset",Government Financial Statistics - GFS,Social protection,,,,,Dollars,6
GFSA.SCS03G04710,2018.06,-2,FINAL,"Central Government, Expenses by Function, Net Acquisition of Non-financial Asset",Government Financial Statistics - GFS,Social protection,,,,,Dollars,6
GFSA.SCS03G04710,2019.06,-52,FINAL,"Central Government, Expenses by Function, Net Acquisition of Non-financial Asset",Government Financial Statistics - GFS,Social protection,,,,,Dollars,6
GFSA.SCS03G04710,2020.06,244,FINAL,"Central Government, Expenses by Function, Net Acquisition of Non-financial Asset",Government Financial Statistics - GFS,Social protection,,,,,Dollars,6
GFSA.SCS03G04710,2021.06,-133,FINAL,"Central Government, Expenses by Function, Net Acquisition of Non-financial Asset",Government Financial Statistics - GFS,Social protection,,,,,Dollars,6
GFSA.SCS03G04710,2022.06,28,FINAL,"Central Government, Expenses by Function, Net Acquisition of Non-financial Asset",Government Financial Statistics - GFS,Social protection,,,,,Dollars,6
GFSA.SCS03G04710,2023.06,-52,FINAL,"Central Government, Expenses by Function, Net Acquisition of Non-financial Asset",Government Financial Statistics - GFS,Social protection,,,,,Dollars,6
GFSA.SCS03G04710,2024.06,19,FINAL,"Central Government, Expenses by Function, Net Acquisition of Non-financial Asset",Government Financial Statistics - GFS,Social protection,,,,,Dollars,6
GFSA.SCS03G04710,2025.06,-152,FINAL,"Central Government, Expenses by Function, Net Acquisition of Non-financial Asset",Government Financial Statistics - GFS,Social protection,,,,,Dollars,6
GFSA.SCS04G00Z11,2009.06,57681,FINAL,"Central Government, Taxation Revenue, Total",Government Financial Statistics - GFS,Taxation revenue,,,,,Dollars,6
GFSA.SCS04G00Z11,2010.06,53179,FINAL,"Central Government, Taxation Revenue, Total",Government Financial Statistics - GFS,Taxation revenue,,,,,Dollars,6
GFSA.SCS04G00Z11,2011.06,54678,FINAL,"Central Government, Taxation Revenue, Total",Government Financial Statistics - GFS,Taxation revenue,,,,,Dollars,6
GFSA.SCS04G00Z11,2012.06,58526,FINAL,"Central Government, Taxation Revenue, Total",Government Financial Statistics - GFS,Taxation revenue,,,,,Dollars,6
GFSA.SCS04G00Z11,2013.06,62293,FINAL,"Central Government, Taxation Revenue, Total",Government Financial Statistics - GFS,Taxation revenue,,,,,Dollars,6
GFSA.SCS04G00Z11,2014.06,65266,FINAL,"Central Government, Taxation Revenue, Total",Government Financial Statistics - GFS,Taxation revenue,,,,,Dollars,6
GFSA.SCS04G00Z11,2015.06,70109,FINAL,"Central Government, Taxation Revenue, Total",Government Financial Statistics - GFS,Taxation revenue,,,,,Dollars,6
GFSA.SCS04G00Z11,2016.06,74018,FINAL,"Central Government, Taxation Revenue, Total",Government Financial Statistics - GFS,Taxation revenue,,,,,Dollars,6
GFSA.SCS04G00Z11,2017.06,79458,FINAL,"Central Government, Taxation Revenue, Total",Government Financial Statistics - GFS,Taxation revenue,,,,,Dollars,6
GFSA.SCS04G00Z11,2018.06,84143,FINAL,"Central Government, Taxation Revenue, Total",Government Financial Statistics - GFS,Taxation revenue,,,,,Dollars,6
GFSA.SCS04G00Z11,2019.06,91431,FINAL,"Central Government, Taxation Revenue, Total",Government Financial Statistics - GFS,Taxation revenue,,,,,Dollars,6
GFSA.SCS04G00Z11,2020.06,89735,FINAL,"Central Government, Taxation Revenue, Total",Government Financial Statistics - GFS,Taxation revenue,,,,,Dollars,6
GFSA.SCS04G00Z11,2021.06,104062,FINAL,"Central Government, Taxation Revenue, Total",Government Financial Statistics - GFS,Taxation revenue,,,,,Dollars,6
GFSA.SCS04G00Z11,2022.06,115123,REVISED,"Central Government, Taxation Revenue, Total",Government Financial Statistics - GFS,Taxation revenue,,,,,Dollars,6
GFSA.SCS04G00Z11,2023.06,117160,REVISED,"Central Government, Taxation Revenue, Total",Government Financial Statistics - GFS,Taxation revenue,,,,,Dollars,6
GFSA.SCS04G00Z11,2024.06,127552,REVISED,"Central Government, Taxation Revenue, Total",Government Financial Statistics - GFS,Taxation revenue,,,,,Dollars,6
GFSA.SCS04G00Z11,2025.06,129020,FINAL,"Central Government, Taxation Revenue, Total",Government Financial Statistics - GFS,Taxation revenue,,,,,Dollars,6
GFSA.SCS04G101110,2009.06,38762,FINAL,"Central Government, Taxation Revenue, Taxes on Income, Profits and Capital Gains",Government Financial Statistics - GFS,"Taxes on income, profits, and capital gains",Total,,,,Dollars,6
GFSA.SCS04G101110,2010.06,33659,FINAL,"Central Government, Taxation Revenue, Taxes on Income, Profits and Capital Gains",Government Financial Statistics - GFS,"Taxes on income, profits, and capital gains",Total,,,,Dollars,6
GFSA.SCS04G101110,2011.06,32839,FINAL,"Central Government, Taxation Revenue, Taxes on Income, Profits and Capital Gains",Government Financial Statistics - GFS,"Taxes on income, profits, and capital gains",Total,,,,Dollars,6
GFSA.SCS04G101110,2012.06,35379,FINAL,"Central Government, Taxation Revenue, Taxes on Income, Profits and Capital Gains",Government Financial Statistics - GFS,"Taxes on income, profits, and capital gains",Total,,,,Dollars,6
GFSA.SCS04G101110,2013.06,38156,FINAL,"Central Government, Taxation Revenue, Taxes on Income, Profits and Capital Gains",Government Financial Statistics - GFS,"Taxes on income, profits, and capital gains",Total,,,,Dollars,6
GFSA.SCS04G101110,2014.06,40012,FINAL,"Central Government, Taxation Revenue, Taxes on Income, Profits and Capital Gains",Government Financial Statistics - GFS,"Taxes on income, profits, and capital gains",Total,,,,Dollars,6
GFSA.SCS04G101110,2015.06,43224,FINAL,"Central Government, Taxation Revenue, Taxes on Income, Profits and Capital Gains",Government Financial Statistics - GFS,"Taxes on income, profits, and capital gains",Total,,,,Dollars,6
GFSA.SCS04G101110,2016.06,45789,FINAL,"Central Government, Taxation Revenue, Taxes on Income, Profits and Capital Gains",Government Financial Statistics - GFS,"Taxes on income, profits, and capital gains",Total,,,,Dollars,6
GFSA.SCS04G101110,2017.06,49543,FINAL,"Central Government, Taxation Revenue, Taxes on Income, Profits and Capital Gains",Government Financial Statistics - GFS,"Taxes on income, profits, and capital gains",Total,,,,Dollars,6
GFSA.SCS04G101110,2018.06,52434,FINAL,"Central Government, Taxation Revenue, Taxes on Income, Profits and Capital Gains",Government Financial Statistics - GFS,"Taxes on income, profits, and capital gains",Total,,,,Dollars,6
GFSA.SCS04G101110,2019.06,57563,FINAL,"Central Government, Taxation Revenue, Taxes on Income, Profits and Capital Gains",Government Financial Statistics - GFS,"Taxes on income, profits, and capital gains",Total,,,,Dollars,6
GFSA.SCS04G101110,2020.06,55866,FINAL,"Central Government, Taxation Revenue, Taxes on Income, Profits and Capital Gains",Government Financial Statistics - GFS,"Taxes on income, profits, and capital gains",Total,,,,Dollars,6
GFSA.SCS04G101110,2021.06,65114,FINAL,"Central Government, Taxation Revenue, Taxes on Income, Profits and Capital Gains",Government Financial Statistics - GFS,"Taxes on income, profits, and capital gains",Total,,,,Dollars,6
GFSA.SCS04G101110,2022.06,76409,FINAL,"Central Government, Taxation Revenue, Taxes on Income, Profits and Capital Gains",Government Financial Statistics - GFS,"Taxes on income, profits, and capital gains",Total,,,,Dollars,6
GFSA.SCS04G101110,2023.06,77017,FINAL,"Central Government, Taxation Revenue, Taxes on Income, Profits and Capital Gains",Government Financial Statistics - GFS,"Taxes on income, profits, and capital gains",Total,,,,Dollars,6
GFSA.SCS04G101110,2024.06,84134,FINAL,"Central Government, Taxation Revenue, Taxes on Income, Profits and Capital Gains",Government Financial Statistics - GFS,"Taxes on income, profits, and capital gains",Total,,,,Dollars,6
GFSA.SCS04G101110,2025.06,84686,FINAL,"Central Government, Taxation Revenue, Taxes on Income, Profits and Capital Gains",Government Financial Statistics - GFS,"Taxes on income, profits, and capital gains",Total,,,,Dollars,6
GFSA.SCS04G101111,2009.06,27684,FINAL,"Central Government, Taxation Revenue, Taxes on Income, Profits and Capital Gains",Government Financial Statistics - GFS,"Taxes on income, profits, and capital gains",Payable by individuals,,,,Dollars,6
GFSA.SCS04G101111,2010.06,25482,FINAL,"Central Government, Taxation Revenue, Taxes on Income, Profits and Capital Gains",Government Financial Statistics - GFS,"Taxes on income, profits, and capital gains",Payable by individuals,,,,Dollars,6
GFSA.SCS04G101111,2011.06,24378,FINAL,"Central Government, Taxation Revenue, Taxes on Income, Profits and Capital Gains",Government Financial Statistics - GFS,"Taxes on income, profits, and capital gains",Payable by individuals,,,,Dollars,6
GFSA.SCS04G101111,2012.06,25134,FINAL,"Central Government, Taxation Revenue, Taxes on Income, Profits and Capital Gains",Government Financial Statistics - GFS,"Taxes on income, profits, and capital gains",Payable by individuals,,,,Dollars,6
GFSA.SCS04G101111,2013.06,27058,FINAL,"Central Government, Taxation Revenue, Taxes on Income, Profits and Capital Gains",Government Financial Statistics - GFS,"Taxes on income, profits, and capital gains",Payable by individuals,,,,Dollars,6
GFSA.SCS04G101111,2014.06,28412,FINAL,"Central Government, Taxation Revenue, Taxes on Income, Profits and Capital Gains",Government Financial Statistics - GFS,"Taxes on income, profits, and capital gains",Payable by individuals,,,,Dollars,6
GFSA.SCS04G101111,2015.06,30549,FINAL,"Central Government, Taxation Revenue, Taxes on Income, Profits and Capital Gains",Government Financial Statistics - GFS,"Taxes on income, profits, and capital gains",Payable by individuals,,,,Dollars,6
GFSA.SCS04G101111,2016.06,32061,FINAL,"Central Government, Taxation Revenue, Taxes on Income, Profits and Capital Gains",Government Financial Statistics - GFS,"Taxes on income, profits, and capital gains",Payable by individuals,,,,Dollars,6
GFSA.SCS04G101111,2017.06,34121,FINAL,"Central Government, Taxation Revenue, Taxes on Income, Profits and Capital Gains",Government Financial Statistics - GFS,"Taxes on income, profits, and capital gains",Payable by individuals,,,,Dollars,6
GFSA.SCS04G101111,2018.06,36090,FINAL,"Central Government, Taxation Revenue, Taxes on Income, Profits and Capital Gains",Government Financial Statistics - GFS,"Taxes on income, profits, and capital gains",Payable by individuals,,,,Dollars,6
GFSA.SCS04G101111,2019.06,39104,FINAL,"Central Government, Taxation Revenue, Taxes on Income, Profits and Capital Gains",Government Financial Statistics - GFS,"Taxes on income, profits, and capital gains",Payable by individuals,,,,Dollars,6
GFSA.SCS04G101111,2020.06,40721,FINAL,"Central Government, Taxation Revenue, Taxes on Income, Profits and Capital Gains",Government Financial Statistics - GFS,"Taxes on income, profits, and capital gains",Payable by individuals,,,,Dollars,6
GFSA.SCS04G101111,2021.06,45179,FINAL,"Central Government, Taxation Revenue, Taxes on Income, Profits and Capital Gains",Government Financial Statistics - GFS,"Taxes on income, profits, and capital gains",Payable by individuals,,,,Dollars,6
GFSA.SCS04G101111,2022.06,51657,FINAL,"Central Government, Taxation Revenue, Taxes on Income, Profits and Capital Gains",Government Financial Statistics - GFS,"Taxes on income, profits, and capital gains",Payable by individuals,,,,Dollars,6
GFSA.SCS04G101111,2023.06,55912,FINAL,"Central Government, Taxation Revenue, Taxes on Income, Profits and Capital Gains",Government Financial Statistics - GFS,"Taxes on income, profits, and capital gains",Payable by individuals,,,,Dollars,6
GFSA.SCS04G101111,2024.06,61565,FINAL,"Central Government, Taxation Revenue, Taxes on Income, Profits and Capital Gains",Government Financial Statistics - GFS,"Taxes on income, profits, and capital gains",Payable by individuals,,,,Dollars,6
GFSA.SCS04G101111,2025.06,63072,FINAL,"Central Government, Taxation Revenue, Taxes on Income, Profits and Capital Gains",Government Financial Statistics - GFS,"Taxes on income, profits, and capital gains",Payable by individuals,,,,Dollars,6
GFSA.SCS04G101112,2009.06,11078,FINAL,"Central Government, Taxation Revenue, Taxes on Income, Profits and Capital Gains",Government Financial Statistics - GFS,"Taxes on income, profits, and capital gains",Payable by corporations,,,,Dollars,6
GFSA.SCS04G101112,2010.06,8178,FINAL,"Central Government, Taxation Revenue, Taxes on Income, Profits and Capital Gains",Government Financial Statistics - GFS,"Taxes on income, profits, and capital gains",Payable by corporations,,,,Dollars,6
GFSA.SCS04G101112,2011.06,8460,FINAL,"Central Government, Taxation Revenue, Taxes on Income, Profits and Capital Gains",Government Financial Statistics - GFS,"Taxes on income, profits, and capital gains",Payable by corporations,,,,Dollars,6
GFSA.SCS04G101112,2012.06,10245,FINAL,"Central Government, Taxation Revenue, Taxes on Income, Profits and Capital Gains",Government Financial Statistics - GFS,"Taxes on income, profits, and capital gains",Payable by corporations,,,,Dollars,6
GFSA.SCS04G101112,2013.06,11099,FINAL,"Central Government, Taxation Revenue, Taxes on Income, Profits and Capital Gains",Government Financial Statistics - GFS,"Taxes on income, profits, and capital gains",Payable by corporations,,,,Dollars,6
GFSA.SCS04G101112,2014.06,11600,FINAL,"Central Government, Taxation Revenue, Taxes on Income, Profits and Capital Gains",Government Financial Statistics - GFS,"Taxes on income, profits, and capital gains",Payable by corporations,,,,Dollars,6
GFSA.SCS04G101112,2015.06,12675,FINAL,"Central Government, Taxation Revenue, Taxes on Income, Profits and Capital Gains",Government Financial Statistics - GFS,"Taxes on income, profits, and capital gains",Payable by corporations,,,,Dollars,6
GFSA.SCS04G101112,2016.06,13728,FINAL,"Central Government, Taxation Revenue, Taxes on Income, Profits and Capital Gains",Government Financial Statistics - GFS,"Taxes on income, profits, and capital gains",Payable by corporations,,,,Dollars,6
GFSA.SCS04G101112,2017.06,15422,FINAL,"Central Government, Taxation Revenue, Taxes on Income, Profits and Capital Gains",Government Financial Statistics - GFS,"Taxes on income, profits, and capital gains",Payable by corporations,,,,Dollars,6
GFSA.SCS04G101112,2018.06,16344,FINAL,"Central Government, Taxation Revenue, Taxes on Income, Profits and Capital Gains",Government Financial Statistics - GFS,"Taxes on income, profits, and capital gains",Payable by corporations,,,,Dollars,6
GFSA.SCS04G101112,2019.06,18459,FINAL,"Central Government, Taxation Revenue, Taxes on Income, Profits and Capital Gains",Government Financial Statistics - GFS,"Taxes on income, profits, and capital gains",Payable by corporations,,,,Dollars,6
GFSA.SCS04G101112,2020.06,15146,FINAL,"Central Government, Taxation Revenue, Taxes on Income, Profits and Capital Gains",Government Financial Statistics - GFS,"Taxes on income, profits, and capital gains",Payable by corporations,,,,Dollars,6
GFSA.SCS04G101112,2021.06,19934,FINAL,"Central Government, Taxation Revenue, Taxes on Income, Profits and Capital Gains",Government Financial Statistics - GFS,"Taxes on income, profits, and capital gains",Payable by corporations,,,,Dollars,6
GFSA.SCS04G101112,2022.06,24751,FINAL,"Central Government, Taxation Revenue, Taxes on Income, Profits and Capital Gains",Government Financial Statistics - GFS,"Taxes on income, profits, and capital gains",Payable by corporations,,,,Dollars,6
GFSA.SCS04G101112,2023.06,21105,FINAL,"Central Government, Taxation Revenue, Taxes on Income, Profits and Capital Gains",Government Financial Statistics - GFS,"Taxes on income, profits, and capital gains",Payable by corporations,,,,Dollars,6
GFSA.SCS04G101112,2024.06,22569,FINAL,"Central Government, Taxation Revenue, Taxes on Income, Profits and Capital Gains",Government Financial Statistics - GFS,"Taxes on income, profits, and capital gains",Payable by corporations,,,,Dollars,6
GFSA.SCS04G101112,2025.06,21614,FINAL,"Central Government, Taxation Revenue, Taxes on Income, Profits and Capital Gains",Government Financial Statistics - GFS,"Taxes on income, profits, and capital gains",Payable by corporations,,,,Dollars,6
GFSA.SCS04G101113,2009.06,0,FINAL,"Central Government, Taxation Revenue, Taxes on Income, Profits and Capital Gains",Government Financial Statistics - GFS,"Taxes on income, profits, and capital gains",Unallocable,,,,Dollars,6
GFSA.SCS04G101113,2010.06,0,FINAL,"Central Government, Taxation Revenue, Taxes on Income, Profits and Capital Gains",Government Financial Statistics - GFS,"Taxes on income, profits, and capital gains",Unallocable,,,,Dollars,6
GFSA.SCS04G101113,2011.06,0,FINAL,"Central Government, Taxation Revenue, Taxes on Income, Profits and Capital Gains",Government Financial Statistics - GFS,"Taxes on income, profits, and capital gains",Unallocable,,,,Dollars,6
GFSA.SCS04G101113,2012.06,0,FINAL,"Central Government, Taxation Revenue, Taxes on Income, Profits and Capital Gains",Government Financial Statistics - GFS,"Taxes on income, profits, and capital gains",Unallocable,,,,Dollars,6
GFSA.SCS04G101113,2013.06,0,FINAL,"Central Government, Taxation Revenue, Taxes on Income, Profits and Capital Gains",Government Financial Statistics - GFS,"Taxes on income, profits, and capital gains",Unallocable,,,,Dollars,6
GFSA.SCS04G101113,2014.06,0,FINAL,"Central Government, Taxation Revenue, Taxes on Income, Profits and Capital Gains",Government Financial Statistics - GFS,"Taxes on income, profits, and capital gains",Unallocable,,,,Dollars,6
GFSA.SCS04G101113,2015.06,0,FINAL,"Central Government, Taxation Revenue, Taxes on Income, Profits and Capital Gains",Government Financial Statistics - GFS,"Taxes on income, profits, and capital gains",Unallocable,,,,Dollars,6
GFSA.SCS04G101113,2016.06,0,FINAL,"Central Government, Taxation Revenue, Taxes on Income, Profits and Capital Gains",Government Financial Statistics - GFS,"Taxes on income, profits, and capital gains",Unallocable,,,,Dollars,6
GFSA.SCS04G101113,2017.06,0,FINAL,"Central Government, Taxation Revenue, Taxes on Income, Profits and Capital Gains",Government Financial Statistics - GFS,"Taxes on income, profits, and capital gains",Unallocable,,,,Dollars,6
GFSA.SCS04G101113,2018.06,0,FINAL,"Central Government, Taxation Revenue, Taxes on Income, Profits and Capital Gains",Government Financial Statistics - GFS,"Taxes on income, profits, and capital gains",Unallocable,,,,Dollars,6
GFSA.SCS04G101113,2019.06,0,FINAL,"Central Government, Taxation Revenue, Taxes on Income, Profits and Capital Gains",Government Financial Statistics - GFS,"Taxes on income, profits, and capital gains",Unallocable,,,,Dollars,6
GFSA.SCS04G101113,2020.06,0,FINAL,"Central Government, Taxation Revenue, Taxes on Income, Profits and Capital Gains",Government Financial Statistics - GFS,"Taxes on income, profits, and capital gains",Unallocable,,,,Dollars,6
GFSA.SCS04G101113,2021.06,0,FINAL,"Central Government, Taxation Revenue, Taxes on Income, Profits and Capital Gains",Government Financial Statistics - GFS,"Taxes on income, profits, and capital gains",Unallocable,,,,Dollars,6
GFSA.SCS04G101113,2022.06,0,FINAL,"Central Government, Taxation Revenue, Taxes on Income, Profits and Capital Gains",Government Financial Statistics - GFS,"Taxes on income, profits, and capital gains",Unallocable,,,,Dollars,6
GFSA.SCS04G101113,2023.06,0,FINAL,"Central Government, Taxation Revenue, Taxes on Income, Profits and Capital Gains",Government Financial Statistics - GFS,"Taxes on income, profits, and capital gains",Unallocable,,,,Dollars,6
GFSA.SCS04G101113,2024.06,0,FINAL,"Central Government, Taxation Revenue, Taxes on Income, Profits and Capital Gains",Government Financial Statistics - GFS,"Taxes on income, profits, and capital gains",Unallocable,,,,Dollars,6
GFSA.SCS04G101113,2025.06,0,FINAL,"Central Government, Taxation Revenue, Taxes on Income, Profits and Capital Gains",Government Financial Statistics - GFS,"Taxes on income, profits, and capital gains",Unallocable,,,,Dollars,6
GFSA.SCS04G111130,2009.06,1,FINAL,"Central Government, Taxation Revenue, Taxes on Property",Government Financial Statistics - GFS,Taxes on property,Total,,,,Dollars,6
GFSA.SCS04G111130,2010.06,2,FINAL,"Central Government, Taxation Revenue, Taxes on Property",Government Financial Statistics - GFS,Taxes on property,Total,,,,Dollars,6
GFSA.SCS04G111130,2011.06,2,FINAL,"Central Government, Taxation Revenue, Taxes on Property",Government Financial Statistics - GFS,Taxes on property,Total,,,,Dollars,6
GFSA.SCS04G111130,2012.06,0,FINAL,"Central Government, Taxation Revenue, Taxes on Property",Government Financial Statistics - GFS,Taxes on property,Total,,,,Dollars,6
GFSA.SCS04G111130,2013.06,0,FINAL,"Central Government, Taxation Revenue, Taxes on Property",Government Financial Statistics - GFS,Taxes on property,Total,,,,Dollars,6
GFSA.SCS04G111130,2014.06,0,FINAL,"Central Government, Taxation Revenue, Taxes on Property",Government Financial Statistics - GFS,Taxes on property,Total,,,,Dollars,6
GFSA.SCS04G111130,2015.06,0,FINAL,"Central Government, Taxation Revenue, Taxes on Property",Government Financial Statistics - GFS,Taxes on property,Total,,,,Dollars,6
GFSA.SCS04G111130,2016.06,0,FINAL,"Central Government, Taxation Revenue, Taxes on Property",Government Financial Statistics - GFS,Taxes on property,Total,,,,Dollars,6
GFSA.SCS04G111130,2017.06,0,FINAL,"Central Government, Taxation Revenue, Taxes on Property",Government Financial Statistics - GFS,Taxes on property,Total,,,,Dollars,6
GFSA.SCS04G111130,2018.06,0,FINAL,"Central Government, Taxation Revenue, Taxes on Property",Government Financial Statistics - GFS,Taxes on property,Total,,,,Dollars,6
GFSA.SCS04G111130,2019.06,0,FINAL,"Central Government, Taxation Revenue, Taxes on Property",Government Financial Statistics - GFS,Taxes on property,Total,,,,Dollars,6
GFSA.SCS04G111130,2020.06,0,FINAL,"Central Government, Taxation Revenue, Taxes on Property",Government Financial Statistics - GFS,Taxes on property,Total,,,,Dollars,6
GFSA.SCS04G111130,2021.06,0,FINAL,"Central Government, Taxation Revenue, Taxes on Property",Government Financial Statistics - GFS,Taxes on property,Total,,,,Dollars,6
GFSA.SCS04G111130,2022.06,0,FINAL,"Central Government, Taxation Revenue, Taxes on Property",Government Financial Statistics - GFS,Taxes on property,Total,,,,Dollars,6
GFSA.SCS04G111130,2023.06,0,FINAL,"Central Government, Taxation Revenue, Taxes on Property",Government Financial Statistics - GFS,Taxes on property,Total,,,,Dollars,6
GFSA.SCS04G111130,2024.06,0,FINAL,"Central Government, Taxation Revenue, Taxes on Property",Government Financial Statistics - GFS,Taxes on property,Total,,,,Dollars,6
GFSA.SCS04G111130,2025.06,0,FINAL,"Central Government, Taxation Revenue, Taxes on Property",Government Financial Statistics - GFS,Taxes on property,Total,,,,Dollars,6
GFSA.SCS04G111131,2009.06,0,FINAL,"Central Government, Taxation Revenue, Taxes on Property",Government Financial Statistics - GFS,Taxes on property,Recurrent taxes on immovable property,,,,Dollars,6
GFSA.SCS04G111131,2010.06,0,FINAL,"Central Government, Taxation Revenue, Taxes on Property",Government Financial Statistics - GFS,Taxes on property,Recurrent taxes on immovable property,,,,Dollars,6
GFSA.SCS04G111131,2011.06,0,FINAL,"Central Government, Taxation Revenue, Taxes on Property",Government Financial Statistics - GFS,Taxes on property,Recurrent taxes on immovable property,,,,Dollars,6
GFSA.SCS04G111131,2012.06,0,FINAL,"Central Government, Taxation Revenue, Taxes on Property",Government Financial Statistics - GFS,Taxes on property,Recurrent taxes on immovable property,,,,Dollars,6
GFSA.SCS04G111131,2013.06,0,FINAL,"Central Government, Taxation Revenue, Taxes on Property",Government Financial Statistics - GFS,Taxes on property,Recurrent taxes on immovable property,,,,Dollars,6
GFSA.SCS04G111131,2014.06,0,FINAL,"Central Government, Taxation Revenue, Taxes on Property",Government Financial Statistics - GFS,Taxes on property,Recurrent taxes on immovable property,,,,Dollars,6
GFSA.SCS04G111131,2015.06,0,FINAL,"Central Government, Taxation Revenue, Taxes on Property",Government Financial Statistics - GFS,Taxes on property,Recurrent taxes on immovable property,,,,Dollars,6
GFSA.SCS04G111131,2016.06,0,FINAL,"Central Government, Taxation Revenue, Taxes on Property",Government Financial Statistics - GFS,Taxes on property,Recurrent taxes on immovable property,,,,Dollars,6
GFSA.SCS04G111131,2017.06,0,FINAL,"Central Government, Taxation Revenue, Taxes on Property",Government Financial Statistics - GFS,Taxes on property,Recurrent taxes on immovable property,,,,Dollars,6
GFSA.SCS04G111131,2018.06,0,FINAL,"Central Government, Taxation Revenue, Taxes on Property",Government Financial Statistics - GFS,Taxes on property,Recurrent taxes on immovable property,,,,Dollars,6
GFSA.SCS04G111131,2019.06,0,FINAL,"Central Government, Taxation Revenue, Taxes on Property",Government Financial Statistics - GFS,Taxes on property,Recurrent taxes on immovable property,,,,Dollars,6
GFSA.SCS04G111131,2020.06,0,FINAL,"Central Government, Taxation Revenue, Taxes on Property",Government Financial Statistics - GFS,Taxes on property,Recurrent taxes on immovable property,,,,Dollars,6
GFSA.SCS04G111131,2021.06,0,FINAL,"Central Government, Taxation Revenue, Taxes on Property",Government Financial Statistics - GFS,Taxes on property,Recurrent taxes on immovable property,,,,Dollars,6
GFSA.SCS04G111131,2022.06,0,FINAL,"Central Government, Taxation Revenue, Taxes on Property",Government Financial Statistics - GFS,Taxes on property,Recurrent taxes on immovable property,,,,Dollars,6
GFSA.SCS04G111131,2023.06,0,FINAL,"Central Government, Taxation Revenue, Taxes on Property",Government Financial Statistics - GFS,Taxes on property,Recurrent taxes on immovable property,,,,Dollars,6
GFSA.SCS04G111131,2024.06,0,FINAL,"Central Government, Taxation Revenue, Taxes on Property",Government Financial Statistics - GFS,Taxes on property,Recurrent taxes on immovable property,,,,Dollars,6
GFSA.SCS04G111131,2025.06,0,FINAL,"Central Government, Taxation Revenue, Taxes on Property",Government Financial Statistics - GFS,Taxes on property,Recurrent taxes on immovable property,,,,Dollars,6
GFSA.SCS04G111132,2009.06,0,FINAL,"Central Government, Taxation Revenue, Taxes on Property",Government Financial Statistics - GFS,Taxes on property,Recurrent taxes on net worth,,,,Dollars,6
GFSA.SCS04G111132,2010.06,0,FINAL,"Central Government, Taxation Revenue, Taxes on Property",Government Financial Statistics - GFS,Taxes on property,Recurrent taxes on net worth,,,,Dollars,6
GFSA.SCS04G111132,2011.06,0,FINAL,"Central Government, Taxation Revenue, Taxes on Property",Government Financial Statistics - GFS,Taxes on property,Recurrent taxes on net worth,,,,Dollars,6
GFSA.SCS04G111132,2012.06,0,FINAL,"Central Government, Taxation Revenue, Taxes on Property",Government Financial Statistics - GFS,Taxes on property,Recurrent taxes on net worth,,,,Dollars,6
GFSA.SCS04G111132,2013.06,0,FINAL,"Central Government, Taxation Revenue, Taxes on Property",Government Financial Statistics - GFS,Taxes on property,Recurrent taxes on net worth,,,,Dollars,6
GFSA.SCS04G111132,2014.06,0,FINAL,"Central Government, Taxation Revenue, Taxes on Property",Government Financial Statistics - GFS,Taxes on property,Recurrent taxes on net worth,,,,Dollars,6
GFSA.SCS04G111132,2015.06,0,FINAL,"Central Government, Taxation Revenue, Taxes on Property",Government Financial Statistics - GFS,Taxes on property,Recurrent taxes on net worth,,,,Dollars,6
GFSA.SCS04G111132,2016.06,0,FINAL,"Central Government, Taxation Revenue, Taxes on Property",Government Financial Statistics - GFS,Taxes on property,Recurrent taxes on net worth,,,,Dollars,6
GFSA.SCS04G111132,2017.06,0,FINAL,"Central Government, Taxation Revenue, Taxes on Property",Government Financial Statistics - GFS,Taxes on property,Recurrent taxes on net worth,,,,Dollars,6
GFSA.SCS04G111132,2018.06,0,FINAL,"Central Government, Taxation Revenue, Taxes on Property",Government Financial Statistics - GFS,Taxes on property,Recurrent taxes on net worth,,,,Dollars,6
GFSA.SCS04G111132,2019.06,0,FINAL,"Central Government, Taxation Revenue, Taxes on Property",Government Financial Statistics - GFS,Taxes on property,Recurrent taxes on net worth,,,,Dollars,6
GFSA.SCS04G111132,2020.06,0,FINAL,"Central Government, Taxation Revenue, Taxes on Property",Government Financial Statistics - GFS,Taxes on property,Recurrent taxes on net worth,,,,Dollars,6
GFSA.SCS04G111132,2021.06,0,FINAL,"Central Government, Taxation Revenue, Taxes on Property",Government Financial Statistics - GFS,Taxes on property,Recurrent taxes on net worth,,,,Dollars,6
GFSA.SCS04G111132,2022.06,0,FINAL,"Central Government, Taxation Revenue, Taxes on Property",Government Financial Statistics - GFS,Taxes on property,Recurrent taxes on net worth,,,,Dollars,6
GFSA.SCS04G111132,2023.06,0,FINAL,"Central Government, Taxation Revenue, Taxes on Property",Government Financial Statistics - GFS,Taxes on property,Recurrent taxes on net worth,,,,Dollars,6
GFSA.SCS04G111132,2024.06,0,FINAL,"Central Government, Taxation Revenue, Taxes on Property",Government Financial Statistics - GFS,Taxes on property,Recurrent taxes on net worth,,,,Dollars,6
GFSA.SCS04G111132,2025.06,0,FINAL,"Central Government, Taxation Revenue, Taxes on Property",Government Financial Statistics - GFS,Taxes on property,Recurrent taxes on net worth,,,,Dollars,6
GFSA.SCS04G111133,2009.06,1,FINAL,"Central Government, Taxation Revenue, Taxes on Property",Government Financial Statistics - GFS,Taxes on property,"Estate, inheritence, and gift taxes",,,,Dollars,6
GFSA.SCS04G111133,2010.06,2,FINAL,"Central Government, Taxation Revenue, Taxes on Property",Government Financial Statistics - GFS,Taxes on property,"Estate, inheritence, and gift taxes",,,,Dollars,6
GFSA.SCS04G111133,2011.06,2,FINAL,"Central Government, Taxation Revenue, Taxes on Property",Government Financial Statistics - GFS,Taxes on property,"Estate, inheritence, and gift taxes",,,,Dollars,6
GFSA.SCS04G111133,2012.06,0,FINAL,"Central Government, Taxation Revenue, Taxes on Property",Government Financial Statistics - GFS,Taxes on property,"Estate, inheritence, and gift taxes",,,,Dollars,6
GFSA.SCS04G111133,2013.06,0,FINAL,"Central Government, Taxation Revenue, Taxes on Property",Government Financial Statistics - GFS,Taxes on property,"Estate, inheritence, and gift taxes",,,,Dollars,6
GFSA.SCS04G111133,2014.06,0,FINAL,"Central Government, Taxation Revenue, Taxes on Property",Government Financial Statistics - GFS,Taxes on property,"Estate, inheritence, and gift taxes",,,,Dollars,6
GFSA.SCS04G111133,2015.06,0,FINAL,"Central Government, Taxation Revenue, Taxes on Property",Government Financial Statistics - GFS,Taxes on property,"Estate, inheritence, and gift taxes",,,,Dollars,6
GFSA.SCS04G111133,2016.06,0,FINAL,"Central Government, Taxation Revenue, Taxes on Property",Government Financial Statistics - GFS,Taxes on property,"Estate, inheritence, and gift taxes",,,,Dollars,6
GFSA.SCS04G111133,2017.06,0,FINAL,"Central Government, Taxation Revenue, Taxes on Property",Government Financial Statistics - GFS,Taxes on property,"Estate, inheritence, and gift taxes",,,,Dollars,6
GFSA.SCS04G111133,2018.06,0,FINAL,"Central Government, Taxation Revenue, Taxes on Property",Government Financial Statistics - GFS,Taxes on property,"Estate, inheritence, and gift taxes",,,,Dollars,6
GFSA.SCS04G111133,2019.06,0,FINAL,"Central Government, Taxation Revenue, Taxes on Property",Government Financial Statistics - GFS,Taxes on property,"Estate, inheritence, and gift taxes",,,,Dollars,6
GFSA.SCS04G111133,2020.06,0,FINAL,"Central Government, Taxation Revenue, Taxes on Property",Government Financial Statistics - GFS,Taxes on property,"Estate, inheritence, and gift taxes",,,,Dollars,6
GFSA.SCS04G111133,2021.06,0,FINAL,"Central Government, Taxation Revenue, Taxes on Property",Government Financial Statistics - GFS,Taxes on property,"Estate, inheritence, and gift taxes",,,,Dollars,6
GFSA.SCS04G111133,2022.06,0,FINAL,"Central Government, Taxation Revenue, Taxes on Property",Government Financial Statistics - GFS,Taxes on property,"Estate, inheritence, and gift taxes",,,,Dollars,6
GFSA.SCS04G111133,2023.06,0,FINAL,"Central Government, Taxation Revenue, Taxes on Property",Government Financial Statistics - GFS,Taxes on property,"Estate, inheritence, and gift taxes",,,,Dollars,6
GFSA.SCS04G111133,2024.06,0,FINAL,"Central Government, Taxation Revenue, Taxes on Property",Government Financial Statistics - GFS,Taxes on property,"Estate, inheritence, and gift taxes",,,,Dollars,6
GFSA.SCS04G111133,2025.06,0,FINAL,"Central Government, Taxation Revenue, Taxes on Property",Government Financial Statistics - GFS,Taxes on property,"Estate, inheritence, and gift taxes",,,,Dollars,6
GFSA.SCS04G111134,2009.06,0,FINAL,"Central Government, Taxation Revenue, Taxes on Property",Government Financial Statistics - GFS,Taxes on property,Taxes on financial and capital transactions,,,,Dollars,6
GFSA.SCS04G111134,2010.06,0,FINAL,"Central Government, Taxation Revenue, Taxes on Property",Government Financial Statistics - GFS,Taxes on property,Taxes on financial and capital transactions,,,,Dollars,6
GFSA.SCS04G111134,2011.06,0,FINAL,"Central Government, Taxation Revenue, Taxes on Property",Government Financial Statistics - GFS,Taxes on property,Taxes on financial and capital transactions,,,,Dollars,6
GFSA.SCS04G111134,2012.06,0,FINAL,"Central Government, Taxation Revenue, Taxes on Property",Government Financial Statistics - GFS,Taxes on property,Taxes on financial and capital transactions,,,,Dollars,6
GFSA.SCS04G111134,2013.06,0,FINAL,"Central Government, Taxation Revenue, Taxes on Property",Government Financial Statistics - GFS,Taxes on property,Taxes on financial and capital transactions,,,,Dollars,6
GFSA.SCS04G111134,2014.06,0,FINAL,"Central Government, Taxation Revenue, Taxes on Property",Government Financial Statistics - GFS,Taxes on property,Taxes on financial and capital transactions,,,,Dollars,6
GFSA.SCS04G111134,2015.06,0,FINAL,"Central Government, Taxation Revenue, Taxes on Property",Government Financial Statistics - GFS,Taxes on property,Taxes on financial and capital transactions,,,,Dollars,6
GFSA.SCS04G111134,2016.06,0,FINAL,"Central Government, Taxation Revenue, Taxes on Property",Government Financial Statistics - GFS,Taxes on property,Taxes on financial and capital transactions,,,,Dollars,6
GFSA.SCS04G111134,2017.06,0,FINAL,"Central Government, Taxation Revenue, Taxes on Property",Government Financial Statistics - GFS,Taxes on property,Taxes on financial and capital transactions,,,,Dollars,6
GFSA.SCS04G111134,2018.06,0,FINAL,"Central Government, Taxation Revenue, Taxes on Property",Government Financial Statistics - GFS,Taxes on property,Taxes on financial and capital transactions,,,,Dollars,6
GFSA.SCS04G111134,2019.06,0,FINAL,"Central Government, Taxation Revenue, Taxes on Property",Government Financial Statistics - GFS,Taxes on property,Taxes on financial and capital transactions,,,,Dollars,6
GFSA.SCS04G111134,2020.06,0,FINAL,"Central Government, Taxation Revenue, Taxes on Property",Government Financial Statistics - GFS,Taxes on property,Taxes on financial and capital transactions,,,,Dollars,6
GFSA.SCS04G111134,2021.06,0,FINAL,"Central Government, Taxation Revenue, Taxes on Property",Government Financial Statistics - GFS,Taxes on property,Taxes on financial and capital transactions,,,,Dollars,6
GFSA.SCS04G111134,2022.06,0,FINAL,"Central Government, Taxation Revenue, Taxes on Property",Government Financial Statistics - GFS,Taxes on property,Taxes on financial and capital transactions,,,,Dollars,6
GFSA.SCS04G111134,2023.06,0,FINAL,"Central Government, Taxation Revenue, Taxes on Property",Government Financial Statistics - GFS,Taxes on property,Taxes on financial and capital transactions,,,,Dollars,6
GFSA.SCS04G111134,2024.06,0,FINAL,"Central Government, Taxation Revenue, Taxes on Property",Government Financial Statistics - GFS,Taxes on property,Taxes on financial and capital transactions,,,,Dollars,6
GFSA.SCS04G111134,2025.06,0,FINAL,"Central Government, Taxation Revenue, Taxes on Property",Government Financial Statistics - GFS,Taxes on property,Taxes on financial and capital transactions,,,,Dollars,6
GFSA.SCS04G111135,2009.06,0,FINAL,"Central Government, Taxation Revenue, Taxes on Property",Government Financial Statistics - GFS,Taxes on property,Other non-recurrent taxes on property,,,,Dollars,6
GFSA.SCS04G111135,2010.06,0,FINAL,"Central Government, Taxation Revenue, Taxes on Property",Government Financial Statistics - GFS,Taxes on property,Other non-recurrent taxes on property,,,,Dollars,6
GFSA.SCS04G111135,2011.06,0,FINAL,"Central Government, Taxation Revenue, Taxes on Property",Government Financial Statistics - GFS,Taxes on property,Other non-recurrent taxes on property,,,,Dollars,6
GFSA.SCS04G111135,2012.06,0,FINAL,"Central Government, Taxation Revenue, Taxes on Property",Government Financial Statistics - GFS,Taxes on property,Other non-recurrent taxes on property,,,,Dollars,6
GFSA.SCS04G111135,2013.06,0,FINAL,"Central Government, Taxation Revenue, Taxes on Property",Government Financial Statistics - GFS,Taxes on property,Other non-recurrent taxes on property,,,,Dollars,6
GFSA.SCS04G111135,2014.06,0,FINAL,"Central Government, Taxation Revenue, Taxes on Property",Government Financial Statistics - GFS,Taxes on property,Other non-recurrent taxes on property,,,,Dollars,6
GFSA.SCS04G111135,2015.06,0,FINAL,"Central Government, Taxation Revenue, Taxes on Property",Government Financial Statistics - GFS,Taxes on property,Other non-recurrent taxes on property,,,,Dollars,6
GFSA.SCS04G111135,2016.06,0,FINAL,"Central Government, Taxation Revenue, Taxes on Property",Government Financial Statistics - GFS,Taxes on property,Other non-recurrent taxes on property,,,,Dollars,6
GFSA.SCS04G111135,2017.06,0,FINAL,"Central Government, Taxation Revenue, Taxes on Property",Government Financial Statistics - GFS,Taxes on property,Other non-recurrent taxes on property,,,,Dollars,6
GFSA.SCS04G111135,2018.06,0,FINAL,"Central Government, Taxation Revenue, Taxes on Property",Government Financial Statistics - GFS,Taxes on property,Other non-recurrent taxes on property,,,,Dollars,6
GFSA.SCS04G111135,2019.06,0,FINAL,"Central Government, Taxation Revenue, Taxes on Property",Government Financial Statistics - GFS,Taxes on property,Other non-recurrent taxes on property,,,,Dollars,6
GFSA.SCS04G111135,2020.06,0,FINAL,"Central Government, Taxation Revenue, Taxes on Property",Government Financial Statistics - GFS,Taxes on property,Other non-recurrent taxes on property,,,,Dollars,6
GFSA.SCS04G111135,2021.06,0,FINAL,"Central Government, Taxation Revenue, Taxes on Property",Government Financial Statistics - GFS,Taxes on property,Other non-recurrent taxes on property,,,,Dollars,6
GFSA.SCS04G111135,2022.06,0,FINAL,"Central Government, Taxation Revenue, Taxes on Property",Government Financial Statistics - GFS,Taxes on property,Other non-recurrent taxes on property,,,,Dollars,6
GFSA.SCS04G111135,2023.06,0,FINAL,"Central Government, Taxation Revenue, Taxes on Property",Government Financial Statistics - GFS,Taxes on property,Other non-recurrent taxes on property,,,,Dollars,6
GFSA.SCS04G111135,2024.06,0,FINAL,"Central Government, Taxation Revenue, Taxes on Property",Government Financial Statistics - GFS,Taxes on property,Other non-recurrent taxes on property,,,,Dollars,6
GFSA.SCS04G111135,2025.06,0,FINAL,"Central Government, Taxation Revenue, Taxes on Property",Government Financial Statistics - GFS,Taxes on property,Other non-recurrent taxes on property,,,,Dollars,6
GFSA.SCS04G111136,2009.06,0,FINAL,"Central Government, Taxation Revenue, Taxes on Property",Government Financial Statistics - GFS,Taxes on property,Other recurrent taxes on property,,,,Dollars,6
GFSA.SCS04G111136,2010.06,0,FINAL,"Central Government, Taxation Revenue, Taxes on Property",Government Financial Statistics - GFS,Taxes on property,Other recurrent taxes on property,,,,Dollars,6
GFSA.SCS04G111136,2011.06,0,FINAL,"Central Government, Taxation Revenue, Taxes on Property",Government Financial Statistics - GFS,Taxes on property,Other recurrent taxes on property,,,,Dollars,6
GFSA.SCS04G111136,2012.06,0,FINAL,"Central Government, Taxation Revenue, Taxes on Property",Government Financial Statistics - GFS,Taxes on property,Other recurrent taxes on property,,,,Dollars,6
GFSA.SCS04G111136,2013.06,0,FINAL,"Central Government, Taxation Revenue, Taxes on Property",Government Financial Statistics - GFS,Taxes on property,Other recurrent taxes on property,,,,Dollars,6
GFSA.SCS04G111136,2014.06,0,FINAL,"Central Government, Taxation Revenue, Taxes on Property",Government Financial Statistics - GFS,Taxes on property,Other recurrent taxes on property,,,,Dollars,6
GFSA.SCS04G111136,2015.06,0,FINAL,"Central Government, Taxation Revenue, Taxes on Property",Government Financial Statistics - GFS,Taxes on property,Other recurrent taxes on property,,,,Dollars,6
GFSA.SCS04G111136,2016.06,0,FINAL,"Central Government, Taxation Revenue, Taxes on Property",Government Financial Statistics - GFS,Taxes on property,Other recurrent taxes on property,,,,Dollars,6
GFSA.SCS04G111136,2017.06,0,FINAL,"Central Government, Taxation Revenue, Taxes on Property",Government Financial Statistics - GFS,Taxes on property,Other recurrent taxes on property,,,,Dollars,6
GFSA.SCS04G111136,2018.06,0,FINAL,"Central Government, Taxation Revenue, Taxes on Property",Government Financial Statistics - GFS,Taxes on property,Other recurrent taxes on property,,,,Dollars,6
GFSA.SCS04G111136,2019.06,0,FINAL,"Central Government, Taxation Revenue, Taxes on Property",Government Financial Statistics - GFS,Taxes on property,Other recurrent taxes on property,,,,Dollars,6
GFSA.SCS04G111136,2020.06,0,FINAL,"Central Government, Taxation Revenue, Taxes on Property",Government Financial Statistics - GFS,Taxes on property,Other recurrent taxes on property,,,,Dollars,6
GFSA.SCS04G111136,2021.06,0,FINAL,"Central Government, Taxation Revenue, Taxes on Property",Government Financial Statistics - GFS,Taxes on property,Other recurrent taxes on property,,,,Dollars,6
GFSA.SCS04G111136,2022.06,0,FINAL,"Central Government, Taxation Revenue, Taxes on Property",Government Financial Statistics - GFS,Taxes on property,Other recurrent taxes on property,,,,Dollars,6
GFSA.SCS04G111136,2023.06,0,FINAL,"Central Government, Taxation Revenue, Taxes on Property",Government Financial Statistics - GFS,Taxes on property,Other recurrent taxes on property,,,,Dollars,6
GFSA.SCS04G111136,2024.06,0,FINAL,"Central Government, Taxation Revenue, Taxes on Property",Government Financial Statistics - GFS,Taxes on property,Other recurrent taxes on property,,,,Dollars,6
GFSA.SCS04G111136,2025.06,0,FINAL,"Central Government, Taxation Revenue, Taxes on Property",Government Financial Statistics - GFS,Taxes on property,Other recurrent taxes on property,,,,Dollars,6
GFSA.SCS04G121140,2009.06,16980,FINAL,"Central Government, Taxation Revenue, Taxes on Goods and Services",Government Financial Statistics - GFS,Taxes on goods and services,Total,,,,Dollars,6
GFSA.SCS04G121140,2010.06,17590,FINAL,"Central Government, Taxation Revenue, Taxes on Goods and Services",Government Financial Statistics - GFS,Taxes on goods and services,Total,,,,Dollars,6
GFSA.SCS04G121140,2011.06,19880,FINAL,"Central Government, Taxation Revenue, Taxes on Goods and Services",Government Financial Statistics - GFS,Taxes on goods and services,Total,,,,Dollars,6
GFSA.SCS04G121140,2012.06,21077,FINAL,"Central Government, Taxation Revenue, Taxes on Goods and Services",Government Financial Statistics - GFS,Taxes on goods and services,Total,,,,Dollars,6
GFSA.SCS04G121140,2013.06,22039,FINAL,"Central Government, Taxation Revenue, Taxes on Goods and Services",Government Financial Statistics - GFS,Taxes on goods and services,Total,,,,Dollars,6
GFSA.SCS04G121140,2014.06,23042,FINAL,"Central Government, Taxation Revenue, Taxes on Goods and Services",Government Financial Statistics - GFS,Taxes on goods and services,Total,,,,Dollars,6
GFSA.SCS04G121140,2015.06,24441,FINAL,"Central Government, Taxation Revenue, Taxes on Goods and Services",Government Financial Statistics - GFS,Taxes on goods and services,Total,,,,Dollars,6
GFSA.SCS04G121140,2016.06,25733,FINAL,"Central Government, Taxation Revenue, Taxes on Goods and Services",Government Financial Statistics - GFS,Taxes on goods and services,Total,,,,Dollars,6
GFSA.SCS04G121140,2017.06,27305,FINAL,"Central Government, Taxation Revenue, Taxes on Goods and Services",Government Financial Statistics - GFS,Taxes on goods and services,Total,,,,Dollars,6
GFSA.SCS04G121140,2018.06,28902,FINAL,"Central Government, Taxation Revenue, Taxes on Goods and Services",Government Financial Statistics - GFS,Taxes on goods and services,Total,,,,Dollars,6
GFSA.SCS04G121140,2019.06,30982,FINAL,"Central Government, Taxation Revenue, Taxes on Goods and Services",Government Financial Statistics - GFS,Taxes on goods and services,Total,,,,Dollars,6
GFSA.SCS04G121140,2020.06,30737,FINAL,"Central Government, Taxation Revenue, Taxes on Goods and Services",Government Financial Statistics - GFS,Taxes on goods and services,Total,,,,Dollars,6
GFSA.SCS04G121140,2021.06,35623,FINAL,"Central Government, Taxation Revenue, Taxes on Goods and Services",Government Financial Statistics - GFS,Taxes on goods and services,Total,,,,Dollars,6
GFSA.SCS04G121140,2022.06,35186,REVISED,"Central Government, Taxation Revenue, Taxes on Goods and Services",Government Financial Statistics - GFS,Taxes on goods and services,Total,,,,Dollars,6
GFSA.SCS04G121140,2023.06,36296,FINAL,"Central Government, Taxation Revenue, Taxes on Goods and Services",Government Financial Statistics - GFS,Taxes on goods and services,Total,,,,Dollars,6
GFSA.SCS04G121140,2024.06,39132,REVISED,"Central Government, Taxation Revenue, Taxes on Goods and Services",Government Financial Statistics - GFS,Taxes on goods and services,Total,,,,Dollars,6
GFSA.SCS04G121140,2025.06,39998,FINAL,"Central Government, Taxation Revenue, Taxes on Goods and Services",Government Financial Statistics - GFS,Taxes on goods and services,Total,,,,Dollars,6
GFSA.SCS04G121141,2009.06,12248,FINAL,"Central Government, Taxation Revenue, Taxes on Goods and Services",Government Financial Statistics - GFS,Taxes on goods and services,General taxes on goods and services,,,,Dollars,6
GFSA.SCS04G121141,2010.06,12654,FINAL,"Central Government, Taxation Revenue, Taxes on Goods and Services",Government Financial Statistics - GFS,Taxes on goods and services,General taxes on goods and services,,,,Dollars,6
GFSA.SCS04G121141,2011.06,14603,FINAL,"Central Government, Taxation Revenue, Taxes on Goods and Services",Government Financial Statistics - GFS,Taxes on goods and services,General taxes on goods and services,,,,Dollars,6
GFSA.SCS04G121141,2012.06,15520,FINAL,"Central Government, Taxation Revenue, Taxes on Goods and Services",Government Financial Statistics - GFS,Taxes on goods and services,General taxes on goods and services,,,,Dollars,6
GFSA.SCS04G121141,2013.06,16231,FINAL,"Central Government, Taxation Revenue, Taxes on Goods and Services",Government Financial Statistics - GFS,Taxes on goods and services,General taxes on goods and services,,,,Dollars,6
GFSA.SCS04G121141,2014.06,17039,FINAL,"Central Government, Taxation Revenue, Taxes on Goods and Services",Government Financial Statistics - GFS,Taxes on goods and services,General taxes on goods and services,,,,Dollars,6
GFSA.SCS04G121141,2015.06,18226,FINAL,"Central Government, Taxation Revenue, Taxes on Goods and Services",Government Financial Statistics - GFS,Taxes on goods and services,General taxes on goods and services,,,,Dollars,6
GFSA.SCS04G121141,2016.06,19289,FINAL,"Central Government, Taxation Revenue, Taxes on Goods and Services",Government Financial Statistics - GFS,Taxes on goods and services,General taxes on goods and services,,,,Dollars,6
GFSA.SCS04G121141,2017.06,20627,FINAL,"Central Government, Taxation Revenue, Taxes on Goods and Services",Government Financial Statistics - GFS,Taxes on goods and services,General taxes on goods and services,,,,Dollars,6
GFSA.SCS04G121141,2018.06,21925,FINAL,"Central Government, Taxation Revenue, Taxes on Goods and Services",Government Financial Statistics - GFS,Taxes on goods and services,General taxes on goods and services,,,,Dollars,6
GFSA.SCS04G121141,2019.06,23109,FINAL,"Central Government, Taxation Revenue, Taxes on Goods and Services",Government Financial Statistics - GFS,Taxes on goods and services,General taxes on goods and services,,,,Dollars,6
GFSA.SCS04G121141,2020.06,23092,FINAL,"Central Government, Taxation Revenue, Taxes on Goods and Services",Government Financial Statistics - GFS,Taxes on goods and services,General taxes on goods and services,,,,Dollars,6
GFSA.SCS04G121141,2021.06,27016,FINAL,"Central Government, Taxation Revenue, Taxes on Goods and Services",Government Financial Statistics - GFS,Taxes on goods and services,General taxes on goods and services,,,,Dollars,6
GFSA.SCS04G121141,2022.06,27668,FINAL,"Central Government, Taxation Revenue, Taxes on Goods and Services",Government Financial Statistics - GFS,Taxes on goods and services,General taxes on goods and services,,,,Dollars,6
GFSA.SCS04G121141,2023.06,29595,FINAL,"Central Government, Taxation Revenue, Taxes on Goods and Services",Government Financial Statistics - GFS,Taxes on goods and services,General taxes on goods and services,,,,Dollars,6
GFSA.SCS04G121141,2024.06,30870,FINAL,"Central Government, Taxation Revenue, Taxes on Goods and Services",Government Financial Statistics - GFS,Taxes on goods and services,General taxes on goods and services,,,,Dollars,6
GFSA.SCS04G121141,2025.06,31292,FINAL,"Central Government, Taxation Revenue, Taxes on Goods and Services",Government Financial Statistics - GFS,Taxes on goods and services,General taxes on goods and services,,,,Dollars,6
GFSA.SCS04G121142,2009.06,1857,FINAL,"Central Government, Taxation Revenue, Taxes on Goods and Services",Government Financial Statistics - GFS,Taxes on goods and services,Excises,,,,Dollars,6
GFSA.SCS04G121142,2010.06,1941,FINAL,"Central Government, Taxation Revenue, Taxes on Goods and Services",Government Financial Statistics - GFS,Taxes on goods and services,Excises,,,,Dollars,6
GFSA.SCS04G121142,2011.06,2034,FINAL,"Central Government, Taxation Revenue, Taxes on Goods and Services",Government Financial Statistics - GFS,Taxes on goods and services,Excises,,,,Dollars,6
GFSA.SCS04G121142,2012.06,2049,FINAL,"Central Government, Taxation Revenue, Taxes on Goods and Services",Government Financial Statistics - GFS,Taxes on goods and services,Excises,,,,Dollars,6
GFSA.SCS04G121142,2013.06,2099,FINAL,"Central Government, Taxation Revenue, Taxes on Goods and Services",Government Financial Statistics - GFS,Taxes on goods and services,Excises,,,,Dollars,6
GFSA.SCS04G121142,2014.06,2100,FINAL,"Central Government, Taxation Revenue, Taxes on Goods and Services",Government Financial Statistics - GFS,Taxes on goods and services,Excises,,,,Dollars,6
GFSA.SCS04G121142,2015.06,2264,FINAL,"Central Government, Taxation Revenue, Taxes on Goods and Services",Government Financial Statistics - GFS,Taxes on goods and services,Excises,,,,Dollars,6
GFSA.SCS04G121142,2016.06,2464,FINAL,"Central Government, Taxation Revenue, Taxes on Goods and Services",Government Financial Statistics - GFS,Taxes on goods and services,Excises,,,,Dollars,6
GFSA.SCS04G121142,2017.06,2422,FINAL,"Central Government, Taxation Revenue, Taxes on Goods and Services",Government Financial Statistics - GFS,Taxes on goods and services,Excises,,,,Dollars,6
GFSA.SCS04G121142,2018.06,2394,FINAL,"Central Government, Taxation Revenue, Taxes on Goods and Services",Government Financial Statistics - GFS,Taxes on goods and services,Excises,,,,Dollars,6
GFSA.SCS04G121142,2019.06,2666,FINAL,"Central Government, Taxation Revenue, Taxes on Goods and Services",Government Financial Statistics - GFS,Taxes on goods and services,Excises,,,,Dollars,6
GFSA.SCS04G121142,2020.06,2532,FINAL,"Central Government, Taxation Revenue, Taxes on Goods and Services",Government Financial Statistics - GFS,Taxes on goods and services,Excises,,,,Dollars,6
GFSA.SCS04G121142,2021.06,2191,FINAL,"Central Government, Taxation Revenue, Taxes on Goods and Services",Government Financial Statistics - GFS,Taxes on goods and services,Excises,,,,Dollars,6
GFSA.SCS04G121142,2022.06,1842,FINAL,"Central Government, Taxation Revenue, Taxes on Goods and Services",Government Financial Statistics - GFS,Taxes on goods and services,Excises,,,,Dollars,6
GFSA.SCS04G121142,2023.06,1086,FINAL,"Central Government, Taxation Revenue, Taxes on Goods and Services",Government Financial Statistics - GFS,Taxes on goods and services,Excises,,,,Dollars,6
GFSA.SCS04G121142,2024.06,1130,FINAL,"Central Government, Taxation Revenue, Taxes on Goods and Services",Government Financial Statistics - GFS,Taxes on goods and services,Excises,,,,Dollars,6
GFSA.SCS04G121142,2025.06,1114,FINAL,"Central Government, Taxation Revenue, Taxes on Goods and Services",Government Financial Statistics - GFS,Taxes on goods and services,Excises,,,,Dollars,6
GFSA.SCS04G121143,2009.06,199,FINAL,"Central Government, Taxation Revenue, Taxes on Goods and Services",Government Financial Statistics - GFS,Taxes on goods and services,Profits of fiscal monopolies,,,,Dollars,6
GFSA.SCS04G121143,2010.06,160,FINAL,"Central Government, Taxation Revenue, Taxes on Goods and Services",Government Financial Statistics - GFS,Taxes on goods and services,Profits of fiscal monopolies,,,,Dollars,6
GFSA.SCS04G121143,2011.06,183,FINAL,"Central Government, Taxation Revenue, Taxes on Goods and Services",Government Financial Statistics - GFS,Taxes on goods and services,Profits of fiscal monopolies,,,,Dollars,6
GFSA.SCS04G121143,2012.06,197,FINAL,"Central Government, Taxation Revenue, Taxes on Goods and Services",Government Financial Statistics - GFS,Taxes on goods and services,Profits of fiscal monopolies,,,,Dollars,6
GFSA.SCS04G121143,2013.06,202,FINAL,"Central Government, Taxation Revenue, Taxes on Goods and Services",Government Financial Statistics - GFS,Taxes on goods and services,Profits of fiscal monopolies,,,,Dollars,6
GFSA.SCS04G121143,2014.06,231,FINAL,"Central Government, Taxation Revenue, Taxes on Goods and Services",Government Financial Statistics - GFS,Taxes on goods and services,Profits of fiscal monopolies,,,,Dollars,6
GFSA.SCS04G121143,2015.06,199,FINAL,"Central Government, Taxation Revenue, Taxes on Goods and Services",Government Financial Statistics - GFS,Taxes on goods and services,Profits of fiscal monopolies,,,,Dollars,6
GFSA.SCS04G121143,2016.06,204,FINAL,"Central Government, Taxation Revenue, Taxes on Goods and Services",Government Financial Statistics - GFS,Taxes on goods and services,Profits of fiscal monopolies,,,,Dollars,6
GFSA.SCS04G121143,2017.06,273,FINAL,"Central Government, Taxation Revenue, Taxes on Goods and Services",Government Financial Statistics - GFS,Taxes on goods and services,Profits of fiscal monopolies,,,,Dollars,6
GFSA.SCS04G121143,2018.06,270,FINAL,"Central Government, Taxation Revenue, Taxes on Goods and Services",Government Financial Statistics - GFS,Taxes on goods and services,Profits of fiscal monopolies,,,,Dollars,6
GFSA.SCS04G121143,2019.06,261,FINAL,"Central Government, Taxation Revenue, Taxes on Goods and Services",Government Financial Statistics - GFS,Taxes on goods and services,Profits of fiscal monopolies,,,,Dollars,6
GFSA.SCS04G121143,2020.06,313,FINAL,"Central Government, Taxation Revenue, Taxes on Goods and Services",Government Financial Statistics - GFS,Taxes on goods and services,Profits of fiscal monopolies,,,,Dollars,6
GFSA.SCS04G121143,2021.06,371,FINAL,"Central Government, Taxation Revenue, Taxes on Goods and Services",Government Financial Statistics - GFS,Taxes on goods and services,Profits of fiscal monopolies,,,,Dollars,6
GFSA.SCS04G121143,2022.06,359,FINAL,"Central Government, Taxation Revenue, Taxes on Goods and Services",Government Financial Statistics - GFS,Taxes on goods and services,Profits of fiscal monopolies,,,,Dollars,6
GFSA.SCS04G121143,2023.06,376,FINAL,"Central Government, Taxation Revenue, Taxes on Goods and Services",Government Financial Statistics - GFS,Taxes on goods and services,Profits of fiscal monopolies,,,,Dollars,6
GFSA.SCS04G121143,2024.06,434,FINAL,"Central Government, Taxation Revenue, Taxes on Goods and Services",Government Financial Statistics - GFS,Taxes on goods and services,Profits of fiscal monopolies,,,,Dollars,6
GFSA.SCS04G121143,2025.06,395,FINAL,"Central Government, Taxation Revenue, Taxes on Goods and Services",Government Financial Statistics - GFS,Taxes on goods and services,Profits of fiscal monopolies,,,,Dollars,6
GFSA.SCS04G121144,2009.06,788,FINAL,"Central Government, Taxation Revenue, Taxes on Goods and Services",Government Financial Statistics - GFS,Taxes on goods and services,Taxes on specific services,,,,Dollars,6
GFSA.SCS04G121144,2010.06,796,FINAL,"Central Government, Taxation Revenue, Taxes on Goods and Services",Government Financial Statistics - GFS,Taxes on goods and services,Taxes on specific services,,,,Dollars,6
GFSA.SCS04G121144,2011.06,812,FINAL,"Central Government, Taxation Revenue, Taxes on Goods and Services",Government Financial Statistics - GFS,Taxes on goods and services,Taxes on specific services,,,,Dollars,6
GFSA.SCS04G121144,2012.06,902,FINAL,"Central Government, Taxation Revenue, Taxes on Goods and Services",Government Financial Statistics - GFS,Taxes on goods and services,Taxes on specific services,,,,Dollars,6
GFSA.SCS04G121144,2013.06,1052,FINAL,"Central Government, Taxation Revenue, Taxes on Goods and Services",Government Financial Statistics - GFS,Taxes on goods and services,Taxes on specific services,,,,Dollars,6
GFSA.SCS04G121144,2014.06,1101,FINAL,"Central Government, Taxation Revenue, Taxes on Goods and Services",Government Financial Statistics - GFS,Taxes on goods and services,Taxes on specific services,,,,Dollars,6
GFSA.SCS04G121144,2015.06,1134,FINAL,"Central Government, Taxation Revenue, Taxes on Goods and Services",Government Financial Statistics - GFS,Taxes on goods and services,Taxes on specific services,,,,Dollars,6
GFSA.SCS04G121144,2016.06,1150,FINAL,"Central Government, Taxation Revenue, Taxes on Goods and Services",Government Financial Statistics - GFS,Taxes on goods and services,Taxes on specific services,,,,Dollars,6
GFSA.SCS04G121144,2017.06,1198,FINAL,"Central Government, Taxation Revenue, Taxes on Goods and Services",Government Financial Statistics - GFS,Taxes on goods and services,Taxes on specific services,,,,Dollars,6
GFSA.SCS04G121144,2018.06,1459,FINAL,"Central Government, Taxation Revenue, Taxes on Goods and Services",Government Financial Statistics - GFS,Taxes on goods and services,Taxes on specific services,,,,Dollars,6
GFSA.SCS04G121144,2019.06,1541,FINAL,"Central Government, Taxation Revenue, Taxes on Goods and Services",Government Financial Statistics - GFS,Taxes on goods and services,Taxes on specific services,,,,Dollars,6
GFSA.SCS04G121144,2020.06,1538,FINAL,"Central Government, Taxation Revenue, Taxes on Goods and Services",Government Financial Statistics - GFS,Taxes on goods and services,Taxes on specific services,,,,Dollars,6
GFSA.SCS04G121144,2021.06,1643,FINAL,"Central Government, Taxation Revenue, Taxes on Goods and Services",Government Financial Statistics - GFS,Taxes on goods and services,Taxes on specific services,,,,Dollars,6
GFSA.SCS04G121144,2022.06,1674,FINAL,"Central Government, Taxation Revenue, Taxes on Goods and Services",Government Financial Statistics - GFS,Taxes on goods and services,Taxes on specific services,,,,Dollars,6
GFSA.SCS04G121144,2023.06,2010,FINAL,"Central Government, Taxation Revenue, Taxes on Goods and Services",Government Financial Statistics - GFS,Taxes on goods and services,Taxes on specific services,,,,Dollars,6
GFSA.SCS04G121144,2024.06,2446,FINAL,"Central Government, Taxation Revenue, Taxes on Goods and Services",Government Financial Statistics - GFS,Taxes on goods and services,Taxes on specific services,,,,Dollars,6
GFSA.SCS04G121144,2025.06,2679,FINAL,"Central Government, Taxation Revenue, Taxes on Goods and Services",Government Financial Statistics - GFS,Taxes on goods and services,Taxes on specific services,,,,Dollars,6
GFSA.SCS04G121145,2009.06,1664,FINAL,"Central Government, Taxation Revenue, Taxes on Goods and Services",Government Financial Statistics - GFS,Taxes on goods and services,"Taxes on use of goods, permission to use goods",,,,Dollars,6
GFSA.SCS04G121145,2010.06,1807,FINAL,"Central Government, Taxation Revenue, Taxes on Goods and Services",Government Financial Statistics - GFS,Taxes on goods and services,"Taxes on use of goods, permission to use goods",,,,Dollars,6
GFSA.SCS04G121145,2011.06,2022,FINAL,"Central Government, Taxation Revenue, Taxes on Goods and Services",Government Financial Statistics - GFS,Taxes on goods and services,"Taxes on use of goods, permission to use goods",,,,Dollars,6
GFSA.SCS04G121145,2012.06,2140,FINAL,"Central Government, Taxation Revenue, Taxes on Goods and Services",Government Financial Statistics - GFS,Taxes on goods and services,"Taxes on use of goods, permission to use goods",,,,Dollars,6
GFSA.SCS04G121145,2013.06,2218,FINAL,"Central Government, Taxation Revenue, Taxes on Goods and Services",Government Financial Statistics - GFS,Taxes on goods and services,"Taxes on use of goods, permission to use goods",,,,Dollars,6
GFSA.SCS04G121145,2014.06,2333,FINAL,"Central Government, Taxation Revenue, Taxes on Goods and Services",Government Financial Statistics - GFS,Taxes on goods and services,"Taxes on use of goods, permission to use goods",,,,Dollars,6
GFSA.SCS04G121145,2015.06,2372,FINAL,"Central Government, Taxation Revenue, Taxes on Goods and Services",Government Financial Statistics - GFS,Taxes on goods and services,"Taxes on use of goods, permission to use goods",,,,Dollars,6
GFSA.SCS04G121145,2016.06,2369,FINAL,"Central Government, Taxation Revenue, Taxes on Goods and Services",Government Financial Statistics - GFS,Taxes on goods and services,"Taxes on use of goods, permission to use goods",,,,Dollars,6
GFSA.SCS04G121145,2017.06,2526,FINAL,"Central Government, Taxation Revenue, Taxes on Goods and Services",Government Financial Statistics - GFS,Taxes on goods and services,"Taxes on use of goods, permission to use goods",,,,Dollars,6
GFSA.SCS04G121145,2018.06,2593,FINAL,"Central Government, Taxation Revenue, Taxes on Goods and Services",Government Financial Statistics - GFS,Taxes on goods and services,"Taxes on use of goods, permission to use goods",,,,Dollars,6
GFSA.SCS04G121145,2019.06,3200,FINAL,"Central Government, Taxation Revenue, Taxes on Goods and Services",Government Financial Statistics - GFS,Taxes on goods and services,"Taxes on use of goods, permission to use goods",,,,Dollars,6
GFSA.SCS04G121145,2020.06,3043,FINAL,"Central Government, Taxation Revenue, Taxes on Goods and Services",Government Financial Statistics - GFS,Taxes on goods and services,"Taxes on use of goods, permission to use goods",,,,Dollars,6
GFSA.SCS04G121145,2021.06,4169,FINAL,"Central Government, Taxation Revenue, Taxes on Goods and Services",Government Financial Statistics - GFS,Taxes on goods and services,"Taxes on use of goods, permission to use goods",,,,Dollars,6
GFSA.SCS04G121145,2022.06,3394,REVISED,"Central Government, Taxation Revenue, Taxes on Goods and Services",Government Financial Statistics - GFS,Taxes on goods and services,"Taxes on use of goods, permission to use goods",,,,Dollars,6
GFSA.SCS04G121145,2023.06,2966,REVISED,"Central Government, Taxation Revenue, Taxes on Goods and Services",Government Financial Statistics - GFS,Taxes on goods and services,"Taxes on use of goods, permission to use goods",,,,Dollars,6
GFSA.SCS04G121145,2024.06,3969,REVISED,"Central Government, Taxation Revenue, Taxes on Goods and Services",Government Financial Statistics - GFS,Taxes on goods and services,"Taxes on use of goods, permission to use goods",,,,Dollars,6
GFSA.SCS04G121145,2025.06,4287,FINAL,"Central Government, Taxation Revenue, Taxes on Goods and Services",Government Financial Statistics - GFS,Taxes on goods and services,"Taxes on use of goods, permission to use goods",,,,Dollars,6
GFSA.SCS04G121146,2009.06,225,FINAL,"Central Government, Taxation Revenue, Taxes on Goods and Services",Government Financial Statistics - GFS,Taxes on goods and services,Other taxes on goods and services,,,,Dollars,6
GFSA.SCS04G121146,2010.06,231,FINAL,"Central Government, Taxation Revenue, Taxes on Goods and Services",Government Financial Statistics - GFS,Taxes on goods and services,Other taxes on goods and services,,,,Dollars,6
GFSA.SCS04G121146,2011.06,225,FINAL,"Central Government, Taxation Revenue, Taxes on Goods and Services",Government Financial Statistics - GFS,Taxes on goods and services,Other taxes on goods and services,,,,Dollars,6
GFSA.SCS04G121146,2012.06,268,FINAL,"Central Government, Taxation Revenue, Taxes on Goods and Services",Government Financial Statistics - GFS,Taxes on goods and services,Other taxes on goods and services,,,,Dollars,6
GFSA.SCS04G121146,2013.06,237,FINAL,"Central Government, Taxation Revenue, Taxes on Goods and Services",Government Financial Statistics - GFS,Taxes on goods and services,Other taxes on goods and services,,,,Dollars,6
GFSA.SCS04G121146,2014.06,239,FINAL,"Central Government, Taxation Revenue, Taxes on Goods and Services",Government Financial Statistics - GFS,Taxes on goods and services,Other taxes on goods and services,,,,Dollars,6
GFSA.SCS04G121146,2015.06,246,FINAL,"Central Government, Taxation Revenue, Taxes on Goods and Services",Government Financial Statistics - GFS,Taxes on goods and services,Other taxes on goods and services,,,,Dollars,6
GFSA.SCS04G121146,2016.06,257,FINAL,"Central Government, Taxation Revenue, Taxes on Goods and Services",Government Financial Statistics - GFS,Taxes on goods and services,Other taxes on goods and services,,,,Dollars,6
GFSA.SCS04G121146,2017.06,259,FINAL,"Central Government, Taxation Revenue, Taxes on Goods and Services",Government Financial Statistics - GFS,Taxes on goods and services,Other taxes on goods and services,,,,Dollars,6
GFSA.SCS04G121146,2018.06,262,FINAL,"Central Government, Taxation Revenue, Taxes on Goods and Services",Government Financial Statistics - GFS,Taxes on goods and services,Other taxes on goods and services,,,,Dollars,6
GFSA.SCS04G121146,2019.06,204,FINAL,"Central Government, Taxation Revenue, Taxes on Goods and Services",Government Financial Statistics - GFS,Taxes on goods and services,Other taxes on goods and services,,,,Dollars,6
GFSA.SCS04G121146,2020.06,219,FINAL,"Central Government, Taxation Revenue, Taxes on Goods and Services",Government Financial Statistics - GFS,Taxes on goods and services,Other taxes on goods and services,,,,Dollars,6
GFSA.SCS04G121146,2021.06,233,FINAL,"Central Government, Taxation Revenue, Taxes on Goods and Services",Government Financial Statistics - GFS,Taxes on goods and services,Other taxes on goods and services,,,,Dollars,6
GFSA.SCS04G121146,2022.06,249,FINAL,"Central Government, Taxation Revenue, Taxes on Goods and Services",Government Financial Statistics - GFS,Taxes on goods and services,Other taxes on goods and services,,,,Dollars,6
GFSA.SCS04G121146,2023.06,262,REVISED,"Central Government, Taxation Revenue, Taxes on Goods and Services",Government Financial Statistics - GFS,Taxes on goods and services,Other taxes on goods and services,,,,Dollars,6
GFSA.SCS04G121146,2024.06,284,REVISED,"Central Government, Taxation Revenue, Taxes on Goods and Services",Government Financial Statistics - GFS,Taxes on goods and services,Other taxes on goods and services,,,,Dollars,6
GFSA.SCS04G121146,2025.06,231,FINAL,"Central Government, Taxation Revenue, Taxes on Goods and Services",Government Financial Statistics - GFS,Taxes on goods and services,Other taxes on goods and services,,,,Dollars,6
GFSA.SCS04G131150,2009.06,1937,FINAL,"Central Government, Taxation Revenue, Taxes on Int'l Trade and Transactions",Government Financial Statistics - GFS,Taxes on international trade and transactions,Total,,,,Dollars,6
GFSA.SCS04G131150,2010.06,1928,FINAL,"Central Government, Taxation Revenue, Taxes on Int'l Trade and Transactions",Government Financial Statistics - GFS,Taxes on international trade and transactions,Total,,,,Dollars,6
GFSA.SCS04G131150,2011.06,1957,FINAL,"Central Government, Taxation Revenue, Taxes on Int'l Trade and Transactions",Government Financial Statistics - GFS,Taxes on international trade and transactions,Total,,,,Dollars,6
GFSA.SCS04G131150,2012.06,2071,FINAL,"Central Government, Taxation Revenue, Taxes on Int'l Trade and Transactions",Government Financial Statistics - GFS,Taxes on international trade and transactions,Total,,,,Dollars,6
GFSA.SCS04G131150,2013.06,2098,FINAL,"Central Government, Taxation Revenue, Taxes on Int'l Trade and Transactions",Government Financial Statistics - GFS,Taxes on international trade and transactions,Total,,,,Dollars,6
GFSA.SCS04G131150,2014.06,2211,FINAL,"Central Government, Taxation Revenue, Taxes on Int'l Trade and Transactions",Government Financial Statistics - GFS,Taxes on international trade and transactions,Total,,,,Dollars,6
GFSA.SCS04G131150,2015.06,2444,FINAL,"Central Government, Taxation Revenue, Taxes on Int'l Trade and Transactions",Government Financial Statistics - GFS,Taxes on international trade and transactions,Total,,,,Dollars,6
GFSA.SCS04G131150,2016.06,2496,FINAL,"Central Government, Taxation Revenue, Taxes on Int'l Trade and Transactions",Government Financial Statistics - GFS,Taxes on international trade and transactions,Total,,,,Dollars,6
GFSA.SCS04G131150,2017.06,2609,FINAL,"Central Government, Taxation Revenue, Taxes on Int'l Trade and Transactions",Government Financial Statistics - GFS,Taxes on international trade and transactions,Total,,,,Dollars,6
GFSA.SCS04G131150,2018.06,2804,FINAL,"Central Government, Taxation Revenue, Taxes on Int'l Trade and Transactions",Government Financial Statistics - GFS,Taxes on international trade and transactions,Total,,,,Dollars,6
GFSA.SCS04G131150,2019.06,2881,FINAL,"Central Government, Taxation Revenue, Taxes on Int'l Trade and Transactions",Government Financial Statistics - GFS,Taxes on international trade and transactions,Total,,,,Dollars,6
GFSA.SCS04G131150,2020.06,3127,FINAL,"Central Government, Taxation Revenue, Taxes on Int'l Trade and Transactions",Government Financial Statistics - GFS,Taxes on international trade and transactions,Total,,,,Dollars,6
GFSA.SCS04G131150,2021.06,3320,FINAL,"Central Government, Taxation Revenue, Taxes on Int'l Trade and Transactions",Government Financial Statistics - GFS,Taxes on international trade and transactions,Total,,,,Dollars,6
GFSA.SCS04G131150,2022.06,3521,FINAL,"Central Government, Taxation Revenue, Taxes on Int'l Trade and Transactions",Government Financial Statistics - GFS,Taxes on international trade and transactions,Total,,,,Dollars,6
GFSA.SCS04G131150,2023.06,3838,FINAL,"Central Government, Taxation Revenue, Taxes on Int'l Trade and Transactions",Government Financial Statistics - GFS,Taxes on international trade and transactions,Total,,,,Dollars,6
GFSA.SCS04G131150,2024.06,4274,FINAL,"Central Government, Taxation Revenue, Taxes on Int'l Trade and Transactions",Government Financial Statistics - GFS,Taxes on international trade and transactions,Total,,,,Dollars,6
GFSA.SCS04G131150,2025.06,4326,FINAL,"Central Government, Taxation Revenue, Taxes on Int'l Trade and Transactions",Government Financial Statistics - GFS,Taxes on international trade and transactions,Total,,,,Dollars,6
GFSA.SCS04G131151,2009.06,1880,FINAL,"Central Government, Taxation Revenue, Taxes on Int'l Trade and Transactions",Government Financial Statistics - GFS,Taxes on international trade and transactions,Customs and other import duties,,,,Dollars,6
GFSA.SCS04G131151,2010.06,1873,FINAL,"Central Government, Taxation Revenue, Taxes on Int'l Trade and Transactions",Government Financial Statistics - GFS,Taxes on international trade and transactions,Customs and other import duties,,,,Dollars,6
GFSA.SCS04G131151,2011.06,1916,FINAL,"Central Government, Taxation Revenue, Taxes on Int'l Trade and Transactions",Government Financial Statistics - GFS,Taxes on international trade and transactions,Customs and other import duties,,,,Dollars,6
GFSA.SCS04G131151,2012.06,2038,FINAL,"Central Government, Taxation Revenue, Taxes on Int'l Trade and Transactions",Government Financial Statistics - GFS,Taxes on international trade and transactions,Customs and other import duties,,,,Dollars,6
GFSA.SCS04G131151,2013.06,2057,FINAL,"Central Government, Taxation Revenue, Taxes on Int'l Trade and Transactions",Government Financial Statistics - GFS,Taxes on international trade and transactions,Customs and other import duties,,,,Dollars,6
GFSA.SCS04G131151,2014.06,2160,FINAL,"Central Government, Taxation Revenue, Taxes on Int'l Trade and Transactions",Government Financial Statistics - GFS,Taxes on international trade and transactions,Customs and other import duties,,,,Dollars,6
GFSA.SCS04G131151,2015.06,2391,FINAL,"Central Government, Taxation Revenue, Taxes on Int'l Trade and Transactions",Government Financial Statistics - GFS,Taxes on international trade and transactions,Customs and other import duties,,,,Dollars,6
GFSA.SCS04G131151,2016.06,2442,FINAL,"Central Government, Taxation Revenue, Taxes on Int'l Trade and Transactions",Government Financial Statistics - GFS,Taxes on international trade and transactions,Customs and other import duties,,,,Dollars,6
GFSA.SCS04G131151,2017.06,2550,FINAL,"Central Government, Taxation Revenue, Taxes on Int'l Trade and Transactions",Government Financial Statistics - GFS,Taxes on international trade and transactions,Customs and other import duties,,,,Dollars,6
GFSA.SCS04G131151,2018.06,2738,FINAL,"Central Government, Taxation Revenue, Taxes on Int'l Trade and Transactions",Government Financial Statistics - GFS,Taxes on international trade and transactions,Customs and other import duties,,,,Dollars,6
GFSA.SCS04G131151,2019.06,2814,FINAL,"Central Government, Taxation Revenue, Taxes on Int'l Trade and Transactions",Government Financial Statistics - GFS,Taxes on international trade and transactions,Customs and other import duties,,,,Dollars,6
GFSA.SCS04G131151,2020.06,3001,FINAL,"Central Government, Taxation Revenue, Taxes on Int'l Trade and Transactions",Government Financial Statistics - GFS,Taxes on international trade and transactions,Customs and other import duties,,,,Dollars,6
GFSA.SCS04G131151,2021.06,3292,FINAL,"Central Government, Taxation Revenue, Taxes on Int'l Trade and Transactions",Government Financial Statistics - GFS,Taxes on international trade and transactions,Customs and other import duties,,,,Dollars,6
GFSA.SCS04G131151,2022.06,3493,FINAL,"Central Government, Taxation Revenue, Taxes on Int'l Trade and Transactions",Government Financial Statistics - GFS,Taxes on international trade and transactions,Customs and other import duties,,,,Dollars,6
GFSA.SCS04G131151,2023.06,3717,FINAL,"Central Government, Taxation Revenue, Taxes on Int'l Trade and Transactions",Government Financial Statistics - GFS,Taxes on international trade and transactions,Customs and other import duties,,,,Dollars,6
GFSA.SCS04G131151,2024.06,4121,FINAL,"Central Government, Taxation Revenue, Taxes on Int'l Trade and Transactions",Government Financial Statistics - GFS,Taxes on international trade and transactions,Customs and other import duties,,,,Dollars,6
GFSA.SCS04G131151,2025.06,4088,FINAL,"Central Government, Taxation Revenue, Taxes on Int'l Trade and Transactions",Government Financial Statistics - GFS,Taxes on international trade and transactions,Customs and other import duties,,,,Dollars,6
GFSA.SCS04G131152,2009.06,0,FINAL,"Central Government, Taxation Revenue, Taxes on Int'l Trade and Transactions",Government Financial Statistics - GFS,Taxes on international trade and transactions,Taxes on exports,,,,Dollars,6
GFSA.SCS04G131152,2010.06,0,FINAL,"Central Government, Taxation Revenue, Taxes on Int'l Trade and Transactions",Government Financial Statistics - GFS,Taxes on international trade and transactions,Taxes on exports,,,,Dollars,6
GFSA.SCS04G131152,2011.06,0,FINAL,"Central Government, Taxation Revenue, Taxes on Int'l Trade and Transactions",Government Financial Statistics - GFS,Taxes on international trade and transactions,Taxes on exports,,,,Dollars,6
GFSA.SCS04G131152,2012.06,0,FINAL,"Central Government, Taxation Revenue, Taxes on Int'l Trade and Transactions",Government Financial Statistics - GFS,Taxes on international trade and transactions,Taxes on exports,,,,Dollars,6
GFSA.SCS04G131152,2013.06,0,FINAL,"Central Government, Taxation Revenue, Taxes on Int'l Trade and Transactions",Government Financial Statistics - GFS,Taxes on international trade and transactions,Taxes on exports,,,,Dollars,6
GFSA.SCS04G131152,2014.06,0,FINAL,"Central Government, Taxation Revenue, Taxes on Int'l Trade and Transactions",Government Financial Statistics - GFS,Taxes on international trade and transactions,Taxes on exports,,,,Dollars,6
GFSA.SCS04G131152,2015.06,0,FINAL,"Central Government, Taxation Revenue, Taxes on Int'l Trade and Transactions",Government Financial Statistics - GFS,Taxes on international trade and transactions,Taxes on exports,,,,Dollars,6
GFSA.SCS04G131152,2016.06,0,FINAL,"Central Government, Taxation Revenue, Taxes on Int'l Trade and Transactions",Government Financial Statistics - GFS,Taxes on international trade and transactions,Taxes on exports,,,,Dollars,6
GFSA.SCS04G131152,2017.06,0,FINAL,"Central Government, Taxation Revenue, Taxes on Int'l Trade and Transactions",Government Financial Statistics - GFS,Taxes on international trade and transactions,Taxes on exports,,,,Dollars,6
GFSA.SCS04G131152,2018.06,0,FINAL,"Central Government, Taxation Revenue, Taxes on Int'l Trade and Transactions",Government Financial Statistics - GFS,Taxes on international trade and transactions,Taxes on exports,,,,Dollars,6
GFSA.SCS04G131152,2019.06,0,FINAL,"Central Government, Taxation Revenue, Taxes on Int'l Trade and Transactions",Government Financial Statistics - GFS,Taxes on international trade and transactions,Taxes on exports,,,,Dollars,6
GFSA.SCS04G131152,2020.06,0,FINAL,"Central Government, Taxation Revenue, Taxes on Int'l Trade and Transactions",Government Financial Statistics - GFS,Taxes on international trade and transactions,Taxes on exports,,,,Dollars,6
GFSA.SCS04G131152,2021.06,0,FINAL,"Central Government, Taxation Revenue, Taxes on Int'l Trade and Transactions",Government Financial Statistics - GFS,Taxes on international trade and transactions,Taxes on exports,,,,Dollars,6
GFSA.SCS04G131152,2022.06,0,FINAL,"Central Government, Taxation Revenue, Taxes on Int'l Trade and Transactions",Government Financial Statistics - GFS,Taxes on international trade and transactions,Taxes on exports,,,,Dollars,6
GFSA.SCS04G131152,2023.06,0,FINAL,"Central Government, Taxation Revenue, Taxes on Int'l Trade and Transactions",Government Financial Statistics - GFS,Taxes on international trade and transactions,Taxes on exports,,,,Dollars,6
GFSA.SCS04G131152,2024.06,0,FINAL,"Central Government, Taxation Revenue, Taxes on Int'l Trade and Transactions",Government Financial Statistics - GFS,Taxes on international trade and transactions,Taxes on exports,,,,Dollars,6
GFSA.SCS04G131152,2025.06,0,FINAL,"Central Government, Taxation Revenue, Taxes on Int'l Trade and Transactions",Government Financial Statistics - GFS,Taxes on international trade and transactions,Taxes on exports,,,,Dollars,6
GFSA.SCS04G131153,2009.06,0,FINAL,"Central Government, Taxation Revenue, Taxes on Int'l Trade and Transactions",Government Financial Statistics - GFS,Taxes on international trade and transactions,Profits of export or import monopolies,,,,Dollars,6
GFSA.SCS04G131153,2010.06,0,FINAL,"Central Government, Taxation Revenue, Taxes on Int'l Trade and Transactions",Government Financial Statistics - GFS,Taxes on international trade and transactions,Profits of export or import monopolies,,,,Dollars,6
GFSA.SCS04G131153,2011.06,0,FINAL,"Central Government, Taxation Revenue, Taxes on Int'l Trade and Transactions",Government Financial Statistics - GFS,Taxes on international trade and transactions,Profits of export or import monopolies,,,,Dollars,6
GFSA.SCS04G131153,2012.06,0,FINAL,"Central Government, Taxation Revenue, Taxes on Int'l Trade and Transactions",Government Financial Statistics - GFS,Taxes on international trade and transactions,Profits of export or import monopolies,,,,Dollars,6
GFSA.SCS04G131153,2013.06,0,FINAL,"Central Government, Taxation Revenue, Taxes on Int'l Trade and Transactions",Government Financial Statistics - GFS,Taxes on international trade and transactions,Profits of export or import monopolies,,,,Dollars,6
GFSA.SCS04G131153,2014.06,0,FINAL,"Central Government, Taxation Revenue, Taxes on Int'l Trade and Transactions",Government Financial Statistics - GFS,Taxes on international trade and transactions,Profits of export or import monopolies,,,,Dollars,6
GFSA.SCS04G131153,2015.06,0,FINAL,"Central Government, Taxation Revenue, Taxes on Int'l Trade and Transactions",Government Financial Statistics - GFS,Taxes on international trade and transactions,Profits of export or import monopolies,,,,Dollars,6
GFSA.SCS04G131153,2016.06,0,FINAL,"Central Government, Taxation Revenue, Taxes on Int'l Trade and Transactions",Government Financial Statistics - GFS,Taxes on international trade and transactions,Profits of export or import monopolies,,,,Dollars,6
GFSA.SCS04G131153,2017.06,0,FINAL,"Central Government, Taxation Revenue, Taxes on Int'l Trade and Transactions",Government Financial Statistics - GFS,Taxes on international trade and transactions,Profits of export or import monopolies,,,,Dollars,6
GFSA.SCS04G131153,2018.06,0,FINAL,"Central Government, Taxation Revenue, Taxes on Int'l Trade and Transactions",Government Financial Statistics - GFS,Taxes on international trade and transactions,Profits of export or import monopolies,,,,Dollars,6
GFSA.SCS04G131153,2019.06,0,FINAL,"Central Government, Taxation Revenue, Taxes on Int'l Trade and Transactions",Government Financial Statistics - GFS,Taxes on international trade and transactions,Profits of export or import monopolies,,,,Dollars,6
GFSA.SCS04G131153,2020.06,0,FINAL,"Central Government, Taxation Revenue, Taxes on Int'l Trade and Transactions",Government Financial Statistics - GFS,Taxes on international trade and transactions,Profits of export or import monopolies,,,,Dollars,6
GFSA.SCS04G131153,2021.06,0,FINAL,"Central Government, Taxation Revenue, Taxes on Int'l Trade and Transactions",Government Financial Statistics - GFS,Taxes on international trade and transactions,Profits of export or import monopolies,,,,Dollars,6
GFSA.SCS04G131153,2022.06,0,FINAL,"Central Government, Taxation Revenue, Taxes on Int'l Trade and Transactions",Government Financial Statistics - GFS,Taxes on international trade and transactions,Profits of export or import monopolies,,,,Dollars,6
GFSA.SCS04G131153,2023.06,0,FINAL,"Central Government, Taxation Revenue, Taxes on Int'l Trade and Transactions",Government Financial Statistics - GFS,Taxes on international trade and transactions,Profits of export or import monopolies,,,,Dollars,6
GFSA.SCS04G131153,2024.06,0,FINAL,"Central Government, Taxation Revenue, Taxes on Int'l Trade and Transactions",Government Financial Statistics - GFS,Taxes on international trade and transactions,Profits of export or import monopolies,,,,Dollars,6
GFSA.SCS04G131153,2025.06,0,FINAL,"Central Government, Taxation Revenue, Taxes on Int'l Trade and Transactions",Government Financial Statistics - GFS,Taxes on international trade and transactions,Profits of export or import monopolies,,,,Dollars,6
GFSA.SCS04G131154,2009.06,0,FINAL,"Central Government, Taxation Revenue, Taxes on Int'l Trade and Transactions",Government Financial Statistics - GFS,Taxes on international trade and transactions,Exchange profits,,,,Dollars,6
GFSA.SCS04G131154,2010.06,0,FINAL,"Central Government, Taxation Revenue, Taxes on Int'l Trade and Transactions",Government Financial Statistics - GFS,Taxes on international trade and transactions,Exchange profits,,,,Dollars,6
GFSA.SCS04G131154,2011.06,0,FINAL,"Central Government, Taxation Revenue, Taxes on Int'l Trade and Transactions",Government Financial Statistics - GFS,Taxes on international trade and transactions,Exchange profits,,,,Dollars,6
GFSA.SCS04G131154,2012.06,0,FINAL,"Central Government, Taxation Revenue, Taxes on Int'l Trade and Transactions",Government Financial Statistics - GFS,Taxes on international trade and transactions,Exchange profits,,,,Dollars,6
GFSA.SCS04G131154,2013.06,0,FINAL,"Central Government, Taxation Revenue, Taxes on Int'l Trade and Transactions",Government Financial Statistics - GFS,Taxes on international trade and transactions,Exchange profits,,,,Dollars,6
GFSA.SCS04G131154,2014.06,0,FINAL,"Central Government, Taxation Revenue, Taxes on Int'l Trade and Transactions",Government Financial Statistics - GFS,Taxes on international trade and transactions,Exchange profits,,,,Dollars,6
GFSA.SCS04G131154,2015.06,0,FINAL,"Central Government, Taxation Revenue, Taxes on Int'l Trade and Transactions",Government Financial Statistics - GFS,Taxes on international trade and transactions,Exchange profits,,,,Dollars,6
GFSA.SCS04G131154,2016.06,0,FINAL,"Central Government, Taxation Revenue, Taxes on Int'l Trade and Transactions",Government Financial Statistics - GFS,Taxes on international trade and transactions,Exchange profits,,,,Dollars,6
GFSA.SCS04G131154,2017.06,0,FINAL,"Central Government, Taxation Revenue, Taxes on Int'l Trade and Transactions",Government Financial Statistics - GFS,Taxes on international trade and transactions,Exchange profits,,,,Dollars,6
GFSA.SCS04G131154,2018.06,0,FINAL,"Central Government, Taxation Revenue, Taxes on Int'l Trade and Transactions",Government Financial Statistics - GFS,Taxes on international trade and transactions,Exchange profits,,,,Dollars,6
GFSA.SCS04G131154,2019.06,0,FINAL,"Central Government, Taxation Revenue, Taxes on Int'l Trade and Transactions",Government Financial Statistics - GFS,Taxes on international trade and transactions,Exchange profits,,,,Dollars,6
GFSA.SCS04G131154,2020.06,0,FINAL,"Central Government, Taxation Revenue, Taxes on Int'l Trade and Transactions",Government Financial Statistics - GFS,Taxes on international trade and transactions,Exchange profits,,,,Dollars,6
GFSA.SCS04G131154,2021.06,0,FINAL,"Central Government, Taxation Revenue, Taxes on Int'l Trade and Transactions",Government Financial Statistics - GFS,Taxes on international trade and transactions,Exchange profits,,,,Dollars,6
GFSA.SCS04G131154,2022.06,0,FINAL,"Central Government, Taxation Revenue, Taxes on Int'l Trade and Transactions",Government Financial Statistics - GFS,Taxes on international trade and transactions,Exchange profits,,,,Dollars,6
GFSA.SCS04G131154,2023.06,0,FINAL,"Central Government, Taxation Revenue, Taxes on Int'l Trade and Transactions",Government Financial Statistics - GFS,Taxes on international trade and transactions,Exchange profits,,,,Dollars,6
GFSA.SCS04G131154,2024.06,0,FINAL,"Central Government, Taxation Revenue, Taxes on Int'l Trade and Transactions",Government Financial Statistics - GFS,Taxes on international trade and transactions,Exchange profits,,,,Dollars,6
GFSA.SCS04G131154,2025.06,0,FINAL,"Central Government, Taxation Revenue, Taxes on Int'l Trade and Transactions",Government Financial Statistics - GFS,Taxes on international trade and transactions,Exchange profits,,,,Dollars,6
GFSA.SCS04G131155,2009.06,0,FINAL,"Central Government, Taxation Revenue, Taxes on Int'l Trade and Transactions",Government Financial Statistics - GFS,Taxes on international trade and transactions,Exchange taxes,,,,Dollars,6
GFSA.SCS04G131155,2010.06,0,FINAL,"Central Government, Taxation Revenue, Taxes on Int'l Trade and Transactions",Government Financial Statistics - GFS,Taxes on international trade and transactions,Exchange taxes,,,,Dollars,6
GFSA.SCS04G131155,2011.06,0,FINAL,"Central Government, Taxation Revenue, Taxes on Int'l Trade and Transactions",Government Financial Statistics - GFS,Taxes on international trade and transactions,Exchange taxes,,,,Dollars,6
GFSA.SCS04G131155,2012.06,0,FINAL,"Central Government, Taxation Revenue, Taxes on Int'l Trade and Transactions",Government Financial Statistics - GFS,Taxes on international trade and transactions,Exchange taxes,,,,Dollars,6
GFSA.SCS04G131155,2013.06,0,FINAL,"Central Government, Taxation Revenue, Taxes on Int'l Trade and Transactions",Government Financial Statistics - GFS,Taxes on international trade and transactions,Exchange taxes,,,,Dollars,6
GFSA.SCS04G131155,2014.06,0,FINAL,"Central Government, Taxation Revenue, Taxes on Int'l Trade and Transactions",Government Financial Statistics - GFS,Taxes on international trade and transactions,Exchange taxes,,,,Dollars,6
GFSA.SCS04G131155,2015.06,0,FINAL,"Central Government, Taxation Revenue, Taxes on Int'l Trade and Transactions",Government Financial Statistics - GFS,Taxes on international trade and transactions,Exchange taxes,,,,Dollars,6
GFSA.SCS04G131155,2016.06,0,FINAL,"Central Government, Taxation Revenue, Taxes on Int'l Trade and Transactions",Government Financial Statistics - GFS,Taxes on international trade and transactions,Exchange taxes,,,,Dollars,6
GFSA.SCS04G131155,2017.06,0,FINAL,"Central Government, Taxation Revenue, Taxes on Int'l Trade and Transactions",Government Financial Statistics - GFS,Taxes on international trade and transactions,Exchange taxes,,,,Dollars,6
GFSA.SCS04G131155,2018.06,0,FINAL,"Central Government, Taxation Revenue, Taxes on Int'l Trade and Transactions",Government Financial Statistics - GFS,Taxes on international trade and transactions,Exchange taxes,,,,Dollars,6
GFSA.SCS04G131155,2019.06,0,FINAL,"Central Government, Taxation Revenue, Taxes on Int'l Trade and Transactions",Government Financial Statistics - GFS,Taxes on international trade and transactions,Exchange taxes,,,,Dollars,6
GFSA.SCS04G131155,2020.06,0,FINAL,"Central Government, Taxation Revenue, Taxes on Int'l Trade and Transactions",Government Financial Statistics - GFS,Taxes on international trade and transactions,Exchange taxes,,,,Dollars,6
GFSA.SCS04G131155,2021.06,0,FINAL,"Central Government, Taxation Revenue, Taxes on Int'l Trade and Transactions",Government Financial Statistics - GFS,Taxes on international trade and transactions,Exchange taxes,,,,Dollars,6
GFSA.SCS04G131155,2022.06,0,FINAL,"Central Government, Taxation Revenue, Taxes on Int'l Trade and Transactions",Government Financial Statistics - GFS,Taxes on international trade and transactions,Exchange taxes,,,,Dollars,6
GFSA.SCS04G131155,2023.06,0,FINAL,"Central Government, Taxation Revenue, Taxes on Int'l Trade and Transactions",Government Financial Statistics - GFS,Taxes on international trade and transactions,Exchange taxes,,,,Dollars,6
GFSA.SCS04G131155,2024.06,0,FINAL,"Central Government, Taxation Revenue, Taxes on Int'l Trade and Transactions",Government Financial Statistics - GFS,Taxes on international trade and transactions,Exchange taxes,,,,Dollars,6
GFSA.SCS04G131155,2025.06,0,FINAL,"Central Government, Taxation Revenue, Taxes on Int'l Trade and Transactions",Government Financial Statistics - GFS,Taxes on international trade and transactions,Exchange taxes,,,,Dollars,6
GFSA.SCS04G131156,2009.06,58,FINAL,"Central Government, Taxation Revenue, Taxes on Int'l Trade and Transactions",Government Financial Statistics - GFS,Taxes on international trade and transactions,Other taxes on international trade and transactions,,,,Dollars,6
GFSA.SCS04G131156,2010.06,55,FINAL,"Central Government, Taxation Revenue, Taxes on Int'l Trade and Transactions",Government Financial Statistics - GFS,Taxes on international trade and transactions,Other taxes on international trade and transactions,,,,Dollars,6
GFSA.SCS04G131156,2011.06,41,FINAL,"Central Government, Taxation Revenue, Taxes on Int'l Trade and Transactions",Government Financial Statistics - GFS,Taxes on international trade and transactions,Other taxes on international trade and transactions,,,,Dollars,6
GFSA.SCS04G131156,2012.06,33,FINAL,"Central Government, Taxation Revenue, Taxes on Int'l Trade and Transactions",Government Financial Statistics - GFS,Taxes on international trade and transactions,Other taxes on international trade and transactions,,,,Dollars,6
GFSA.SCS04G131156,2013.06,42,FINAL,"Central Government, Taxation Revenue, Taxes on Int'l Trade and Transactions",Government Financial Statistics - GFS,Taxes on international trade and transactions,Other taxes on international trade and transactions,,,,Dollars,6
GFSA.SCS04G131156,2014.06,51,FINAL,"Central Government, Taxation Revenue, Taxes on Int'l Trade and Transactions",Government Financial Statistics - GFS,Taxes on international trade and transactions,Other taxes on international trade and transactions,,,,Dollars,6
GFSA.SCS04G131156,2015.06,52,FINAL,"Central Government, Taxation Revenue, Taxes on Int'l Trade and Transactions",Government Financial Statistics - GFS,Taxes on international trade and transactions,Other taxes on international trade and transactions,,,,Dollars,6
GFSA.SCS04G131156,2016.06,55,FINAL,"Central Government, Taxation Revenue, Taxes on Int'l Trade and Transactions",Government Financial Statistics - GFS,Taxes on international trade and transactions,Other taxes on international trade and transactions,,,,Dollars,6
GFSA.SCS04G131156,2017.06,59,FINAL,"Central Government, Taxation Revenue, Taxes on Int'l Trade and Transactions",Government Financial Statistics - GFS,Taxes on international trade and transactions,Other taxes on international trade and transactions,,,,Dollars,6
GFSA.SCS04G131156,2018.06,66,FINAL,"Central Government, Taxation Revenue, Taxes on Int'l Trade and Transactions",Government Financial Statistics - GFS,Taxes on international trade and transactions,Other taxes on international trade and transactions,,,,Dollars,6
GFSA.SCS04G131156,2019.06,68,FINAL,"Central Government, Taxation Revenue, Taxes on Int'l Trade and Transactions",Government Financial Statistics - GFS,Taxes on international trade and transactions,Other taxes on international trade and transactions,,,,Dollars,6
GFSA.SCS04G131156,2020.06,126,FINAL,"Central Government, Taxation Revenue, Taxes on Int'l Trade and Transactions",Government Financial Statistics - GFS,Taxes on international trade and transactions,Other taxes on international trade and transactions,,,,Dollars,6
GFSA.SCS04G131156,2021.06,28,FINAL,"Central Government, Taxation Revenue, Taxes on Int'l Trade and Transactions",Government Financial Statistics - GFS,Taxes on international trade and transactions,Other taxes on international trade and transactions,,,,Dollars,6
GFSA.SCS04G131156,2022.06,28,FINAL,"Central Government, Taxation Revenue, Taxes on Int'l Trade and Transactions",Government Financial Statistics - GFS,Taxes on international trade and transactions,Other taxes on international trade and transactions,,,,Dollars,6
GFSA.SCS04G131156,2023.06,121,FINAL,"Central Government, Taxation Revenue, Taxes on Int'l Trade and Transactions",Government Financial Statistics - GFS,Taxes on international trade and transactions,Other taxes on international trade and transactions,,,,Dollars,6
GFSA.SCS04G131156,2024.06,152,FINAL,"Central Government, Taxation Revenue, Taxes on Int'l Trade and Transactions",Government Financial Statistics - GFS,Taxes on international trade and transactions,Other taxes on international trade and transactions,,,,Dollars,6
GFSA.SCS04G131156,2025.06,238,FINAL,"Central Government, Taxation Revenue, Taxes on Int'l Trade and Transactions",Government Financial Statistics - GFS,Taxes on international trade and transactions,Other taxes on international trade and transactions,,,,Dollars,6
GFSA.SCS04G14112,2009.06,0,FINAL,"Central Government, Taxation Revenue, Taxes on Payroll and Workforce",Government Financial Statistics - GFS,Taxes on payroll and workforce,,,,,Dollars,6
GFSA.SCS04G14112,2010.06,0,FINAL,"Central Government, Taxation Revenue, Taxes on Payroll and Workforce",Government Financial Statistics - GFS,Taxes on payroll and workforce,,,,,Dollars,6
GFSA.SCS04G14112,2011.06,0,FINAL,"Central Government, Taxation Revenue, Taxes on Payroll and Workforce",Government Financial Statistics - GFS,Taxes on payroll and workforce,,,,,Dollars,6
GFSA.SCS04G14112,2012.06,0,FINAL,"Central Government, Taxation Revenue, Taxes on Payroll and Workforce",Government Financial Statistics - GFS,Taxes on payroll and workforce,,,,,Dollars,6
GFSA.SCS04G14112,2013.06,0,FINAL,"Central Government, Taxation Revenue, Taxes on Payroll and Workforce",Government Financial Statistics - GFS,Taxes on payroll and workforce,,,,,Dollars,6
GFSA.SCS04G14112,2014.06,0,FINAL,"Central Government, Taxation Revenue, Taxes on Payroll and Workforce",Government Financial Statistics - GFS,Taxes on payroll and workforce,,,,,Dollars,6
GFSA.SCS04G14112,2015.06,0,FINAL,"Central Government, Taxation Revenue, Taxes on Payroll and Workforce",Government Financial Statistics - GFS,Taxes on payroll and workforce,,,,,Dollars,6
GFSA.SCS04G14112,2016.06,0,FINAL,"Central Government, Taxation Revenue, Taxes on Payroll and Workforce",Government Financial Statistics - GFS,Taxes on payroll and workforce,,,,,Dollars,6
GFSA.SCS04G14112,2017.06,0,FINAL,"Central Government, Taxation Revenue, Taxes on Payroll and Workforce",Government Financial Statistics - GFS,Taxes on payroll and workforce,,,,,Dollars,6
GFSA.SCS04G14112,2018.06,0,FINAL,"Central Government, Taxation Revenue, Taxes on Payroll and Workforce",Government Financial Statistics - GFS,Taxes on payroll and workforce,,,,,Dollars,6
GFSA.SCS04G14112,2019.06,0,FINAL,"Central Government, Taxation Revenue, Taxes on Payroll and Workforce",Government Financial Statistics - GFS,Taxes on payroll and workforce,,,,,Dollars,6
GFSA.SCS04G14112,2020.06,0,FINAL,"Central Government, Taxation Revenue, Taxes on Payroll and Workforce",Government Financial Statistics - GFS,Taxes on payroll and workforce,,,,,Dollars,6
GFSA.SCS04G14112,2021.06,0,FINAL,"Central Government, Taxation Revenue, Taxes on Payroll and Workforce",Government Financial Statistics - GFS,Taxes on payroll and workforce,,,,,Dollars,6
GFSA.SCS04G14112,2022.06,0,FINAL,"Central Government, Taxation Revenue, Taxes on Payroll and Workforce",Government Financial Statistics - GFS,Taxes on payroll and workforce,,,,,Dollars,6
GFSA.SCS04G14112,2023.06,0,FINAL,"Central Government, Taxation Revenue, Taxes on Payroll and Workforce",Government Financial Statistics - GFS,Taxes on payroll and workforce,,,,,Dollars,6
GFSA.SCS04G14112,2024.06,0,FINAL,"Central Government, Taxation Revenue, Taxes on Payroll and Workforce",Government Financial Statistics - GFS,Taxes on payroll and workforce,,,,,Dollars,6
GFSA.SCS04G14112,2025.06,0,FINAL,"Central Government, Taxation Revenue, Taxes on Payroll and Workforce",Government Financial Statistics - GFS,Taxes on payroll and workforce,,,,,Dollars,6
GFSA.SCS04G15116,2009.06,0,FINAL,"Central Government, Taxation Revenue, Other Taxes",Government Financial Statistics - GFS,Other taxes,,,,,Dollars,6
GFSA.SCS04G15116,2010.06,0,FINAL,"Central Government, Taxation Revenue, Other Taxes",Government Financial Statistics - GFS,Other taxes,,,,,Dollars,6
GFSA.SCS04G15116,2011.06,0,FINAL,"Central Government, Taxation Revenue, Other Taxes",Government Financial Statistics - GFS,Other taxes,,,,,Dollars,6
GFSA.SCS04G15116,2012.06,0,FINAL,"Central Government, Taxation Revenue, Other Taxes",Government Financial Statistics - GFS,Other taxes,,,,,Dollars,6
GFSA.SCS04G15116,2013.06,0,FINAL,"Central Government, Taxation Revenue, Other Taxes",Government Financial Statistics - GFS,Other taxes,,,,,Dollars,6
GFSA.SCS04G15116,2014.06,0,FINAL,"Central Government, Taxation Revenue, Other Taxes",Government Financial Statistics - GFS,Other taxes,,,,,Dollars,6
GFSA.SCS04G15116,2015.06,0,FINAL,"Central Government, Taxation Revenue, Other Taxes",Government Financial Statistics - GFS,Other taxes,,,,,Dollars,6
GFSA.SCS04G15116,2016.06,0,FINAL,"Central Government, Taxation Revenue, Other Taxes",Government Financial Statistics - GFS,Other taxes,,,,,Dollars,6
GFSA.SCS04G15116,2017.06,1,FINAL,"Central Government, Taxation Revenue, Other Taxes",Government Financial Statistics - GFS,Other taxes,,,,,Dollars,6
GFSA.SCS04G15116,2018.06,3,FINAL,"Central Government, Taxation Revenue, Other Taxes",Government Financial Statistics - GFS,Other taxes,,,,,Dollars,6
GFSA.SCS04G15116,2019.06,5,FINAL,"Central Government, Taxation Revenue, Other Taxes",Government Financial Statistics - GFS,Other taxes,,,,,Dollars,6
GFSA.SCS04G15116,2020.06,5,FINAL,"Central Government, Taxation Revenue, Other Taxes",Government Financial Statistics - GFS,Other taxes,,,,,Dollars,6
GFSA.SCS04G15116,2021.06,6,FINAL,"Central Government, Taxation Revenue, Other Taxes",Government Financial Statistics - GFS,Other taxes,,,,,Dollars,6
GFSA.SCS04G15116,2022.06,8,FINAL,"Central Government, Taxation Revenue, Other Taxes",Government Financial Statistics - GFS,Other taxes,,,,,Dollars,6
GFSA.SCS04G15116,2023.06,11,FINAL,"Central Government, Taxation Revenue, Other Taxes",Government Financial Statistics - GFS,Other taxes,,,,,Dollars,6
GFSA.SCS04G15116,2024.06,12,FINAL,"Central Government, Taxation Revenue, Other Taxes",Government Financial Statistics - GFS,Other taxes,,,,,Dollars,6
GFSA.SCS04G15116,2025.06,10,FINAL,"Central Government, Taxation Revenue, Other Taxes",Government Financial Statistics - GFS,Other taxes,,,,,Dollars,6
GFSA.SCS05G00Z61699A,2009.06,6714,FINAL,"Central Government, Non-financial Assets Reconciliation, Total excl Inventories",Government Financial Statistics - GFS,Non-financial assets,Non-financial assets excluding inventories,Additions,,,Dollars,6
GFSA.SCS05G00Z61699A,2010.06,6256,FINAL,"Central Government, Non-financial Assets Reconciliation, Total excl Inventories",Government Financial Statistics - GFS,Non-financial assets,Non-financial assets excluding inventories,Additions,,,Dollars,6
GFSA.SCS05G00Z61699A,2011.06,5870,FINAL,"Central Government, Non-financial Assets Reconciliation, Total excl Inventories",Government Financial Statistics - GFS,Non-financial assets,Non-financial assets excluding inventories,Additions,,,Dollars,6
GFSA.SCS05G00Z61699A,2012.06,5921,FINAL,"Central Government, Non-financial Assets Reconciliation, Total excl Inventories",Government Financial Statistics - GFS,Non-financial assets,Non-financial assets excluding inventories,Additions,,,Dollars,6
GFSA.SCS05G00Z61699A,2013.06,6044,FINAL,"Central Government, Non-financial Assets Reconciliation, Total excl Inventories",Government Financial Statistics - GFS,Non-financial assets,Non-financial assets excluding inventories,Additions,,,Dollars,6
GFSA.SCS05G00Z61699A,2014.06,6982,FINAL,"Central Government, Non-financial Assets Reconciliation, Total excl Inventories",Government Financial Statistics - GFS,Non-financial assets,Non-financial assets excluding inventories,Additions,,,Dollars,6
GFSA.SCS05G00Z61699A,2015.06,7553,FINAL,"Central Government, Non-financial Assets Reconciliation, Total excl Inventories",Government Financial Statistics - GFS,Non-financial assets,Non-financial assets excluding inventories,Additions,,,Dollars,6
GFSA.SCS05G00Z61699A,2016.06,8156,FINAL,"Central Government, Non-financial Assets Reconciliation, Total excl Inventories",Government Financial Statistics - GFS,Non-financial assets,Non-financial assets excluding inventories,Additions,,,Dollars,6
GFSA.SCS05G00Z61699A,2017.06,8289,FINAL,"Central Government, Non-financial Assets Reconciliation, Total excl Inventories",Government Financial Statistics - GFS,Non-financial assets,Non-financial assets excluding inventories,Additions,,,Dollars,6
GFSA.SCS05G00Z61699A,2018.06,8718,REVISED,"Central Government, Non-financial Assets Reconciliation, Total excl Inventories",Government Financial Statistics - GFS,Non-financial assets,Non-financial assets excluding inventories,Additions,,,Dollars,6
GFSA.SCS05G00Z61699A,2019.06,10068,REVISED,"Central Government, Non-financial Assets Reconciliation, Total excl Inventories",Government Financial Statistics - GFS,Non-financial assets,Non-financial assets excluding inventories,Additions,,,Dollars,6
GFSA.SCS05G00Z61699A,2020.06,8970,REVISED,"Central Government, Non-financial Assets Reconciliation, Total excl Inventories",Government Financial Statistics - GFS,Non-financial assets,Non-financial assets excluding inventories,Additions,,,Dollars,6
GFSA.SCS05G00Z61699A,2021.06,10320,REVISED,"Central Government, Non-financial Assets Reconciliation, Total excl Inventories",Government Financial Statistics - GFS,Non-financial assets,Non-financial assets excluding inventories,Additions,,,Dollars,6
GFSA.SCS05G00Z61699A,2022.06,10823,REVISED,"Central Government, Non-financial Assets Reconciliation, Total excl Inventories",Government Financial Statistics - GFS,Non-financial assets,Non-financial assets excluding inventories,Additions,,,Dollars,6
GFSA.SCS05G00Z61699A,2023.06,12006,REVISED,"Central Government, Non-financial Assets Reconciliation, Total excl Inventories",Government Financial Statistics - GFS,Non-financial assets,Non-financial assets excluding inventories,Additions,,,Dollars,6
GFSA.SCS05G00Z61699A,2024.06,13670,REVISED,"Central Government, Non-financial Assets Reconciliation, Total excl Inventories",Government Financial Statistics - GFS,Non-financial assets,Non-financial assets excluding inventories,Additions,,,Dollars,6
GFSA.SCS05G00Z61699A,2025.06,13736,FINAL,"Central Government, Non-financial Assets Reconciliation, Total excl Inventories",Government Financial Statistics - GFS,Non-financial assets,Non-financial assets excluding inventories,Additions,,,Dollars,6
GFSA.SCS05G00Z61699D,2009.06,1250,FINAL,"Central Government, Non-financial Assets Reconciliation, Total excl Inventories",Government Financial Statistics - GFS,Non-financial assets,Non-financial assets excluding inventories,Disposals,,,Dollars,6
GFSA.SCS05G00Z61699D,2010.06,850,FINAL,"Central Government, Non-financial Assets Reconciliation, Total excl Inventories",Government Financial Statistics - GFS,Non-financial assets,Non-financial assets excluding inventories,Disposals,,,Dollars,6
GFSA.SCS05G00Z61699D,2011.06,1008,FINAL,"Central Government, Non-financial Assets Reconciliation, Total excl Inventories",Government Financial Statistics - GFS,Non-financial assets,Non-financial assets excluding inventories,Disposals,,,Dollars,6
GFSA.SCS05G00Z61699D,2012.06,879,FINAL,"Central Government, Non-financial Assets Reconciliation, Total excl Inventories",Government Financial Statistics - GFS,Non-financial assets,Non-financial assets excluding inventories,Disposals,,,Dollars,6
GFSA.SCS05G00Z61699D,2013.06,968,FINAL,"Central Government, Non-financial Assets Reconciliation, Total excl Inventories",Government Financial Statistics - GFS,Non-financial assets,Non-financial assets excluding inventories,Disposals,,,Dollars,6
GFSA.SCS05G00Z61699D,2014.06,1026,FINAL,"Central Government, Non-financial Assets Reconciliation, Total excl Inventories",Government Financial Statistics - GFS,Non-financial assets,Non-financial assets excluding inventories,Disposals,,,Dollars,6
GFSA.SCS05G00Z61699D,2015.06,932,FINAL,"Central Government, Non-financial Assets Reconciliation, Total excl Inventories",Government Financial Statistics - GFS,Non-financial assets,Non-financial assets excluding inventories,Disposals,,,Dollars,6
GFSA.SCS05G00Z61699D,2016.06,1349,FINAL,"Central Government, Non-financial Assets Reconciliation, Total excl Inventories",Government Financial Statistics - GFS,Non-financial assets,Non-financial assets excluding inventories,Disposals,,,Dollars,6
GFSA.SCS05G00Z61699D,2017.06,1488,FINAL,"Central Government, Non-financial Assets Reconciliation, Total excl Inventories",Government Financial Statistics - GFS,Non-financial assets,Non-financial assets excluding inventories,Disposals,,,Dollars,6
GFSA.SCS05G00Z61699D,2018.06,1269,FINAL,"Central Government, Non-financial Assets Reconciliation, Total excl Inventories",Government Financial Statistics - GFS,Non-financial assets,Non-financial assets excluding inventories,Disposals,,,Dollars,6
GFSA.SCS05G00Z61699D,2019.06,1848,FINAL,"Central Government, Non-financial Assets Reconciliation, Total excl Inventories",Government Financial Statistics - GFS,Non-financial assets,Non-financial assets excluding inventories,Disposals,,,Dollars,6
GFSA.SCS05G00Z61699D,2020.06,1256,FINAL,"Central Government, Non-financial Assets Reconciliation, Total excl Inventories",Government Financial Statistics - GFS,Non-financial assets,Non-financial assets excluding inventories,Disposals,,,Dollars,6
GFSA.SCS05G00Z61699D,2021.06,1252,FINAL,"Central Government, Non-financial Assets Reconciliation, Total excl Inventories",Government Financial Statistics - GFS,Non-financial assets,Non-financial assets excluding inventories,Disposals,,,Dollars,6
GFSA.SCS05G00Z61699D,2022.06,1363,REVISED,"Central Government, Non-financial Assets Reconciliation, Total excl Inventories",Government Financial Statistics - GFS,Non-financial assets,Non-financial assets excluding inventories,Disposals,,,Dollars,6
GFSA.SCS05G00Z61699D,2023.06,1858,REVISED,"Central Government, Non-financial Assets Reconciliation, Total excl Inventories",Government Financial Statistics - GFS,Non-financial assets,Non-financial assets excluding inventories,Disposals,,,Dollars,6
GFSA.SCS05G00Z61699D,2024.06,1590,REVISED,"Central Government, Non-financial Assets Reconciliation, Total excl Inventories",Government Financial Statistics - GFS,Non-financial assets,Non-financial assets excluding inventories,Disposals,,,Dollars,6
GFSA.SCS05G00Z61699D,2025.06,2018,FINAL,"Central Government, Non-financial Assets Reconciliation, Total excl Inventories",Government Financial Statistics - GFS,Non-financial assets,Non-financial assets excluding inventories,Disposals,,,Dollars,6
GFSA.SCS05G00Z61699K,2009.06,3373,REVISED,"Central Government, Non-financial Assets Reconciliation, Total excl Inventories",Government Financial Statistics - GFS,Non-financial assets,Non-financial assets excluding inventories,Depreciation,,,Dollars,6
GFSA.SCS05G00Z61699K,2010.06,3604,REVISED,"Central Government, Non-financial Assets Reconciliation, Total excl Inventories",Government Financial Statistics - GFS,Non-financial assets,Non-financial assets excluding inventories,Depreciation,,,Dollars,6
GFSA.SCS05G00Z61699K,2011.06,3940,REVISED,"Central Government, Non-financial Assets Reconciliation, Total excl Inventories",Government Financial Statistics - GFS,Non-financial assets,Non-financial assets excluding inventories,Depreciation,,,Dollars,6
GFSA.SCS05G00Z61699K,2012.06,3740,REVISED,"Central Government, Non-financial Assets Reconciliation, Total excl Inventories",Government Financial Statistics - GFS,Non-financial assets,Non-financial assets excluding inventories,Depreciation,,,Dollars,6
GFSA.SCS05G00Z61699K,2013.06,3754,REVISED,"Central Government, Non-financial Assets Reconciliation, Total excl Inventories",Government Financial Statistics - GFS,Non-financial assets,Non-financial assets excluding inventories,Depreciation,,,Dollars,6
GFSA.SCS05G00Z61699K,2014.06,3869,REVISED,"Central Government, Non-financial Assets Reconciliation, Total excl Inventories",Government Financial Statistics - GFS,Non-financial assets,Non-financial assets excluding inventories,Depreciation,,,Dollars,6
GFSA.SCS05G00Z61699K,2015.06,4043,REVISED,"Central Government, Non-financial Assets Reconciliation, Total excl Inventories",Government Financial Statistics - GFS,Non-financial assets,Non-financial assets excluding inventories,Depreciation,,,Dollars,6
GFSA.SCS05G00Z61699K,2016.06,4074,REVISED,"Central Government, Non-financial Assets Reconciliation, Total excl Inventories",Government Financial Statistics - GFS,Non-financial assets,Non-financial assets excluding inventories,Depreciation,,,Dollars,6
GFSA.SCS05G00Z61699K,2017.06,4167,REVISED,"Central Government, Non-financial Assets Reconciliation, Total excl Inventories",Government Financial Statistics - GFS,Non-financial assets,Non-financial assets excluding inventories,Depreciation,,,Dollars,6
GFSA.SCS05G00Z61699K,2018.06,4424,REVISED,"Central Government, Non-financial Assets Reconciliation, Total excl Inventories",Government Financial Statistics - GFS,Non-financial assets,Non-financial assets excluding inventories,Depreciation,,,Dollars,6
GFSA.SCS05G00Z61699K,2019.06,4744,REVISED,"Central Government, Non-financial Assets Reconciliation, Total excl Inventories",Government Financial Statistics - GFS,Non-financial assets,Non-financial assets excluding inventories,Depreciation,,,Dollars,6
GFSA.SCS05G00Z61699K,2020.06,5102,REVISED,"Central Government, Non-financial Assets Reconciliation, Total excl Inventories",Government Financial Statistics - GFS,Non-financial assets,Non-financial assets excluding inventories,Depreciation,,,Dollars,6
GFSA.SCS05G00Z61699K,2021.06,5372,REVISED,"Central Government, Non-financial Assets Reconciliation, Total excl Inventories",Government Financial Statistics - GFS,Non-financial assets,Non-financial assets excluding inventories,Depreciation,,,Dollars,6
GFSA.SCS05G00Z61699K,2022.06,5781,REVISED,"Central Government, Non-financial Assets Reconciliation, Total excl Inventories",Government Financial Statistics - GFS,Non-financial assets,Non-financial assets excluding inventories,Depreciation,,,Dollars,6
GFSA.SCS05G00Z61699K,2023.06,6236,REVISED,"Central Government, Non-financial Assets Reconciliation, Total excl Inventories",Government Financial Statistics - GFS,Non-financial assets,Non-financial assets excluding inventories,Depreciation,,,Dollars,6
GFSA.SCS05G00Z61699K,2024.06,7108,REVISED,"Central Government, Non-financial Assets Reconciliation, Total excl Inventories",Government Financial Statistics - GFS,Non-financial assets,Non-financial assets excluding inventories,Depreciation,,,Dollars,6
GFSA.SCS05G00Z61699K,2025.06,7538,FINAL,"Central Government, Non-financial Assets Reconciliation, Total excl Inventories",Government Financial Statistics - GFS,Non-financial assets,Non-financial assets excluding inventories,Depreciation,,,Dollars,6
GFSA.SCS05G00Z61699O,2009.06,4049,REVISED,"Central Government, Non-financial Assets Reconciliation, Total excl Inventories",Government Financial Statistics - GFS,Non-financial assets,Non-financial assets excluding inventories,Other economic flows,,,Dollars,6
GFSA.SCS05G00Z61699O,2010.06,-2350,REVISED,"Central Government, Non-financial Assets Reconciliation, Total excl Inventories",Government Financial Statistics - GFS,Non-financial assets,Non-financial assets excluding inventories,Other economic flows,,,Dollars,6
GFSA.SCS05G00Z61699O,2011.06,-223,REVISED,"Central Government, Non-financial Assets Reconciliation, Total excl Inventories",Government Financial Statistics - GFS,Non-financial assets,Non-financial assets excluding inventories,Other economic flows,,,Dollars,6
GFSA.SCS05G00Z61699O,2012.06,228,REVISED,"Central Government, Non-financial Assets Reconciliation, Total excl Inventories",Government Financial Statistics - GFS,Non-financial assets,Non-financial assets excluding inventories,Other economic flows,,,Dollars,6
GFSA.SCS05G00Z61699O,2013.06,6,REVISED,"Central Government, Non-financial Assets Reconciliation, Total excl Inventories",Government Financial Statistics - GFS,Non-financial assets,Non-financial assets excluding inventories,Other economic flows,,,Dollars,6
GFSA.SCS05G00Z61699O,2014.06,2885,REVISED,"Central Government, Non-financial Assets Reconciliation, Total excl Inventories",Government Financial Statistics - GFS,Non-financial assets,Non-financial assets excluding inventories,Other economic flows,,,Dollars,6
GFSA.SCS05G00Z61699O,2015.06,2221,REVISED,"Central Government, Non-financial Assets Reconciliation, Total excl Inventories",Government Financial Statistics - GFS,Non-financial assets,Non-financial assets excluding inventories,Other economic flows,,,Dollars,6
GFSA.SCS05G00Z61699O,2016.06,3440,REVISED,"Central Government, Non-financial Assets Reconciliation, Total excl Inventories",Government Financial Statistics - GFS,Non-financial assets,Non-financial assets excluding inventories,Other economic flows,,,Dollars,6
GFSA.SCS05G00Z61699O,2017.06,6027,REVISED,"Central Government, Non-financial Assets Reconciliation, Total excl Inventories",Government Financial Statistics - GFS,Non-financial assets,Non-financial assets excluding inventories,Other economic flows,,,Dollars,6
GFSA.SCS05G00Z61699O,2018.06,10251,REVISED,"Central Government, Non-financial Assets Reconciliation, Total excl Inventories",Government Financial Statistics - GFS,Non-financial assets,Non-financial assets excluding inventories,Other economic flows,,,Dollars,6
GFSA.SCS05G00Z61699O,2019.06,8291,FINAL,"Central Government, Non-financial Assets Reconciliation, Total excl Inventories",Government Financial Statistics - GFS,Non-financial assets,Non-financial assets excluding inventories,Other economic flows,,,Dollars,6
GFSA.SCS05G00Z61699O,2020.06,817,REVISED,"Central Government, Non-financial Assets Reconciliation, Total excl Inventories",Government Financial Statistics - GFS,Non-financial assets,Non-financial assets excluding inventories,Other economic flows,,,Dollars,6
GFSA.SCS05G00Z61699O,2021.06,13292,REVISED,"Central Government, Non-financial Assets Reconciliation, Total excl Inventories",Government Financial Statistics - GFS,Non-financial assets,Non-financial assets excluding inventories,Other economic flows,,,Dollars,6
GFSA.SCS05G00Z61699O,2022.06,19124,REVISED,"Central Government, Non-financial Assets Reconciliation, Total excl Inventories",Government Financial Statistics - GFS,Non-financial assets,Non-financial assets excluding inventories,Other economic flows,,,Dollars,6
GFSA.SCS05G00Z61699O,2023.06,14386,REVISED,"Central Government, Non-financial Assets Reconciliation, Total excl Inventories",Government Financial Statistics - GFS,Non-financial assets,Non-financial assets excluding inventories,Other economic flows,,,Dollars,6
GFSA.SCS05G00Z61699O,2024.06,4899,REVISED,"Central Government, Non-financial Assets Reconciliation, Total excl Inventories",Government Financial Statistics - GFS,Non-financial assets,Non-financial assets excluding inventories,Other economic flows,,,Dollars,6
GFSA.SCS05G00Z61699O,2025.06,3072,FINAL,"Central Government, Non-financial Assets Reconciliation, Total excl Inventories",Government Financial Statistics - GFS,Non-financial assets,Non-financial assets excluding inventories,Other economic flows,,,Dollars,6
GFSA.SCS05G00Z61699Z,2008.06,72671,FINAL,"Central Government, Non-financial Assets Reconciliation, Total excl Inventories",Government Financial Statistics - GFS,Non-financial assets,Non-financial assets excluding inventories,Total,,,Dollars,6
GFSA.SCS05G00Z61699Z,2009.06,78810,FINAL,"Central Government, Non-financial Assets Reconciliation, Total excl Inventories",Government Financial Statistics - GFS,Non-financial assets,Non-financial assets excluding inventories,Total,,,Dollars,6
GFSA.SCS05G00Z61699Z,2010.06,78263,FINAL,"Central Government, Non-financial Assets Reconciliation, Total excl Inventories",Government Financial Statistics - GFS,Non-financial assets,Non-financial assets excluding inventories,Total,,,Dollars,6
GFSA.SCS05G00Z61699Z,2011.06,78962,FINAL,"Central Government, Non-financial Assets Reconciliation, Total excl Inventories",Government Financial Statistics - GFS,Non-financial assets,Non-financial assets excluding inventories,Total,,,Dollars,6
GFSA.SCS05G00Z61699Z,2012.06,80492,FINAL,"Central Government, Non-financial Assets Reconciliation, Total excl Inventories",Government Financial Statistics - GFS,Non-financial assets,Non-financial assets excluding inventories,Total,,,Dollars,6
GFSA.SCS05G00Z61699Z,2013.06,81820,FINAL,"Central Government, Non-financial Assets Reconciliation, Total excl Inventories",Government Financial Statistics - GFS,Non-financial assets,Non-financial assets excluding inventories,Total,,,Dollars,6
GFSA.SCS05G00Z61699Z,2014.06,86792,FINAL,"Central Government, Non-financial Assets Reconciliation, Total excl Inventories",Government Financial Statistics - GFS,Non-financial assets,Non-financial assets excluding inventories,Total,,,Dollars,6
GFSA.SCS05G00Z61699Z,2015.06,91591,FINAL,"Central Government, Non-financial Assets Reconciliation, Total excl Inventories",Government Financial Statistics - GFS,Non-financial assets,Non-financial assets excluding inventories,Total,,,Dollars,6
GFSA.SCS05G00Z61699Z,2016.06,97763,FINAL,"Central Government, Non-financial Assets Reconciliation, Total excl Inventories",Government Financial Statistics - GFS,Non-financial assets,Non-financial assets excluding inventories,Total,,,Dollars,6
GFSA.SCS05G00Z61699Z,2017.06,106423,FINAL,"Central Government, Non-financial Assets Reconciliation, Total excl Inventories",Government Financial Statistics - GFS,Non-financial assets,Non-financial assets excluding inventories,Total,,,Dollars,6
GFSA.SCS05G00Z61699Z,2018.06,119699,REVISED,"Central Government, Non-financial Assets Reconciliation, Total excl Inventories",Government Financial Statistics - GFS,Non-financial assets,Non-financial assets excluding inventories,Total,,,Dollars,6
GFSA.SCS05G00Z61699Z,2019.06,131466,REVISED,"Central Government, Non-financial Assets Reconciliation, Total excl Inventories",Government Financial Statistics - GFS,Non-financial assets,Non-financial assets excluding inventories,Total,,,Dollars,6
GFSA.SCS05G00Z61699Z,2020.06,134896,REVISED,"Central Government, Non-financial Assets Reconciliation, Total excl Inventories",Government Financial Statistics - GFS,Non-financial assets,Non-financial assets excluding inventories,Total,,,Dollars,6
GFSA.SCS05G00Z61699Z,2021.06,151884,REVISED,"Central Government, Non-financial Assets Reconciliation, Total excl Inventories",Government Financial Statistics - GFS,Non-financial assets,Non-financial assets excluding inventories,Total,,,Dollars,6
GFSA.SCS05G00Z61699Z,2022.06,174687,REVISED,"Central Government, Non-financial Assets Reconciliation, Total excl Inventories",Government Financial Statistics - GFS,Non-financial assets,Non-financial assets excluding inventories,Total,,,Dollars,6
GFSA.SCS05G00Z61699Z,2023.06,192986,REVISED,"Central Government, Non-financial Assets Reconciliation, Total excl Inventories",Government Financial Statistics - GFS,Non-financial assets,Non-financial assets excluding inventories,Total,,,Dollars,6
GFSA.SCS05G00Z61699Z,2024.06,202857,REVISED,"Central Government, Non-financial Assets Reconciliation, Total excl Inventories",Government Financial Statistics - GFS,Non-financial assets,Non-financial assets excluding inventories,Total,,,Dollars,6
GFSA.SCS05G00Z61699Z,2025.06,210108,FINAL,"Central Government, Non-financial Assets Reconciliation, Total excl Inventories",Government Financial Statistics - GFS,Non-financial assets,Non-financial assets excluding inventories,Total,,,Dollars,6
GFSA.SCS05G06Z616111A,2009.06,3321,FINAL,"Central Government, Non-financial Assets Reconciliation, Fixed Assets",Government Financial Statistics - GFS,Non-financial assets,Fixed assets,Buildings and structures,Additions,,Dollars,6
GFSA.SCS05G06Z616111A,2010.06,3518,FINAL,"Central Government, Non-financial Assets Reconciliation, Fixed Assets",Government Financial Statistics - GFS,Non-financial assets,Fixed assets,Buildings and structures,Additions,,Dollars,6
GFSA.SCS05G06Z616111A,2011.06,3434,FINAL,"Central Government, Non-financial Assets Reconciliation, Fixed Assets",Government Financial Statistics - GFS,Non-financial assets,Fixed assets,Buildings and structures,Additions,,Dollars,6
GFSA.SCS05G06Z616111A,2012.06,3181,FINAL,"Central Government, Non-financial Assets Reconciliation, Fixed Assets",Government Financial Statistics - GFS,Non-financial assets,Fixed assets,Buildings and structures,Additions,,Dollars,6
GFSA.SCS05G06Z616111A,2013.06,3166,FINAL,"Central Government, Non-financial Assets Reconciliation, Fixed Assets",Government Financial Statistics - GFS,Non-financial assets,Fixed assets,Buildings and structures,Additions,,Dollars,6
GFSA.SCS05G06Z616111A,2014.06,3399,FINAL,"Central Government, Non-financial Assets Reconciliation, Fixed Assets",Government Financial Statistics - GFS,Non-financial assets,Fixed assets,Buildings and structures,Additions,,Dollars,6
GFSA.SCS05G06Z616111A,2015.06,4310,FINAL,"Central Government, Non-financial Assets Reconciliation, Fixed Assets",Government Financial Statistics - GFS,Non-financial assets,Fixed assets,Buildings and structures,Additions,,Dollars,6
GFSA.SCS05G06Z616111A,2016.06,4624,FINAL,"Central Government, Non-financial Assets Reconciliation, Fixed Assets",Government Financial Statistics - GFS,Non-financial assets,Fixed assets,Buildings and structures,Additions,,Dollars,6
GFSA.SCS05G06Z616111A,2017.06,4625,FINAL,"Central Government, Non-financial Assets Reconciliation, Fixed Assets",Government Financial Statistics - GFS,Non-financial assets,Fixed assets,Buildings and structures,Additions,,Dollars,6
GFSA.SCS05G06Z616111A,2018.06,4773,REVISED,"Central Government, Non-financial Assets Reconciliation, Fixed Assets",Government Financial Statistics - GFS,Non-financial assets,Fixed assets,Buildings and structures,Additions,,Dollars,6
GFSA.SCS05G06Z616111A,2019.06,5994,REVISED,"Central Government, Non-financial Assets Reconciliation, Fixed Assets",Government Financial Statistics - GFS,Non-financial assets,Fixed assets,Buildings and structures,Additions,,Dollars,6
GFSA.SCS05G06Z616111A,2020.06,5154,REVISED,"Central Government, Non-financial Assets Reconciliation, Fixed Assets",Government Financial Statistics - GFS,Non-financial assets,Fixed assets,Buildings and structures,Additions,,Dollars,6
GFSA.SCS05G06Z616111A,2021.06,5843,REVISED,"Central Government, Non-financial Assets Reconciliation, Fixed Assets",Government Financial Statistics - GFS,Non-financial assets,Fixed assets,Buildings and structures,Additions,,Dollars,6
GFSA.SCS05G06Z616111A,2022.06,5387,REVISED,"Central Government, Non-financial Assets Reconciliation, Fixed Assets",Government Financial Statistics - GFS,Non-financial assets,Fixed assets,Buildings and structures,Additions,,Dollars,6
GFSA.SCS05G06Z616111A,2023.06,5685,REVISED,"Central Government, Non-financial Assets Reconciliation, Fixed Assets",Government Financial Statistics - GFS,Non-financial assets,Fixed assets,Buildings and structures,Additions,,Dollars,6
GFSA.SCS05G06Z616111A,2024.06,7310,REVISED,"Central Government, Non-financial Assets Reconciliation, Fixed Assets",Government Financial Statistics - GFS,Non-financial assets,Fixed assets,Buildings and structures,Additions,,Dollars,6
GFSA.SCS05G06Z616111A,2025.06,7927,FINAL,"Central Government, Non-financial Assets Reconciliation, Fixed Assets",Government Financial Statistics - GFS,Non-financial assets,Fixed assets,Buildings and structures,Additions,,Dollars,6
GFSA.SCS05G06Z616111D,2009.06,128,FINAL,"Central Government, Non-financial Assets Reconciliation, Fixed Assets",Government Financial Statistics - GFS,Non-financial assets,Fixed assets,Buildings and structures,Disposals,,Dollars,6
GFSA.SCS05G06Z616111D,2010.06,373,FINAL,"Central Government, Non-financial Assets Reconciliation, Fixed Assets",Government Financial Statistics - GFS,Non-financial assets,Fixed assets,Buildings and structures,Disposals,,Dollars,6
GFSA.SCS05G06Z616111D,2011.06,209,FINAL,"Central Government, Non-financial Assets Reconciliation, Fixed Assets",Government Financial Statistics - GFS,Non-financial assets,Fixed assets,Buildings and structures,Disposals,,Dollars,6
GFSA.SCS05G06Z616111D,2012.06,200,FINAL,"Central Government, Non-financial Assets Reconciliation, Fixed Assets",Government Financial Statistics - GFS,Non-financial assets,Fixed assets,Buildings and structures,Disposals,,Dollars,6
GFSA.SCS05G06Z616111D,2013.06,385,FINAL,"Central Government, Non-financial Assets Reconciliation, Fixed Assets",Government Financial Statistics - GFS,Non-financial assets,Fixed assets,Buildings and structures,Disposals,,Dollars,6
GFSA.SCS05G06Z616111D,2014.06,351,FINAL,"Central Government, Non-financial Assets Reconciliation, Fixed Assets",Government Financial Statistics - GFS,Non-financial assets,Fixed assets,Buildings and structures,Disposals,,Dollars,6
GFSA.SCS05G06Z616111D,2015.06,290,FINAL,"Central Government, Non-financial Assets Reconciliation, Fixed Assets",Government Financial Statistics - GFS,Non-financial assets,Fixed assets,Buildings and structures,Disposals,,Dollars,6
GFSA.SCS05G06Z616111D,2016.06,524,FINAL,"Central Government, Non-financial Assets Reconciliation, Fixed Assets",Government Financial Statistics - GFS,Non-financial assets,Fixed assets,Buildings and structures,Disposals,,Dollars,6
GFSA.SCS05G06Z616111D,2017.06,445,FINAL,"Central Government, Non-financial Assets Reconciliation, Fixed Assets",Government Financial Statistics - GFS,Non-financial assets,Fixed assets,Buildings and structures,Disposals,,Dollars,6
GFSA.SCS05G06Z616111D,2018.06,389,FINAL,"Central Government, Non-financial Assets Reconciliation, Fixed Assets",Government Financial Statistics - GFS,Non-financial assets,Fixed assets,Buildings and structures,Disposals,,Dollars,6
GFSA.SCS05G06Z616111D,2019.06,932,FINAL,"Central Government, Non-financial Assets Reconciliation, Fixed Assets",Government Financial Statistics - GFS,Non-financial assets,Fixed assets,Buildings and structures,Disposals,,Dollars,6
GFSA.SCS05G06Z616111D,2020.06,252,FINAL,"Central Government, Non-financial Assets Reconciliation, Fixed Assets",Government Financial Statistics - GFS,Non-financial assets,Fixed assets,Buildings and structures,Disposals,,Dollars,6
GFSA.SCS05G06Z616111D,2021.06,294,FINAL,"Central Government, Non-financial Assets Reconciliation, Fixed Assets",Government Financial Statistics - GFS,Non-financial assets,Fixed assets,Buildings and structures,Disposals,,Dollars,6
GFSA.SCS05G06Z616111D,2022.06,266,FINAL,"Central Government, Non-financial Assets Reconciliation, Fixed Assets",Government Financial Statistics - GFS,Non-financial assets,Fixed assets,Buildings and structures,Disposals,,Dollars,6
GFSA.SCS05G06Z616111D,2023.06,268,FINAL,"Central Government, Non-financial Assets Reconciliation, Fixed Assets",Government Financial Statistics - GFS,Non-financial assets,Fixed assets,Buildings and structures,Disposals,,Dollars,6
GFSA.SCS05G06Z616111D,2024.06,602,REVISED,"Central Government, Non-financial Assets Reconciliation, Fixed Assets",Government Financial Statistics - GFS,Non-financial assets,Fixed assets,Buildings and structures,Disposals,,Dollars,6
GFSA.SCS05G06Z616111D,2025.06,321,FINAL,"Central Government, Non-financial Assets Reconciliation, Fixed Assets",Government Financial Statistics - GFS,Non-financial assets,Fixed assets,Buildings and structures,Disposals,,Dollars,6
GFSA.SCS05G06Z616111K,2009.06,1355,REVISED,"Central Government, Non-financial Assets Reconciliation, Fixed Assets",Government Financial Statistics - GFS,Non-financial assets,Fixed assets,Buildings and structures,Depreciation,,Dollars,6
GFSA.SCS05G06Z616111K,2010.06,1425,REVISED,"Central Government, Non-financial Assets Reconciliation, Fixed Assets",Government Financial Statistics - GFS,Non-financial assets,Fixed assets,Buildings and structures,Depreciation,,Dollars,6
GFSA.SCS05G06Z616111K,2011.06,1579,REVISED,"Central Government, Non-financial Assets Reconciliation, Fixed Assets",Government Financial Statistics - GFS,Non-financial assets,Fixed assets,Buildings and structures,Depreciation,,Dollars,6
GFSA.SCS05G06Z616111K,2012.06,1570,REVISED,"Central Government, Non-financial Assets Reconciliation, Fixed Assets",Government Financial Statistics - GFS,Non-financial assets,Fixed assets,Buildings and structures,Depreciation,,Dollars,6
GFSA.SCS05G06Z616111K,2013.06,1592,REVISED,"Central Government, Non-financial Assets Reconciliation, Fixed Assets",Government Financial Statistics - GFS,Non-financial assets,Fixed assets,Buildings and structures,Depreciation,,Dollars,6
GFSA.SCS05G06Z616111K,2014.06,1649,REVISED,"Central Government, Non-financial Assets Reconciliation, Fixed Assets",Government Financial Statistics - GFS,Non-financial assets,Fixed assets,Buildings and structures,Depreciation,,Dollars,6
GFSA.SCS05G06Z616111K,2015.06,1755,REVISED,"Central Government, Non-financial Assets Reconciliation, Fixed Assets",Government Financial Statistics - GFS,Non-financial assets,Fixed assets,Buildings and structures,Depreciation,,Dollars,6
GFSA.SCS05G06Z616111K,2016.06,1700,REVISED,"Central Government, Non-financial Assets Reconciliation, Fixed Assets",Government Financial Statistics - GFS,Non-financial assets,Fixed assets,Buildings and structures,Depreciation,,Dollars,6
GFSA.SCS05G06Z616111K,2017.06,1630,REVISED,"Central Government, Non-financial Assets Reconciliation, Fixed Assets",Government Financial Statistics - GFS,Non-financial assets,Fixed assets,Buildings and structures,Depreciation,,Dollars,6
GFSA.SCS05G06Z616111K,2018.06,1887,REVISED,"Central Government, Non-financial Assets Reconciliation, Fixed Assets",Government Financial Statistics - GFS,Non-financial assets,Fixed assets,Buildings and structures,Depreciation,,Dollars,6
GFSA.SCS05G06Z616111K,2019.06,2023,REVISED,"Central Government, Non-financial Assets Reconciliation, Fixed Assets",Government Financial Statistics - GFS,Non-financial assets,Fixed assets,Buildings and structures,Depreciation,,Dollars,6
GFSA.SCS05G06Z616111K,2020.06,2270,REVISED,"Central Government, Non-financial Assets Reconciliation, Fixed Assets",Government Financial Statistics - GFS,Non-financial assets,Fixed assets,Buildings and structures,Depreciation,,Dollars,6
GFSA.SCS05G06Z616111K,2021.06,2392,REVISED,"Central Government, Non-financial Assets Reconciliation, Fixed Assets",Government Financial Statistics - GFS,Non-financial assets,Fixed assets,Buildings and structures,Depreciation,,Dollars,6
GFSA.SCS05G06Z616111K,2022.06,2715,REVISED,"Central Government, Non-financial Assets Reconciliation, Fixed Assets",Government Financial Statistics - GFS,Non-financial assets,Fixed assets,Buildings and structures,Depreciation,,Dollars,6
GFSA.SCS05G06Z616111K,2023.06,3013,REVISED,"Central Government, Non-financial Assets Reconciliation, Fixed Assets",Government Financial Statistics - GFS,Non-financial assets,Fixed assets,Buildings and structures,Depreciation,,Dollars,6
GFSA.SCS05G06Z616111K,2024.06,3654,REVISED,"Central Government, Non-financial Assets Reconciliation, Fixed Assets",Government Financial Statistics - GFS,Non-financial assets,Fixed assets,Buildings and structures,Depreciation,,Dollars,6
GFSA.SCS05G06Z616111K,2025.06,3908,FINAL,"Central Government, Non-financial Assets Reconciliation, Fixed Assets",Government Financial Statistics - GFS,Non-financial assets,Fixed assets,Buildings and structures,Depreciation,,Dollars,6
GFSA.SCS05G06Z616111O,2009.06,954,REVISED,"Central Government, Non-financial Assets Reconciliation, Fixed Assets",Government Financial Statistics - GFS,Non-financial assets,Fixed assets,Buildings and structures,Other economic flows,,Dollars,6
GFSA.SCS05G06Z616111O,2010.06,-2374,REVISED,"Central Government, Non-financial Assets Reconciliation, Fixed Assets",Government Financial Statistics - GFS,Non-financial assets,Fixed assets,Buildings and structures,Other economic flows,,Dollars,6
GFSA.SCS05G06Z616111O,2011.06,192,REVISED,"Central Government, Non-financial Assets Reconciliation, Fixed Assets",Government Financial Statistics - GFS,Non-financial assets,Fixed assets,Buildings and structures,Other economic flows,,Dollars,6
GFSA.SCS05G06Z616111O,2012.06,254,REVISED,"Central Government, Non-financial Assets Reconciliation, Fixed Assets",Government Financial Statistics - GFS,Non-financial assets,Fixed assets,Buildings and structures,Other economic flows,,Dollars,6
GFSA.SCS05G06Z616111O,2013.06,71,REVISED,"Central Government, Non-financial Assets Reconciliation, Fixed Assets",Government Financial Statistics - GFS,Non-financial assets,Fixed assets,Buildings and structures,Other economic flows,,Dollars,6
GFSA.SCS05G06Z616111O,2014.06,1825,REVISED,"Central Government, Non-financial Assets Reconciliation, Fixed Assets",Government Financial Statistics - GFS,Non-financial assets,Fixed assets,Buildings and structures,Other economic flows,,Dollars,6
GFSA.SCS05G06Z616111O,2015.06,847,REVISED,"Central Government, Non-financial Assets Reconciliation, Fixed Assets",Government Financial Statistics - GFS,Non-financial assets,Fixed assets,Buildings and structures,Other economic flows,,Dollars,6
GFSA.SCS05G06Z616111O,2016.06,1213,REVISED,"Central Government, Non-financial Assets Reconciliation, Fixed Assets",Government Financial Statistics - GFS,Non-financial assets,Fixed assets,Buildings and structures,Other economic flows,,Dollars,6
GFSA.SCS05G06Z616111O,2017.06,2762,REVISED,"Central Government, Non-financial Assets Reconciliation, Fixed Assets",Government Financial Statistics - GFS,Non-financial assets,Fixed assets,Buildings and structures,Other economic flows,,Dollars,6
GFSA.SCS05G06Z616111O,2018.06,7327,REVISED,"Central Government, Non-financial Assets Reconciliation, Fixed Assets",Government Financial Statistics - GFS,Non-financial assets,Fixed assets,Buildings and structures,Other economic flows,,Dollars,6
GFSA.SCS05G06Z616111O,2019.06,5198,REVISED,"Central Government, Non-financial Assets Reconciliation, Fixed Assets",Government Financial Statistics - GFS,Non-financial assets,Fixed assets,Buildings and structures,Other economic flows,,Dollars,6
GFSA.SCS05G06Z616111O,2020.06,-172,REVISED,"Central Government, Non-financial Assets Reconciliation, Fixed Assets",Government Financial Statistics - GFS,Non-financial assets,Fixed assets,Buildings and structures,Other economic flows,,Dollars,6
GFSA.SCS05G06Z616111O,2021.06,6281,REVISED,"Central Government, Non-financial Assets Reconciliation, Fixed Assets",Government Financial Statistics - GFS,Non-financial assets,Fixed assets,Buildings and structures,Other economic flows,,Dollars,6
GFSA.SCS05G06Z616111O,2022.06,11927,REVISED,"Central Government, Non-financial Assets Reconciliation, Fixed Assets",Government Financial Statistics - GFS,Non-financial assets,Fixed assets,Buildings and structures,Other economic flows,,Dollars,6
GFSA.SCS05G06Z616111O,2023.06,15021,REVISED,"Central Government, Non-financial Assets Reconciliation, Fixed Assets",Government Financial Statistics - GFS,Non-financial assets,Fixed assets,Buildings and structures,Other economic flows,,Dollars,6
GFSA.SCS05G06Z616111O,2024.06,3807,REVISED,"Central Government, Non-financial Assets Reconciliation, Fixed Assets",Government Financial Statistics - GFS,Non-financial assets,Fixed assets,Buildings and structures,Other economic flows,,Dollars,6
GFSA.SCS05G06Z616111O,2025.06,996,FINAL,"Central Government, Non-financial Assets Reconciliation, Fixed Assets",Government Financial Statistics - GFS,Non-financial assets,Fixed assets,Buildings and structures,Other economic flows,,Dollars,6
GFSA.SCS05G06Z616111Z,2008.06,38768,FINAL,"Central Government, Non-financial Assets Reconciliation, Fixed Assets",Government Financial Statistics - GFS,Non-financial assets,Fixed assets,Buildings and structures,Total,,Dollars,6
GFSA.SCS05G06Z616111Z,2009.06,41560,FINAL,"Central Government, Non-financial Assets Reconciliation, Fixed Assets",Government Financial Statistics - GFS,Non-financial assets,Fixed assets,Buildings and structures,Total,,Dollars,6
GFSA.SCS05G06Z616111Z,2010.06,40907,FINAL,"Central Government, Non-financial Assets Reconciliation, Fixed Assets",Government Financial Statistics - GFS,Non-financial assets,Fixed assets,Buildings and structures,Total,,Dollars,6
GFSA.SCS05G06Z616111Z,2011.06,42743,FINAL,"Central Government, Non-financial Assets Reconciliation, Fixed Assets",Government Financial Statistics - GFS,Non-financial assets,Fixed assets,Buildings and structures,Total,,Dollars,6
GFSA.SCS05G06Z616111Z,2012.06,44408,FINAL,"Central Government, Non-financial Assets Reconciliation, Fixed Assets",Government Financial Statistics - GFS,Non-financial assets,Fixed assets,Buildings and structures,Total,,Dollars,6
GFSA.SCS05G06Z616111Z,2013.06,45668,FINAL,"Central Government, Non-financial Assets Reconciliation, Fixed Assets",Government Financial Statistics - GFS,Non-financial assets,Fixed assets,Buildings and structures,Total,,Dollars,6
GFSA.SCS05G06Z616111Z,2014.06,48892,FINAL,"Central Government, Non-financial Assets Reconciliation, Fixed Assets",Government Financial Statistics - GFS,Non-financial assets,Fixed assets,Buildings and structures,Total,,Dollars,6
GFSA.SCS05G06Z616111Z,2015.06,52006,FINAL,"Central Government, Non-financial Assets Reconciliation, Fixed Assets",Government Financial Statistics - GFS,Non-financial assets,Fixed assets,Buildings and structures,Total,,Dollars,6
GFSA.SCS05G06Z616111Z,2016.06,55619,FINAL,"Central Government, Non-financial Assets Reconciliation, Fixed Assets",Government Financial Statistics - GFS,Non-financial assets,Fixed assets,Buildings and structures,Total,,Dollars,6
GFSA.SCS05G06Z616111Z,2017.06,60931,FINAL,"Central Government, Non-financial Assets Reconciliation, Fixed Assets",Government Financial Statistics - GFS,Non-financial assets,Fixed assets,Buildings and structures,Total,,Dollars,6
GFSA.SCS05G06Z616111Z,2018.06,70755,REVISED,"Central Government, Non-financial Assets Reconciliation, Fixed Assets",Government Financial Statistics - GFS,Non-financial assets,Fixed assets,Buildings and structures,Total,,Dollars,6
GFSA.SCS05G06Z616111Z,2019.06,78992,REVISED,"Central Government, Non-financial Assets Reconciliation, Fixed Assets",Government Financial Statistics - GFS,Non-financial assets,Fixed assets,Buildings and structures,Total,,Dollars,6
GFSA.SCS05G06Z616111Z,2020.06,81453,REVISED,"Central Government, Non-financial Assets Reconciliation, Fixed Assets",Government Financial Statistics - GFS,Non-financial assets,Fixed assets,Buildings and structures,Total,,Dollars,6
GFSA.SCS05G06Z616111Z,2021.06,90890,REVISED,"Central Government, Non-financial Assets Reconciliation, Fixed Assets",Government Financial Statistics - GFS,Non-financial assets,Fixed assets,Buildings and structures,Total,,Dollars,6
GFSA.SCS05G06Z616111Z,2022.06,105223,REVISED,"Central Government, Non-financial Assets Reconciliation, Fixed Assets",Government Financial Statistics - GFS,Non-financial assets,Fixed assets,Buildings and structures,Total,,Dollars,6
GFSA.SCS05G06Z616111Z,2023.06,122649,REVISED,"Central Government, Non-financial Assets Reconciliation, Fixed Assets",Government Financial Statistics - GFS,Non-financial assets,Fixed assets,Buildings and structures,Total,,Dollars,6
GFSA.SCS05G06Z616111Z,2024.06,129511,REVISED,"Central Government, Non-financial Assets Reconciliation, Fixed Assets",Government Financial Statistics - GFS,Non-financial assets,Fixed assets,Buildings and structures,Total,,Dollars,6
GFSA.SCS05G06Z616111Z,2025.06,134204,FINAL,"Central Government, Non-financial Assets Reconciliation, Fixed Assets",Government Financial Statistics - GFS,Non-financial assets,Fixed assets,Buildings and structures,Total,,Dollars,6
GFSA.SCS05G06Z616112A,2009.06,1226,FINAL,"Central Government, Non-financial Assets Reconciliation, Fixed Assets",Government Financial Statistics - GFS,Non-financial assets,Fixed assets,Machinery and equipment,Additions,,Dollars,6
GFSA.SCS05G06Z616112A,2010.06,921,FINAL,"Central Government, Non-financial Assets Reconciliation, Fixed Assets",Government Financial Statistics - GFS,Non-financial assets,Fixed assets,Machinery and equipment,Additions,,Dollars,6
GFSA.SCS05G06Z616112A,2011.06,795,FINAL,"Central Government, Non-financial Assets Reconciliation, Fixed Assets",Government Financial Statistics - GFS,Non-financial assets,Fixed assets,Machinery and equipment,Additions,,Dollars,6
GFSA.SCS05G06Z616112A,2012.06,936,FINAL,"Central Government, Non-financial Assets Reconciliation, Fixed Assets",Government Financial Statistics - GFS,Non-financial assets,Fixed assets,Machinery and equipment,Additions,,Dollars,6
GFSA.SCS05G06Z616112A,2013.06,835,FINAL,"Central Government, Non-financial Assets Reconciliation, Fixed Assets",Government Financial Statistics - GFS,Non-financial assets,Fixed assets,Machinery and equipment,Additions,,Dollars,6
GFSA.SCS05G06Z616112A,2014.06,1016,FINAL,"Central Government, Non-financial Assets Reconciliation, Fixed Assets",Government Financial Statistics - GFS,Non-financial assets,Fixed assets,Machinery and equipment,Additions,,Dollars,6
GFSA.SCS05G06Z616112A,2015.06,823,FINAL,"Central Government, Non-financial Assets Reconciliation, Fixed Assets",Government Financial Statistics - GFS,Non-financial assets,Fixed assets,Machinery and equipment,Additions,,Dollars,6
GFSA.SCS05G06Z616112A,2016.06,917,FINAL,"Central Government, Non-financial Assets Reconciliation, Fixed Assets",Government Financial Statistics - GFS,Non-financial assets,Fixed assets,Machinery and equipment,Additions,,Dollars,6
GFSA.SCS05G06Z616112A,2017.06,1019,FINAL,"Central Government, Non-financial Assets Reconciliation, Fixed Assets",Government Financial Statistics - GFS,Non-financial assets,Fixed assets,Machinery and equipment,Additions,,Dollars,6
GFSA.SCS05G06Z616112A,2018.06,877,FINAL,"Central Government, Non-financial Assets Reconciliation, Fixed Assets",Government Financial Statistics - GFS,Non-financial assets,Fixed assets,Machinery and equipment,Additions,,Dollars,6
GFSA.SCS05G06Z616112A,2019.06,915,FINAL,"Central Government, Non-financial Assets Reconciliation, Fixed Assets",Government Financial Statistics - GFS,Non-financial assets,Fixed assets,Machinery and equipment,Additions,,Dollars,6
GFSA.SCS05G06Z616112A,2020.06,921,FINAL,"Central Government, Non-financial Assets Reconciliation, Fixed Assets",Government Financial Statistics - GFS,Non-financial assets,Fixed assets,Machinery and equipment,Additions,,Dollars,6
GFSA.SCS05G06Z616112A,2021.06,1266,FINAL,"Central Government, Non-financial Assets Reconciliation, Fixed Assets",Government Financial Statistics - GFS,Non-financial assets,Fixed assets,Machinery and equipment,Additions,,Dollars,6
GFSA.SCS05G06Z616112A,2022.06,1765,FINAL,"Central Government, Non-financial Assets Reconciliation, Fixed Assets",Government Financial Statistics - GFS,Non-financial assets,Fixed assets,Machinery and equipment,Additions,,Dollars,6
GFSA.SCS05G06Z616112A,2023.06,2054,FINAL,"Central Government, Non-financial Assets Reconciliation, Fixed Assets",Government Financial Statistics - GFS,Non-financial assets,Fixed assets,Machinery and equipment,Additions,,Dollars,6
GFSA.SCS05G06Z616112A,2024.06,2189,REVISED,"Central Government, Non-financial Assets Reconciliation, Fixed Assets",Government Financial Statistics - GFS,Non-financial assets,Fixed assets,Machinery and equipment,Additions,,Dollars,6
GFSA.SCS05G06Z616112A,2025.06,2211,FINAL,"Central Government, Non-financial Assets Reconciliation, Fixed Assets",Government Financial Statistics - GFS,Non-financial assets,Fixed assets,Machinery and equipment,Additions,,Dollars,6
GFSA.SCS05G06Z616112D,2009.06,611,FINAL,"Central Government, Non-financial Assets Reconciliation, Fixed Assets",Government Financial Statistics - GFS,Non-financial assets,Fixed assets,Machinery and equipment,Disposals,,Dollars,6
GFSA.SCS05G06Z616112D,2010.06,335,FINAL,"Central Government, Non-financial Assets Reconciliation, Fixed Assets",Government Financial Statistics - GFS,Non-financial assets,Fixed assets,Machinery and equipment,Disposals,,Dollars,6
GFSA.SCS05G06Z616112D,2011.06,391,FINAL,"Central Government, Non-financial Assets Reconciliation, Fixed Assets",Government Financial Statistics - GFS,Non-financial assets,Fixed assets,Machinery and equipment,Disposals,,Dollars,6
GFSA.SCS05G06Z616112D,2012.06,400,FINAL,"Central Government, Non-financial Assets Reconciliation, Fixed Assets",Government Financial Statistics - GFS,Non-financial assets,Fixed assets,Machinery and equipment,Disposals,,Dollars,6
GFSA.SCS05G06Z616112D,2013.06,212,FINAL,"Central Government, Non-financial Assets Reconciliation, Fixed Assets",Government Financial Statistics - GFS,Non-financial assets,Fixed assets,Machinery and equipment,Disposals,,Dollars,6
GFSA.SCS05G06Z616112D,2014.06,382,FINAL,"Central Government, Non-financial Assets Reconciliation, Fixed Assets",Government Financial Statistics - GFS,Non-financial assets,Fixed assets,Machinery and equipment,Disposals,,Dollars,6
GFSA.SCS05G06Z616112D,2015.06,372,FINAL,"Central Government, Non-financial Assets Reconciliation, Fixed Assets",Government Financial Statistics - GFS,Non-financial assets,Fixed assets,Machinery and equipment,Disposals,,Dollars,6
GFSA.SCS05G06Z616112D,2016.06,462,FINAL,"Central Government, Non-financial Assets Reconciliation, Fixed Assets",Government Financial Statistics - GFS,Non-financial assets,Fixed assets,Machinery and equipment,Disposals,,Dollars,6
GFSA.SCS05G06Z616112D,2017.06,697,FINAL,"Central Government, Non-financial Assets Reconciliation, Fixed Assets",Government Financial Statistics - GFS,Non-financial assets,Fixed assets,Machinery and equipment,Disposals,,Dollars,6
GFSA.SCS05G06Z616112D,2018.06,494,FINAL,"Central Government, Non-financial Assets Reconciliation, Fixed Assets",Government Financial Statistics - GFS,Non-financial assets,Fixed assets,Machinery and equipment,Disposals,,Dollars,6
GFSA.SCS05G06Z616112D,2019.06,570,FINAL,"Central Government, Non-financial Assets Reconciliation, Fixed Assets",Government Financial Statistics - GFS,Non-financial assets,Fixed assets,Machinery and equipment,Disposals,,Dollars,6
GFSA.SCS05G06Z616112D,2020.06,670,FINAL,"Central Government, Non-financial Assets Reconciliation, Fixed Assets",Government Financial Statistics - GFS,Non-financial assets,Fixed assets,Machinery and equipment,Disposals,,Dollars,6
GFSA.SCS05G06Z616112D,2021.06,632,FINAL,"Central Government, Non-financial Assets Reconciliation, Fixed Assets",Government Financial Statistics - GFS,Non-financial assets,Fixed assets,Machinery and equipment,Disposals,,Dollars,6
GFSA.SCS05G06Z616112D,2022.06,668,FINAL,"Central Government, Non-financial Assets Reconciliation, Fixed Assets",Government Financial Statistics - GFS,Non-financial assets,Fixed assets,Machinery and equipment,Disposals,,Dollars,6
GFSA.SCS05G06Z616112D,2023.06,914,FINAL,"Central Government, Non-financial Assets Reconciliation, Fixed Assets",Government Financial Statistics - GFS,Non-financial assets,Fixed assets,Machinery and equipment,Disposals,,Dollars,6
GFSA.SCS05G06Z616112D,2024.06,595,REVISED,"Central Government, Non-financial Assets Reconciliation, Fixed Assets",Government Financial Statistics - GFS,Non-financial assets,Fixed assets,Machinery and equipment,Disposals,,Dollars,6
GFSA.SCS05G06Z616112D,2025.06,946,FINAL,"Central Government, Non-financial Assets Reconciliation, Fixed Assets",Government Financial Statistics - GFS,Non-financial assets,Fixed assets,Machinery and equipment,Disposals,,Dollars,6
GFSA.SCS05G06Z616112K,2009.06,692,REVISED,"Central Government, Non-financial Assets Reconciliation, Fixed Assets",Government Financial Statistics - GFS,Non-financial assets,Fixed assets,Machinery and equipment,Depreciation,,Dollars,6
GFSA.SCS05G06Z616112K,2010.06,747,REVISED,"Central Government, Non-financial Assets Reconciliation, Fixed Assets",Government Financial Statistics - GFS,Non-financial assets,Fixed assets,Machinery and equipment,Depreciation,,Dollars,6
GFSA.SCS05G06Z616112K,2011.06,758,REVISED,"Central Government, Non-financial Assets Reconciliation, Fixed Assets",Government Financial Statistics - GFS,Non-financial assets,Fixed assets,Machinery and equipment,Depreciation,,Dollars,6
GFSA.SCS05G06Z616112K,2012.06,693,REVISED,"Central Government, Non-financial Assets Reconciliation, Fixed Assets",Government Financial Statistics - GFS,Non-financial assets,Fixed assets,Machinery and equipment,Depreciation,,Dollars,6
GFSA.SCS05G06Z616112K,2013.06,641,REVISED,"Central Government, Non-financial Assets Reconciliation, Fixed Assets",Government Financial Statistics - GFS,Non-financial assets,Fixed assets,Machinery and equipment,Depreciation,,Dollars,6
GFSA.SCS05G06Z616112K,2014.06,667,REVISED,"Central Government, Non-financial Assets Reconciliation, Fixed Assets",Government Financial Statistics - GFS,Non-financial assets,Fixed assets,Machinery and equipment,Depreciation,,Dollars,6
GFSA.SCS05G06Z616112K,2015.06,667,REVISED,"Central Government, Non-financial Assets Reconciliation, Fixed Assets",Government Financial Statistics - GFS,Non-financial assets,Fixed assets,Machinery and equipment,Depreciation,,Dollars,6
GFSA.SCS05G06Z616112K,2016.06,660,REVISED,"Central Government, Non-financial Assets Reconciliation, Fixed Assets",Government Financial Statistics - GFS,Non-financial assets,Fixed assets,Machinery and equipment,Depreciation,,Dollars,6
GFSA.SCS05G06Z616112K,2017.06,786,REVISED,"Central Government, Non-financial Assets Reconciliation, Fixed Assets",Government Financial Statistics - GFS,Non-financial assets,Fixed assets,Machinery and equipment,Depreciation,,Dollars,6
GFSA.SCS05G06Z616112K,2018.06,671,REVISED,"Central Government, Non-financial Assets Reconciliation, Fixed Assets",Government Financial Statistics - GFS,Non-financial assets,Fixed assets,Machinery and equipment,Depreciation,,Dollars,6
GFSA.SCS05G06Z616112K,2019.06,738,REVISED,"Central Government, Non-financial Assets Reconciliation, Fixed Assets",Government Financial Statistics - GFS,Non-financial assets,Fixed assets,Machinery and equipment,Depreciation,,Dollars,6
GFSA.SCS05G06Z616112K,2020.06,754,REVISED,"Central Government, Non-financial Assets Reconciliation, Fixed Assets",Government Financial Statistics - GFS,Non-financial assets,Fixed assets,Machinery and equipment,Depreciation,,Dollars,6
GFSA.SCS05G06Z616112K,2021.06,800,REVISED,"Central Government, Non-financial Assets Reconciliation, Fixed Assets",Government Financial Statistics - GFS,Non-financial assets,Fixed assets,Machinery and equipment,Depreciation,,Dollars,6
GFSA.SCS05G06Z616112K,2022.06,820,REVISED,"Central Government, Non-financial Assets Reconciliation, Fixed Assets",Government Financial Statistics - GFS,Non-financial assets,Fixed assets,Machinery and equipment,Depreciation,,Dollars,6
GFSA.SCS05G06Z616112K,2023.06,911,FINAL,"Central Government, Non-financial Assets Reconciliation, Fixed Assets",Government Financial Statistics - GFS,Non-financial assets,Fixed assets,Machinery and equipment,Depreciation,,Dollars,6
GFSA.SCS05G06Z616112K,2024.06,965,FINAL,"Central Government, Non-financial Assets Reconciliation, Fixed Assets",Government Financial Statistics - GFS,Non-financial assets,Fixed assets,Machinery and equipment,Depreciation,,Dollars,6
GFSA.SCS05G06Z616112K,2025.06,979,FINAL,"Central Government, Non-financial Assets Reconciliation, Fixed Assets",Government Financial Statistics - GFS,Non-financial assets,Fixed assets,Machinery and equipment,Depreciation,,Dollars,6
GFSA.SCS05G06Z616112O,2009.06,114,REVISED,"Central Government, Non-financial Assets Reconciliation, Fixed Assets",Government Financial Statistics - GFS,Non-financial assets,Fixed assets,Machinery and equipment,Other economic flows,,Dollars,6
GFSA.SCS05G06Z616112O,2010.06,861,REVISED,"Central Government, Non-financial Assets Reconciliation, Fixed Assets",Government Financial Statistics - GFS,Non-financial assets,Fixed assets,Machinery and equipment,Other economic flows,,Dollars,6
GFSA.SCS05G06Z616112O,2011.06,-192,REVISED,"Central Government, Non-financial Assets Reconciliation, Fixed Assets",Government Financial Statistics - GFS,Non-financial assets,Fixed assets,Machinery and equipment,Other economic flows,,Dollars,6
GFSA.SCS05G06Z616112O,2012.06,14,REVISED,"Central Government, Non-financial Assets Reconciliation, Fixed Assets",Government Financial Statistics - GFS,Non-financial assets,Fixed assets,Machinery and equipment,Other economic flows,,Dollars,6
GFSA.SCS05G06Z616112O,2013.06,-57,REVISED,"Central Government, Non-financial Assets Reconciliation, Fixed Assets",Government Financial Statistics - GFS,Non-financial assets,Fixed assets,Machinery and equipment,Other economic flows,,Dollars,6
GFSA.SCS05G06Z616112O,2014.06,48,FINAL,"Central Government, Non-financial Assets Reconciliation, Fixed Assets",Government Financial Statistics - GFS,Non-financial assets,Fixed assets,Machinery and equipment,Other economic flows,,Dollars,6
GFSA.SCS05G06Z616112O,2015.06,210,REVISED,"Central Government, Non-financial Assets Reconciliation, Fixed Assets",Government Financial Statistics - GFS,Non-financial assets,Fixed assets,Machinery and equipment,Other economic flows,,Dollars,6
GFSA.SCS05G06Z616112O,2016.06,290,REVISED,"Central Government, Non-financial Assets Reconciliation, Fixed Assets",Government Financial Statistics - GFS,Non-financial assets,Fixed assets,Machinery and equipment,Other economic flows,,Dollars,6
GFSA.SCS05G06Z616112O,2017.06,609,REVISED,"Central Government, Non-financial Assets Reconciliation, Fixed Assets",Government Financial Statistics - GFS,Non-financial assets,Fixed assets,Machinery and equipment,Other economic flows,,Dollars,6
GFSA.SCS05G06Z616112O,2018.06,504,REVISED,"Central Government, Non-financial Assets Reconciliation, Fixed Assets",Government Financial Statistics - GFS,Non-financial assets,Fixed assets,Machinery and equipment,Other economic flows,,Dollars,6
GFSA.SCS05G06Z616112O,2019.06,549,FINAL,"Central Government, Non-financial Assets Reconciliation, Fixed Assets",Government Financial Statistics - GFS,Non-financial assets,Fixed assets,Machinery and equipment,Other economic flows,,Dollars,6
GFSA.SCS05G06Z616112O,2020.06,527,REVISED,"Central Government, Non-financial Assets Reconciliation, Fixed Assets",Government Financial Statistics - GFS,Non-financial assets,Fixed assets,Machinery and equipment,Other economic flows,,Dollars,6
GFSA.SCS05G06Z616112O,2021.06,356,REVISED,"Central Government, Non-financial Assets Reconciliation, Fixed Assets",Government Financial Statistics - GFS,Non-financial assets,Fixed assets,Machinery and equipment,Other economic flows,,Dollars,6
GFSA.SCS05G06Z616112O,2022.06,-16,REVISED,"Central Government, Non-financial Assets Reconciliation, Fixed Assets",Government Financial Statistics - GFS,Non-financial assets,Fixed assets,Machinery and equipment,Other economic flows,,Dollars,6
GFSA.SCS05G06Z616112O,2023.06,126,REVISED,"Central Government, Non-financial Assets Reconciliation, Fixed Assets",Government Financial Statistics - GFS,Non-financial assets,Fixed assets,Machinery and equipment,Other economic flows,,Dollars,6
GFSA.SCS05G06Z616112O,2024.06,-379,FINAL,"Central Government, Non-financial Assets Reconciliation, Fixed Assets",Government Financial Statistics - GFS,Non-financial assets,Fixed assets,Machinery and equipment,Other economic flows,,Dollars,6
GFSA.SCS05G06Z616112O,2025.06,-74,FINAL,"Central Government, Non-financial Assets Reconciliation, Fixed Assets",Government Financial Statistics - GFS,Non-financial assets,Fixed assets,Machinery and equipment,Other economic flows,,Dollars,6
GFSA.SCS05G06Z616112Z,2008.06,2953,FINAL,"Central Government, Non-financial Assets Reconciliation, Fixed Assets",Government Financial Statistics - GFS,Non-financial assets,Fixed assets,Machinery and equipment,Total,,Dollars,6
GFSA.SCS05G06Z616112Z,2009.06,2990,FINAL,"Central Government, Non-financial Assets Reconciliation, Fixed Assets",Government Financial Statistics - GFS,Non-financial assets,Fixed assets,Machinery and equipment,Total,,Dollars,6
GFSA.SCS05G06Z616112Z,2010.06,3689,FINAL,"Central Government, Non-financial Assets Reconciliation, Fixed Assets",Government Financial Statistics - GFS,Non-financial assets,Fixed assets,Machinery and equipment,Total,,Dollars,6
GFSA.SCS05G06Z616112Z,2011.06,3144,FINAL,"Central Government, Non-financial Assets Reconciliation, Fixed Assets",Government Financial Statistics - GFS,Non-financial assets,Fixed assets,Machinery and equipment,Total,,Dollars,6
GFSA.SCS05G06Z616112Z,2012.06,3001,FINAL,"Central Government, Non-financial Assets Reconciliation, Fixed Assets",Government Financial Statistics - GFS,Non-financial assets,Fixed assets,Machinery and equipment,Total,,Dollars,6
GFSA.SCS05G06Z616112Z,2013.06,2926,FINAL,"Central Government, Non-financial Assets Reconciliation, Fixed Assets",Government Financial Statistics - GFS,Non-financial assets,Fixed assets,Machinery and equipment,Total,,Dollars,6
GFSA.SCS05G06Z616112Z,2014.06,2939,FINAL,"Central Government, Non-financial Assets Reconciliation, Fixed Assets",Government Financial Statistics - GFS,Non-financial assets,Fixed assets,Machinery and equipment,Total,,Dollars,6
GFSA.SCS05G06Z616112Z,2015.06,2933,FINAL,"Central Government, Non-financial Assets Reconciliation, Fixed Assets",Government Financial Statistics - GFS,Non-financial assets,Fixed assets,Machinery and equipment,Total,,Dollars,6
GFSA.SCS05G06Z616112Z,2016.06,3017,FINAL,"Central Government, Non-financial Assets Reconciliation, Fixed Assets",Government Financial Statistics - GFS,Non-financial assets,Fixed assets,Machinery and equipment,Total,,Dollars,6
GFSA.SCS05G06Z616112Z,2017.06,3163,FINAL,"Central Government, Non-financial Assets Reconciliation, Fixed Assets",Government Financial Statistics - GFS,Non-financial assets,Fixed assets,Machinery and equipment,Total,,Dollars,6
GFSA.SCS05G06Z616112Z,2018.06,3379,FINAL,"Central Government, Non-financial Assets Reconciliation, Fixed Assets",Government Financial Statistics - GFS,Non-financial assets,Fixed assets,Machinery and equipment,Total,,Dollars,6
GFSA.SCS05G06Z616112Z,2019.06,3532,FINAL,"Central Government, Non-financial Assets Reconciliation, Fixed Assets",Government Financial Statistics - GFS,Non-financial assets,Fixed assets,Machinery and equipment,Total,,Dollars,6
GFSA.SCS05G06Z616112Z,2020.06,3557,FINAL,"Central Government, Non-financial Assets Reconciliation, Fixed Assets",Government Financial Statistics - GFS,Non-financial assets,Fixed assets,Machinery and equipment,Total,,Dollars,6
GFSA.SCS05G06Z616112Z,2021.06,3747,FINAL,"Central Government, Non-financial Assets Reconciliation, Fixed Assets",Government Financial Statistics - GFS,Non-financial assets,Fixed assets,Machinery and equipment,Total,,Dollars,6
GFSA.SCS05G06Z616112Z,2022.06,4008,FINAL,"Central Government, Non-financial Assets Reconciliation, Fixed Assets",Government Financial Statistics - GFS,Non-financial assets,Fixed assets,Machinery and equipment,Total,,Dollars,6
GFSA.SCS05G06Z616112Z,2023.06,4362,FINAL,"Central Government, Non-financial Assets Reconciliation, Fixed Assets",Government Financial Statistics - GFS,Non-financial assets,Fixed assets,Machinery and equipment,Total,,Dollars,6
GFSA.SCS05G06Z616112Z,2024.06,4614,FINAL,"Central Government, Non-financial Assets Reconciliation, Fixed Assets",Government Financial Statistics - GFS,Non-financial assets,Fixed assets,Machinery and equipment,Total,,Dollars,6
GFSA.SCS05G06Z616112Z,2025.06,4825,FINAL,"Central Government, Non-financial Assets Reconciliation, Fixed Assets",Government Financial Statistics - GFS,Non-financial assets,Fixed assets,Machinery and equipment,Total,,Dollars,6
GFSA.SCS05G06Z616113A,2009.06,1681,FINAL,"Central Government, Non-financial Assets Reconciliation, Fixed Assets",Government Financial Statistics - GFS,Non-financial assets,Fixed assets,Other fixed assets,Additions,,Dollars,6
GFSA.SCS05G06Z616113A,2010.06,1443,FINAL,"Central Government, Non-financial Assets Reconciliation, Fixed Assets",Government Financial Statistics - GFS,Non-financial assets,Fixed assets,Other fixed assets,Additions,,Dollars,6
GFSA.SCS05G06Z616113A,2011.06,1367,FINAL,"Central Government, Non-financial Assets Reconciliation, Fixed Assets",Government Financial Statistics - GFS,Non-financial assets,Fixed assets,Other fixed assets,Additions,,Dollars,6
GFSA.SCS05G06Z616113A,2012.06,1505,FINAL,"Central Government, Non-financial Assets Reconciliation, Fixed Assets",Government Financial Statistics - GFS,Non-financial assets,Fixed assets,Other fixed assets,Additions,,Dollars,6
GFSA.SCS05G06Z616113A,2013.06,1539,FINAL,"Central Government, Non-financial Assets Reconciliation, Fixed Assets",Government Financial Statistics - GFS,Non-financial assets,Fixed assets,Other fixed assets,Additions,,Dollars,6
GFSA.SCS05G06Z616113A,2014.06,1707,FINAL,"Central Government, Non-financial Assets Reconciliation, Fixed Assets",Government Financial Statistics - GFS,Non-financial assets,Fixed assets,Other fixed assets,Additions,,Dollars,6
GFSA.SCS05G06Z616113A,2015.06,1782,FINAL,"Central Government, Non-financial Assets Reconciliation, Fixed Assets",Government Financial Statistics - GFS,Non-financial assets,Fixed assets,Other fixed assets,Additions,,Dollars,6
GFSA.SCS05G06Z616113A,2016.06,1856,FINAL,"Central Government, Non-financial Assets Reconciliation, Fixed Assets",Government Financial Statistics - GFS,Non-financial assets,Fixed assets,Other fixed assets,Additions,,Dollars,6
GFSA.SCS05G06Z616113A,2017.06,1905,FINAL,"Central Government, Non-financial Assets Reconciliation, Fixed Assets",Government Financial Statistics - GFS,Non-financial assets,Fixed assets,Other fixed assets,Additions,,Dollars,6
GFSA.SCS05G06Z616113A,2018.06,2081,FINAL,"Central Government, Non-financial Assets Reconciliation, Fixed Assets",Government Financial Statistics - GFS,Non-financial assets,Fixed assets,Other fixed assets,Additions,,Dollars,6
GFSA.SCS05G06Z616113A,2019.06,2114,FINAL,"Central Government, Non-financial Assets Reconciliation, Fixed Assets",Government Financial Statistics - GFS,Non-financial assets,Fixed assets,Other fixed assets,Additions,,Dollars,6
GFSA.SCS05G06Z616113A,2020.06,2118,FINAL,"Central Government, Non-financial Assets Reconciliation, Fixed Assets",Government Financial Statistics - GFS,Non-financial assets,Fixed assets,Other fixed assets,Additions,,Dollars,6
GFSA.SCS05G06Z616113A,2021.06,2210,FINAL,"Central Government, Non-financial Assets Reconciliation, Fixed Assets",Government Financial Statistics - GFS,Non-financial assets,Fixed assets,Other fixed assets,Additions,,Dollars,6
GFSA.SCS05G06Z616113A,2022.06,2268,FINAL,"Central Government, Non-financial Assets Reconciliation, Fixed Assets",Government Financial Statistics - GFS,Non-financial assets,Fixed assets,Other fixed assets,Additions,,Dollars,6
GFSA.SCS05G06Z616113A,2023.06,2592,REVISED,"Central Government, Non-financial Assets Reconciliation, Fixed Assets",Government Financial Statistics - GFS,Non-financial assets,Fixed assets,Other fixed assets,Additions,,Dollars,6
GFSA.SCS05G06Z616113A,2024.06,2586,REVISED,"Central Government, Non-financial Assets Reconciliation, Fixed Assets",Government Financial Statistics - GFS,Non-financial assets,Fixed assets,Other fixed assets,Additions,,Dollars,6
GFSA.SCS05G06Z616113A,2025.06,2533,FINAL,"Central Government, Non-financial Assets Reconciliation, Fixed Assets",Government Financial Statistics - GFS,Non-financial assets,Fixed assets,Other fixed assets,Additions,,Dollars,6
GFSA.SCS05G06Z616113D,2009.06,118,FINAL,"Central Government, Non-financial Assets Reconciliation, Fixed Assets",Government Financial Statistics - GFS,Non-financial assets,Fixed assets,Other fixed assets,Disposals,,Dollars,6
GFSA.SCS05G06Z616113D,2010.06,34,FINAL,"Central Government, Non-financial Assets Reconciliation, Fixed Assets",Government Financial Statistics - GFS,Non-financial assets,Fixed assets,Other fixed assets,Disposals,,Dollars,6
GFSA.SCS05G06Z616113D,2011.06,259,FINAL,"Central Government, Non-financial Assets Reconciliation, Fixed Assets",Government Financial Statistics - GFS,Non-financial assets,Fixed assets,Other fixed assets,Disposals,,Dollars,6
GFSA.SCS05G06Z616113D,2012.06,119,FINAL,"Central Government, Non-financial Assets Reconciliation, Fixed Assets",Government Financial Statistics - GFS,Non-financial assets,Fixed assets,Other fixed assets,Disposals,,Dollars,6
GFSA.SCS05G06Z616113D,2013.06,119,FINAL,"Central Government, Non-financial Assets Reconciliation, Fixed Assets",Government Financial Statistics - GFS,Non-financial assets,Fixed assets,Other fixed assets,Disposals,,Dollars,6
GFSA.SCS05G06Z616113D,2014.06,75,FINAL,"Central Government, Non-financial Assets Reconciliation, Fixed Assets",Government Financial Statistics - GFS,Non-financial assets,Fixed assets,Other fixed assets,Disposals,,Dollars,6
GFSA.SCS05G06Z616113D,2015.06,48,FINAL,"Central Government, Non-financial Assets Reconciliation, Fixed Assets",Government Financial Statistics - GFS,Non-financial assets,Fixed assets,Other fixed assets,Disposals,,Dollars,6
GFSA.SCS05G06Z616113D,2016.06,135,FINAL,"Central Government, Non-financial Assets Reconciliation, Fixed Assets",Government Financial Statistics - GFS,Non-financial assets,Fixed assets,Other fixed assets,Disposals,,Dollars,6
GFSA.SCS05G06Z616113D,2017.06,110,FINAL,"Central Government, Non-financial Assets Reconciliation, Fixed Assets",Government Financial Statistics - GFS,Non-financial assets,Fixed assets,Other fixed assets,Disposals,,Dollars,6
GFSA.SCS05G06Z616113D,2018.06,174,FINAL,"Central Government, Non-financial Assets Reconciliation, Fixed Assets",Government Financial Statistics - GFS,Non-financial assets,Fixed assets,Other fixed assets,Disposals,,Dollars,6
GFSA.SCS05G06Z616113D,2019.06,196,FINAL,"Central Government, Non-financial Assets Reconciliation, Fixed Assets",Government Financial Statistics - GFS,Non-financial assets,Fixed assets,Other fixed assets,Disposals,,Dollars,6
GFSA.SCS05G06Z616113D,2020.06,94,FINAL,"Central Government, Non-financial Assets Reconciliation, Fixed Assets",Government Financial Statistics - GFS,Non-financial assets,Fixed assets,Other fixed assets,Disposals,,Dollars,6
GFSA.SCS05G06Z616113D,2021.06,155,FINAL,"Central Government, Non-financial Assets Reconciliation, Fixed Assets",Government Financial Statistics - GFS,Non-financial assets,Fixed assets,Other fixed assets,Disposals,,Dollars,6
GFSA.SCS05G06Z616113D,2022.06,247,FINAL,"Central Government, Non-financial Assets Reconciliation, Fixed Assets",Government Financial Statistics - GFS,Non-financial assets,Fixed assets,Other fixed assets,Disposals,,Dollars,6
GFSA.SCS05G06Z616113D,2023.06,530,FINAL,"Central Government, Non-financial Assets Reconciliation, Fixed Assets",Government Financial Statistics - GFS,Non-financial assets,Fixed assets,Other fixed assets,Disposals,,Dollars,6
GFSA.SCS05G06Z616113D,2024.06,219,REVISED,"Central Government, Non-financial Assets Reconciliation, Fixed Assets",Government Financial Statistics - GFS,Non-financial assets,Fixed assets,Other fixed assets,Disposals,,Dollars,6
GFSA.SCS05G06Z616113D,2025.06,300,FINAL,"Central Government, Non-financial Assets Reconciliation, Fixed Assets",Government Financial Statistics - GFS,Non-financial assets,Fixed assets,Other fixed assets,Disposals,,Dollars,6
GFSA.SCS05G06Z616113K,2009.06,1095,REVISED,"Central Government, Non-financial Assets Reconciliation, Fixed Assets",Government Financial Statistics - GFS,Non-financial assets,Fixed assets,Other fixed assets,Depreciation,,Dollars,6
GFSA.SCS05G06Z616113K,2010.06,1168,REVISED,"Central Government, Non-financial Assets Reconciliation, Fixed Assets",Government Financial Statistics - GFS,Non-financial assets,Fixed assets,Other fixed assets,Depreciation,,Dollars,6
GFSA.SCS05G06Z616113K,2011.06,1328,REVISED,"Central Government, Non-financial Assets Reconciliation, Fixed Assets",Government Financial Statistics - GFS,Non-financial assets,Fixed assets,Other fixed assets,Depreciation,,Dollars,6
GFSA.SCS05G06Z616113K,2012.06,1256,REVISED,"Central Government, Non-financial Assets Reconciliation, Fixed Assets",Government Financial Statistics - GFS,Non-financial assets,Fixed assets,Other fixed assets,Depreciation,,Dollars,6
GFSA.SCS05G06Z616113K,2013.06,1270,REVISED,"Central Government, Non-financial Assets Reconciliation, Fixed Assets",Government Financial Statistics - GFS,Non-financial assets,Fixed assets,Other fixed assets,Depreciation,,Dollars,6
GFSA.SCS05G06Z616113K,2014.06,1292,REVISED,"Central Government, Non-financial Assets Reconciliation, Fixed Assets",Government Financial Statistics - GFS,Non-financial assets,Fixed assets,Other fixed assets,Depreciation,,Dollars,6
GFSA.SCS05G06Z616113K,2015.06,1349,REVISED,"Central Government, Non-financial Assets Reconciliation, Fixed Assets",Government Financial Statistics - GFS,Non-financial assets,Fixed assets,Other fixed assets,Depreciation,,Dollars,6
GFSA.SCS05G06Z616113K,2016.06,1436,REVISED,"Central Government, Non-financial Assets Reconciliation, Fixed Assets",Government Financial Statistics - GFS,Non-financial assets,Fixed assets,Other fixed assets,Depreciation,,Dollars,6
GFSA.SCS05G06Z616113K,2017.06,1482,REVISED,"Central Government, Non-financial Assets Reconciliation, Fixed Assets",Government Financial Statistics - GFS,Non-financial assets,Fixed assets,Other fixed assets,Depreciation,,Dollars,6
GFSA.SCS05G06Z616113K,2018.06,1583,REVISED,"Central Government, Non-financial Assets Reconciliation, Fixed Assets",Government Financial Statistics - GFS,Non-financial assets,Fixed assets,Other fixed assets,Depreciation,,Dollars,6
GFSA.SCS05G06Z616113K,2019.06,1670,REVISED,"Central Government, Non-financial Assets Reconciliation, Fixed Assets",Government Financial Statistics - GFS,Non-financial assets,Fixed assets,Other fixed assets,Depreciation,,Dollars,6
GFSA.SCS05G06Z616113K,2020.06,1753,REVISED,"Central Government, Non-financial Assets Reconciliation, Fixed Assets",Government Financial Statistics - GFS,Non-financial assets,Fixed assets,Other fixed assets,Depreciation,,Dollars,6
GFSA.SCS05G06Z616113K,2021.06,1848,REVISED,"Central Government, Non-financial Assets Reconciliation, Fixed Assets",Government Financial Statistics - GFS,Non-financial assets,Fixed assets,Other fixed assets,Depreciation,,Dollars,6
GFSA.SCS05G06Z616113K,2022.06,1868,REVISED,"Central Government, Non-financial Assets Reconciliation, Fixed Assets",Government Financial Statistics - GFS,Non-financial assets,Fixed assets,Other fixed assets,Depreciation,,Dollars,6
GFSA.SCS05G06Z616113K,2023.06,1989,REVISED,"Central Government, Non-financial Assets Reconciliation, Fixed Assets",Government Financial Statistics - GFS,Non-financial assets,Fixed assets,Other fixed assets,Depreciation,,Dollars,6
GFSA.SCS05G06Z616113K,2024.06,2115,REVISED,"Central Government, Non-financial Assets Reconciliation, Fixed Assets",Government Financial Statistics - GFS,Non-financial assets,Fixed assets,Other fixed assets,Depreciation,,Dollars,6
GFSA.SCS05G06Z616113K,2025.06,2230,FINAL,"Central Government, Non-financial Assets Reconciliation, Fixed Assets",Government Financial Statistics - GFS,Non-financial assets,Fixed assets,Other fixed assets,Depreciation,,Dollars,6
GFSA.SCS05G06Z616113O,2009.06,-18,REVISED,"Central Government, Non-financial Assets Reconciliation, Fixed Assets",Government Financial Statistics - GFS,Non-financial assets,Fixed assets,Other fixed assets,Other economic flows,,Dollars,6
GFSA.SCS05G06Z616113O,2010.06,-63,REVISED,"Central Government, Non-financial Assets Reconciliation, Fixed Assets",Government Financial Statistics - GFS,Non-financial assets,Fixed assets,Other fixed assets,Other economic flows,,Dollars,6
GFSA.SCS05G06Z616113O,2011.06,385,REVISED,"Central Government, Non-financial Assets Reconciliation, Fixed Assets",Government Financial Statistics - GFS,Non-financial assets,Fixed assets,Other fixed assets,Other economic flows,,Dollars,6
GFSA.SCS05G06Z616113O,2012.06,134,REVISED,"Central Government, Non-financial Assets Reconciliation, Fixed Assets",Government Financial Statistics - GFS,Non-financial assets,Fixed assets,Other fixed assets,Other economic flows,,Dollars,6
GFSA.SCS05G06Z616113O,2013.06,88,REVISED,"Central Government, Non-financial Assets Reconciliation, Fixed Assets",Government Financial Statistics - GFS,Non-financial assets,Fixed assets,Other fixed assets,Other economic flows,,Dollars,6
GFSA.SCS05G06Z616113O,2014.06,25,REVISED,"Central Government, Non-financial Assets Reconciliation, Fixed Assets",Government Financial Statistics - GFS,Non-financial assets,Fixed assets,Other fixed assets,Other economic flows,,Dollars,6
GFSA.SCS05G06Z616113O,2015.06,8,REVISED,"Central Government, Non-financial Assets Reconciliation, Fixed Assets",Government Financial Statistics - GFS,Non-financial assets,Fixed assets,Other fixed assets,Other economic flows,,Dollars,6
GFSA.SCS05G06Z616113O,2016.06,204,REVISED,"Central Government, Non-financial Assets Reconciliation, Fixed Assets",Government Financial Statistics - GFS,Non-financial assets,Fixed assets,Other fixed assets,Other economic flows,,Dollars,6
GFSA.SCS05G06Z616113O,2017.06,69,REVISED,"Central Government, Non-financial Assets Reconciliation, Fixed Assets",Government Financial Statistics - GFS,Non-financial assets,Fixed assets,Other fixed assets,Other economic flows,,Dollars,6
GFSA.SCS05G06Z616113O,2018.06,215,REVISED,"Central Government, Non-financial Assets Reconciliation, Fixed Assets",Government Financial Statistics - GFS,Non-financial assets,Fixed assets,Other fixed assets,Other economic flows,,Dollars,6
GFSA.SCS05G06Z616113O,2019.06,225,REVISED,"Central Government, Non-financial Assets Reconciliation, Fixed Assets",Government Financial Statistics - GFS,Non-financial assets,Fixed assets,Other fixed assets,Other economic flows,,Dollars,6
GFSA.SCS05G06Z616113O,2020.06,-3,REVISED,"Central Government, Non-financial Assets Reconciliation, Fixed Assets",Government Financial Statistics - GFS,Non-financial assets,Fixed assets,Other fixed assets,Other economic flows,,Dollars,6
GFSA.SCS05G06Z616113O,2021.06,264,REVISED,"Central Government, Non-financial Assets Reconciliation, Fixed Assets",Government Financial Statistics - GFS,Non-financial assets,Fixed assets,Other fixed assets,Other economic flows,,Dollars,6
GFSA.SCS05G06Z616113O,2022.06,177,REVISED,"Central Government, Non-financial Assets Reconciliation, Fixed Assets",Government Financial Statistics - GFS,Non-financial assets,Fixed assets,Other fixed assets,Other economic flows,,Dollars,6
GFSA.SCS05G06Z616113O,2023.06,994,FINAL,"Central Government, Non-financial Assets Reconciliation, Fixed Assets",Government Financial Statistics - GFS,Non-financial assets,Fixed assets,Other fixed assets,Other economic flows,,Dollars,6
GFSA.SCS05G06Z616113O,2024.06,491,REVISED,"Central Government, Non-financial Assets Reconciliation, Fixed Assets",Government Financial Statistics - GFS,Non-financial assets,Fixed assets,Other fixed assets,Other economic flows,,Dollars,6
GFSA.SCS05G06Z616113O,2025.06,508,FINAL,"Central Government, Non-financial Assets Reconciliation, Fixed Assets",Government Financial Statistics - GFS,Non-financial assets,Fixed assets,Other fixed assets,Other economic flows,,Dollars,6
GFSA.SCS05G06Z616113Z,2008.06,6752,FINAL,"Central Government, Non-financial Assets Reconciliation, Fixed Assets",Government Financial Statistics - GFS,Non-financial assets,Fixed assets,Other fixed assets,Total,,Dollars,6
GFSA.SCS05G06Z616113Z,2009.06,7202,FINAL,"Central Government, Non-financial Assets Reconciliation, Fixed Assets",Government Financial Statistics - GFS,Non-financial assets,Fixed assets,Other fixed assets,Total,,Dollars,6
GFSA.SCS05G06Z616113Z,2010.06,7381,FINAL,"Central Government, Non-financial Assets Reconciliation, Fixed Assets",Government Financial Statistics - GFS,Non-financial assets,Fixed assets,Other fixed assets,Total,,Dollars,6
GFSA.SCS05G06Z616113Z,2011.06,7545,FINAL,"Central Government, Non-financial Assets Reconciliation, Fixed Assets",Government Financial Statistics - GFS,Non-financial assets,Fixed assets,Other fixed assets,Total,,Dollars,6
GFSA.SCS05G06Z616113Z,2012.06,7809,FINAL,"Central Government, Non-financial Assets Reconciliation, Fixed Assets",Government Financial Statistics - GFS,Non-financial assets,Fixed assets,Other fixed assets,Total,,Dollars,6
GFSA.SCS05G06Z616113Z,2013.06,8048,FINAL,"Central Government, Non-financial Assets Reconciliation, Fixed Assets",Government Financial Statistics - GFS,Non-financial assets,Fixed assets,Other fixed assets,Total,,Dollars,6
GFSA.SCS05G06Z616113Z,2014.06,8414,FINAL,"Central Government, Non-financial Assets Reconciliation, Fixed Assets",Government Financial Statistics - GFS,Non-financial assets,Fixed assets,Other fixed assets,Total,,Dollars,6
GFSA.SCS05G06Z616113Z,2015.06,8805,FINAL,"Central Government, Non-financial Assets Reconciliation, Fixed Assets",Government Financial Statistics - GFS,Non-financial assets,Fixed assets,Other fixed assets,Total,,Dollars,6
GFSA.SCS05G06Z616113Z,2016.06,9293,FINAL,"Central Government, Non-financial Assets Reconciliation, Fixed Assets",Government Financial Statistics - GFS,Non-financial assets,Fixed assets,Other fixed assets,Total,,Dollars,6
GFSA.SCS05G06Z616113Z,2017.06,9677,FINAL,"Central Government, Non-financial Assets Reconciliation, Fixed Assets",Government Financial Statistics - GFS,Non-financial assets,Fixed assets,Other fixed assets,Total,,Dollars,6
GFSA.SCS05G06Z616113Z,2018.06,10216,FINAL,"Central Government, Non-financial Assets Reconciliation, Fixed Assets",Government Financial Statistics - GFS,Non-financial assets,Fixed assets,Other fixed assets,Total,,Dollars,6
GFSA.SCS05G06Z616113Z,2019.06,10687,FINAL,"Central Government, Non-financial Assets Reconciliation, Fixed Assets",Government Financial Statistics - GFS,Non-financial assets,Fixed assets,Other fixed assets,Total,,Dollars,6
GFSA.SCS05G06Z616113Z,2020.06,10956,FINAL,"Central Government, Non-financial Assets Reconciliation, Fixed Assets",Government Financial Statistics - GFS,Non-financial assets,Fixed assets,Other fixed assets,Total,,Dollars,6
GFSA.SCS05G06Z616113Z,2021.06,11427,FINAL,"Central Government, Non-financial Assets Reconciliation, Fixed Assets",Government Financial Statistics - GFS,Non-financial assets,Fixed assets,Other fixed assets,Total,,Dollars,6
GFSA.SCS05G06Z616113Z,2022.06,11759,FINAL,"Central Government, Non-financial Assets Reconciliation, Fixed Assets",Government Financial Statistics - GFS,Non-financial assets,Fixed assets,Other fixed assets,Total,,Dollars,6
GFSA.SCS05G06Z616113Z,2023.06,12824,REVISED,"Central Government, Non-financial Assets Reconciliation, Fixed Assets",Government Financial Statistics - GFS,Non-financial assets,Fixed assets,Other fixed assets,Total,,Dollars,6
GFSA.SCS05G06Z616113Z,2024.06,13567,REVISED,"Central Government, Non-financial Assets Reconciliation, Fixed Assets",Government Financial Statistics - GFS,Non-financial assets,Fixed assets,Other fixed assets,Total,,Dollars,6
GFSA.SCS05G06Z616113Z,2025.06,14077,FINAL,"Central Government, Non-financial Assets Reconciliation, Fixed Assets",Government Financial Statistics - GFS,Non-financial assets,Fixed assets,Other fixed assets,Total,,Dollars,6
GFSA.SCS05G06Z616114A,2009.06,301,FINAL,"Central Government, Non-financial Assets Reconciliation, Fixed Assets",Government Financial Statistics - GFS,Non-financial assets,Fixed assets,Weapons systems,Additions,,Dollars,6
GFSA.SCS05G06Z616114A,2010.06,200,FINAL,"Central Government, Non-financial Assets Reconciliation, Fixed Assets",Government Financial Statistics - GFS,Non-financial assets,Fixed assets,Weapons systems,Additions,,Dollars,6
GFSA.SCS05G06Z616114A,2011.06,186,FINAL,"Central Government, Non-financial Assets Reconciliation, Fixed Assets",Government Financial Statistics - GFS,Non-financial assets,Fixed assets,Weapons systems,Additions,,Dollars,6
GFSA.SCS05G06Z616114A,2012.06,194,FINAL,"Central Government, Non-financial Assets Reconciliation, Fixed Assets",Government Financial Statistics - GFS,Non-financial assets,Fixed assets,Weapons systems,Additions,,Dollars,6
GFSA.SCS05G06Z616114A,2013.06,198,FINAL,"Central Government, Non-financial Assets Reconciliation, Fixed Assets",Government Financial Statistics - GFS,Non-financial assets,Fixed assets,Weapons systems,Additions,,Dollars,6
GFSA.SCS05G06Z616114A,2014.06,327,FINAL,"Central Government, Non-financial Assets Reconciliation, Fixed Assets",Government Financial Statistics - GFS,Non-financial assets,Fixed assets,Weapons systems,Additions,,Dollars,6
GFSA.SCS05G06Z616114A,2015.06,458,FINAL,"Central Government, Non-financial Assets Reconciliation, Fixed Assets",Government Financial Statistics - GFS,Non-financial assets,Fixed assets,Weapons systems,Additions,,Dollars,6
GFSA.SCS05G06Z616114A,2016.06,259,FINAL,"Central Government, Non-financial Assets Reconciliation, Fixed Assets",Government Financial Statistics - GFS,Non-financial assets,Fixed assets,Weapons systems,Additions,,Dollars,6
GFSA.SCS05G06Z616114A,2017.06,354,FINAL,"Central Government, Non-financial Assets Reconciliation, Fixed Assets",Government Financial Statistics - GFS,Non-financial assets,Fixed assets,Weapons systems,Additions,,Dollars,6
GFSA.SCS05G06Z616114A,2018.06,341,FINAL,"Central Government, Non-financial Assets Reconciliation, Fixed Assets",Government Financial Statistics - GFS,Non-financial assets,Fixed assets,Weapons systems,Additions,,Dollars,6
GFSA.SCS05G06Z616114A,2019.06,547,FINAL,"Central Government, Non-financial Assets Reconciliation, Fixed Assets",Government Financial Statistics - GFS,Non-financial assets,Fixed assets,Weapons systems,Additions,,Dollars,6
GFSA.SCS05G06Z616114A,2020.06,337,FINAL,"Central Government, Non-financial Assets Reconciliation, Fixed Assets",Government Financial Statistics - GFS,Non-financial assets,Fixed assets,Weapons systems,Additions,,Dollars,6
GFSA.SCS05G06Z616114A,2021.06,659,FINAL,"Central Government, Non-financial Assets Reconciliation, Fixed Assets",Government Financial Statistics - GFS,Non-financial assets,Fixed assets,Weapons systems,Additions,,Dollars,6
GFSA.SCS05G06Z616114A,2022.06,1016,FINAL,"Central Government, Non-financial Assets Reconciliation, Fixed Assets",Government Financial Statistics - GFS,Non-financial assets,Fixed assets,Weapons systems,Additions,,Dollars,6
GFSA.SCS05G06Z616114A,2023.06,1152,FINAL,"Central Government, Non-financial Assets Reconciliation, Fixed Assets",Government Financial Statistics - GFS,Non-financial assets,Fixed assets,Weapons systems,Additions,,Dollars,6
GFSA.SCS05G06Z616114A,2024.06,1137,FINAL,"Central Government, Non-financial Assets Reconciliation, Fixed Assets",Government Financial Statistics - GFS,Non-financial assets,Fixed assets,Weapons systems,Additions,,Dollars,6
GFSA.SCS05G06Z616114A,2025.06,460,FINAL,"Central Government, Non-financial Assets Reconciliation, Fixed Assets",Government Financial Statistics - GFS,Non-financial assets,Fixed assets,Weapons systems,Additions,,Dollars,6
GFSA.SCS05G06Z616114D,2009.06,16,FINAL,"Central Government, Non-financial Assets Reconciliation, Fixed Assets",Government Financial Statistics - GFS,Non-financial assets,Fixed assets,Weapons systems,Disposals,,Dollars,6
GFSA.SCS05G06Z616114D,2010.06,23,FINAL,"Central Government, Non-financial Assets Reconciliation, Fixed Assets",Government Financial Statistics - GFS,Non-financial assets,Fixed assets,Weapons systems,Disposals,,Dollars,6
GFSA.SCS05G06Z616114D,2011.06,42,FINAL,"Central Government, Non-financial Assets Reconciliation, Fixed Assets",Government Financial Statistics - GFS,Non-financial assets,Fixed assets,Weapons systems,Disposals,,Dollars,6
GFSA.SCS05G06Z616114D,2012.06,8,FINAL,"Central Government, Non-financial Assets Reconciliation, Fixed Assets",Government Financial Statistics - GFS,Non-financial assets,Fixed assets,Weapons systems,Disposals,,Dollars,6
GFSA.SCS05G06Z616114D,2013.06,20,FINAL,"Central Government, Non-financial Assets Reconciliation, Fixed Assets",Government Financial Statistics - GFS,Non-financial assets,Fixed assets,Weapons systems,Disposals,,Dollars,6
GFSA.SCS05G06Z616114D,2014.06,4,FINAL,"Central Government, Non-financial Assets Reconciliation, Fixed Assets",Government Financial Statistics - GFS,Non-financial assets,Fixed assets,Weapons systems,Disposals,,Dollars,6
GFSA.SCS05G06Z616114D,2015.06,3,FINAL,"Central Government, Non-financial Assets Reconciliation, Fixed Assets",Government Financial Statistics - GFS,Non-financial assets,Fixed assets,Weapons systems,Disposals,,Dollars,6
GFSA.SCS05G06Z616114D,2016.06,2,FINAL,"Central Government, Non-financial Assets Reconciliation, Fixed Assets",Government Financial Statistics - GFS,Non-financial assets,Fixed assets,Weapons systems,Disposals,,Dollars,6
GFSA.SCS05G06Z616114D,2017.06,24,FINAL,"Central Government, Non-financial Assets Reconciliation, Fixed Assets",Government Financial Statistics - GFS,Non-financial assets,Fixed assets,Weapons systems,Disposals,,Dollars,6
GFSA.SCS05G06Z616114D,2018.06,13,FINAL,"Central Government, Non-financial Assets Reconciliation, Fixed Assets",Government Financial Statistics - GFS,Non-financial assets,Fixed assets,Weapons systems,Disposals,,Dollars,6
GFSA.SCS05G06Z616114D,2019.06,4,FINAL,"Central Government, Non-financial Assets Reconciliation, Fixed Assets",Government Financial Statistics - GFS,Non-financial assets,Fixed assets,Weapons systems,Disposals,,Dollars,6
GFSA.SCS05G06Z616114D,2020.06,16,FINAL,"Central Government, Non-financial Assets Reconciliation, Fixed Assets",Government Financial Statistics - GFS,Non-financial assets,Fixed assets,Weapons systems,Disposals,,Dollars,6
GFSA.SCS05G06Z616114D,2021.06,4,FINAL,"Central Government, Non-financial Assets Reconciliation, Fixed Assets",Government Financial Statistics - GFS,Non-financial assets,Fixed assets,Weapons systems,Disposals,,Dollars,6
GFSA.SCS05G06Z616114D,2022.06,8,FINAL,"Central Government, Non-financial Assets Reconciliation, Fixed Assets",Government Financial Statistics - GFS,Non-financial assets,Fixed assets,Weapons systems,Disposals,,Dollars,6
GFSA.SCS05G06Z616114D,2023.06,27,FINAL,"Central Government, Non-financial Assets Reconciliation, Fixed Assets",Government Financial Statistics - GFS,Non-financial assets,Fixed assets,Weapons systems,Disposals,,Dollars,6
GFSA.SCS05G06Z616114D,2024.06,5,FINAL,"Central Government, Non-financial Assets Reconciliation, Fixed Assets",Government Financial Statistics - GFS,Non-financial assets,Fixed assets,Weapons systems,Disposals,,Dollars,6
GFSA.SCS05G06Z616114D,2025.06,331,FINAL,"Central Government, Non-financial Assets Reconciliation, Fixed Assets",Government Financial Statistics - GFS,Non-financial assets,Fixed assets,Weapons systems,Disposals,,Dollars,6
GFSA.SCS05G06Z616114K,2009.06,233,FINAL,"Central Government, Non-financial Assets Reconciliation, Fixed Assets",Government Financial Statistics - GFS,Non-financial assets,Fixed assets,Weapons systems,Depreciation,,Dollars,6
GFSA.SCS05G06Z616114K,2010.06,265,FINAL,"Central Government, Non-financial Assets Reconciliation, Fixed Assets",Government Financial Statistics - GFS,Non-financial assets,Fixed assets,Weapons systems,Depreciation,,Dollars,6
GFSA.SCS05G06Z616114K,2011.06,276,FINAL,"Central Government, Non-financial Assets Reconciliation, Fixed Assets",Government Financial Statistics - GFS,Non-financial assets,Fixed assets,Weapons systems,Depreciation,,Dollars,6
GFSA.SCS05G06Z616114K,2012.06,222,FINAL,"Central Government, Non-financial Assets Reconciliation, Fixed Assets",Government Financial Statistics - GFS,Non-financial assets,Fixed assets,Weapons systems,Depreciation,,Dollars,6
GFSA.SCS05G06Z616114K,2013.06,253,FINAL,"Central Government, Non-financial Assets Reconciliation, Fixed Assets",Government Financial Statistics - GFS,Non-financial assets,Fixed assets,Weapons systems,Depreciation,,Dollars,6
GFSA.SCS05G06Z616114K,2014.06,261,FINAL,"Central Government, Non-financial Assets Reconciliation, Fixed Assets",Government Financial Statistics - GFS,Non-financial assets,Fixed assets,Weapons systems,Depreciation,,Dollars,6
GFSA.SCS05G06Z616114K,2015.06,274,FINAL,"Central Government, Non-financial Assets Reconciliation, Fixed Assets",Government Financial Statistics - GFS,Non-financial assets,Fixed assets,Weapons systems,Depreciation,,Dollars,6
GFSA.SCS05G06Z616114K,2016.06,279,FINAL,"Central Government, Non-financial Assets Reconciliation, Fixed Assets",Government Financial Statistics - GFS,Non-financial assets,Fixed assets,Weapons systems,Depreciation,,Dollars,6
GFSA.SCS05G06Z616114K,2017.06,271,FINAL,"Central Government, Non-financial Assets Reconciliation, Fixed Assets",Government Financial Statistics - GFS,Non-financial assets,Fixed assets,Weapons systems,Depreciation,,Dollars,6
GFSA.SCS05G06Z616114K,2018.06,283,REVISED,"Central Government, Non-financial Assets Reconciliation, Fixed Assets",Government Financial Statistics - GFS,Non-financial assets,Fixed assets,Weapons systems,Depreciation,,Dollars,6
GFSA.SCS05G06Z616114K,2019.06,312,FINAL,"Central Government, Non-financial Assets Reconciliation, Fixed Assets",Government Financial Statistics - GFS,Non-financial assets,Fixed assets,Weapons systems,Depreciation,,Dollars,6
GFSA.SCS05G06Z616114K,2020.06,326,FINAL,"Central Government, Non-financial Assets Reconciliation, Fixed Assets",Government Financial Statistics - GFS,Non-financial assets,Fixed assets,Weapons systems,Depreciation,,Dollars,6
GFSA.SCS05G06Z616114K,2021.06,333,FINAL,"Central Government, Non-financial Assets Reconciliation, Fixed Assets",Government Financial Statistics - GFS,Non-financial assets,Fixed assets,Weapons systems,Depreciation,,Dollars,6
GFSA.SCS05G06Z616114K,2022.06,379,FINAL,"Central Government, Non-financial Assets Reconciliation, Fixed Assets",Government Financial Statistics - GFS,Non-financial assets,Fixed assets,Weapons systems,Depreciation,,Dollars,6
GFSA.SCS05G06Z616114K,2023.06,324,FINAL,"Central Government, Non-financial Assets Reconciliation, Fixed Assets",Government Financial Statistics - GFS,Non-financial assets,Fixed assets,Weapons systems,Depreciation,,Dollars,6
GFSA.SCS05G06Z616114K,2024.06,373,FINAL,"Central Government, Non-financial Assets Reconciliation, Fixed Assets",Government Financial Statistics - GFS,Non-financial assets,Fixed assets,Weapons systems,Depreciation,,Dollars,6
GFSA.SCS05G06Z616114K,2025.06,421,FINAL,"Central Government, Non-financial Assets Reconciliation, Fixed Assets",Government Financial Statistics - GFS,Non-financial assets,Fixed assets,Weapons systems,Depreciation,,Dollars,6
GFSA.SCS05G06Z616114O,2009.06,576,FINAL,"Central Government, Non-financial Assets Reconciliation, Fixed Assets",Government Financial Statistics - GFS,Non-financial assets,Fixed assets,Weapons systems,Other economic flows,,Dollars,6
GFSA.SCS05G06Z616114O,2010.06,-402,FINAL,"Central Government, Non-financial Assets Reconciliation, Fixed Assets",Government Financial Statistics - GFS,Non-financial assets,Fixed assets,Weapons systems,Other economic flows,,Dollars,6
GFSA.SCS05G06Z616114O,2011.06,38,FINAL,"Central Government, Non-financial Assets Reconciliation, Fixed Assets",Government Financial Statistics - GFS,Non-financial assets,Fixed assets,Weapons systems,Other economic flows,,Dollars,6
GFSA.SCS05G06Z616114O,2012.06,-17,FINAL,"Central Government, Non-financial Assets Reconciliation, Fixed Assets",Government Financial Statistics - GFS,Non-financial assets,Fixed assets,Weapons systems,Other economic flows,,Dollars,6
GFSA.SCS05G06Z616114O,2013.06,-78,FINAL,"Central Government, Non-financial Assets Reconciliation, Fixed Assets",Government Financial Statistics - GFS,Non-financial assets,Fixed assets,Weapons systems,Other economic flows,,Dollars,6
GFSA.SCS05G06Z616114O,2014.06,-200,FINAL,"Central Government, Non-financial Assets Reconciliation, Fixed Assets",Government Financial Statistics - GFS,Non-financial assets,Fixed assets,Weapons systems,Other economic flows,,Dollars,6
GFSA.SCS05G06Z616114O,2015.06,8,FINAL,"Central Government, Non-financial Assets Reconciliation, Fixed Assets",Government Financial Statistics - GFS,Non-financial assets,Fixed assets,Weapons systems,Other economic flows,,Dollars,6
GFSA.SCS05G06Z616114O,2016.06,13,FINAL,"Central Government, Non-financial Assets Reconciliation, Fixed Assets",Government Financial Statistics - GFS,Non-financial assets,Fixed assets,Weapons systems,Other economic flows,,Dollars,6
GFSA.SCS05G06Z616114O,2017.06,18,FINAL,"Central Government, Non-financial Assets Reconciliation, Fixed Assets",Government Financial Statistics - GFS,Non-financial assets,Fixed assets,Weapons systems,Other economic flows,,Dollars,6
GFSA.SCS05G06Z616114O,2018.06,-7,FINAL,"Central Government, Non-financial Assets Reconciliation, Fixed Assets",Government Financial Statistics - GFS,Non-financial assets,Fixed assets,Weapons systems,Other economic flows,,Dollars,6
GFSA.SCS05G06Z616114O,2019.06,-19,FINAL,"Central Government, Non-financial Assets Reconciliation, Fixed Assets",Government Financial Statistics - GFS,Non-financial assets,Fixed assets,Weapons systems,Other economic flows,,Dollars,6
GFSA.SCS05G06Z616114O,2020.06,-51,FINAL,"Central Government, Non-financial Assets Reconciliation, Fixed Assets",Government Financial Statistics - GFS,Non-financial assets,Fixed assets,Weapons systems,Other economic flows,,Dollars,6
GFSA.SCS05G06Z616114O,2021.06,-12,FINAL,"Central Government, Non-financial Assets Reconciliation, Fixed Assets",Government Financial Statistics - GFS,Non-financial assets,Fixed assets,Weapons systems,Other economic flows,,Dollars,6
GFSA.SCS05G06Z616114O,2022.06,15,FINAL,"Central Government, Non-financial Assets Reconciliation, Fixed Assets",Government Financial Statistics - GFS,Non-financial assets,Fixed assets,Weapons systems,Other economic flows,,Dollars,6
GFSA.SCS05G06Z616114O,2023.06,-130,FINAL,"Central Government, Non-financial Assets Reconciliation, Fixed Assets",Government Financial Statistics - GFS,Non-financial assets,Fixed assets,Weapons systems,Other economic flows,,Dollars,6
GFSA.SCS05G06Z616114O,2024.06,-24,FINAL,"Central Government, Non-financial Assets Reconciliation, Fixed Assets",Government Financial Statistics - GFS,Non-financial assets,Fixed assets,Weapons systems,Other economic flows,,Dollars,6
GFSA.SCS05G06Z616114O,2025.06,208,FINAL,"Central Government, Non-financial Assets Reconciliation, Fixed Assets",Government Financial Statistics - GFS,Non-financial assets,Fixed assets,Weapons systems,Other economic flows,,Dollars,6
GFSA.SCS05G06Z616114Z,2008.06,3188,FINAL,"Central Government, Non-financial Assets Reconciliation, Fixed Assets",Government Financial Statistics - GFS,Non-financial assets,Fixed assets,Weapons systems,Total,,Dollars,6
GFSA.SCS05G06Z616114Z,2009.06,3816,FINAL,"Central Government, Non-financial Assets Reconciliation, Fixed Assets",Government Financial Statistics - GFS,Non-financial assets,Fixed assets,Weapons systems,Total,,Dollars,6
GFSA.SCS05G06Z616114Z,2010.06,3326,FINAL,"Central Government, Non-financial Assets Reconciliation, Fixed Assets",Government Financial Statistics - GFS,Non-financial assets,Fixed assets,Weapons systems,Total,,Dollars,6
GFSA.SCS05G06Z616114Z,2011.06,3233,FINAL,"Central Government, Non-financial Assets Reconciliation, Fixed Assets",Government Financial Statistics - GFS,Non-financial assets,Fixed assets,Weapons systems,Total,,Dollars,6
GFSA.SCS05G06Z616114Z,2012.06,3181,FINAL,"Central Government, Non-financial Assets Reconciliation, Fixed Assets",Government Financial Statistics - GFS,Non-financial assets,Fixed assets,Weapons systems,Total,,Dollars,6
GFSA.SCS05G06Z616114Z,2013.06,3028,FINAL,"Central Government, Non-financial Assets Reconciliation, Fixed Assets",Government Financial Statistics - GFS,Non-financial assets,Fixed assets,Weapons systems,Total,,Dollars,6
GFSA.SCS05G06Z616114Z,2014.06,2891,FINAL,"Central Government, Non-financial Assets Reconciliation, Fixed Assets",Government Financial Statistics - GFS,Non-financial assets,Fixed assets,Weapons systems,Total,,Dollars,6
GFSA.SCS05G06Z616114Z,2015.06,3080,FINAL,"Central Government, Non-financial Assets Reconciliation, Fixed Assets",Government Financial Statistics - GFS,Non-financial assets,Fixed assets,Weapons systems,Total,,Dollars,6
GFSA.SCS05G06Z616114Z,2016.06,3070,FINAL,"Central Government, Non-financial Assets Reconciliation, Fixed Assets",Government Financial Statistics - GFS,Non-financial assets,Fixed assets,Weapons systems,Total,,Dollars,6
GFSA.SCS05G06Z616114Z,2017.06,3147,FINAL,"Central Government, Non-financial Assets Reconciliation, Fixed Assets",Government Financial Statistics - GFS,Non-financial assets,Fixed assets,Weapons systems,Total,,Dollars,6
GFSA.SCS05G06Z616114Z,2018.06,3184,FINAL,"Central Government, Non-financial Assets Reconciliation, Fixed Assets",Government Financial Statistics - GFS,Non-financial assets,Fixed assets,Weapons systems,Total,,Dollars,6
GFSA.SCS05G06Z616114Z,2019.06,3396,FINAL,"Central Government, Non-financial Assets Reconciliation, Fixed Assets",Government Financial Statistics - GFS,Non-financial assets,Fixed assets,Weapons systems,Total,,Dollars,6
GFSA.SCS05G06Z616114Z,2020.06,3339,FINAL,"Central Government, Non-financial Assets Reconciliation, Fixed Assets",Government Financial Statistics - GFS,Non-financial assets,Fixed assets,Weapons systems,Total,,Dollars,6
GFSA.SCS05G06Z616114Z,2021.06,3649,FINAL,"Central Government, Non-financial Assets Reconciliation, Fixed Assets",Government Financial Statistics - GFS,Non-financial assets,Fixed assets,Weapons systems,Total,,Dollars,6
GFSA.SCS05G06Z616114Z,2022.06,4293,FINAL,"Central Government, Non-financial Assets Reconciliation, Fixed Assets",Government Financial Statistics - GFS,Non-financial assets,Fixed assets,Weapons systems,Total,,Dollars,6
GFSA.SCS05G06Z616114Z,2023.06,4964,FINAL,"Central Government, Non-financial Assets Reconciliation, Fixed Assets",Government Financial Statistics - GFS,Non-financial assets,Fixed assets,Weapons systems,Total,,Dollars,6
GFSA.SCS05G06Z616114Z,2024.06,5699,FINAL,"Central Government, Non-financial Assets Reconciliation, Fixed Assets",Government Financial Statistics - GFS,Non-financial assets,Fixed assets,Weapons systems,Total,,Dollars,6
GFSA.SCS05G06Z616114Z,2025.06,5614,FINAL,"Central Government, Non-financial Assets Reconciliation, Fixed Assets",Government Financial Statistics - GFS,Non-financial assets,Fixed assets,Weapons systems,Total,,Dollars,6
GFSA.SCS05G07Z616141A,2009.06,186,FINAL,"Central Government, Non-financial Assets Reconciliation, Non-produced Assets",Government Financial Statistics - GFS,Non-financial assets,Non-produced assets,Land,Additions,,Dollars,6
GFSA.SCS05G07Z616141A,2010.06,174,FINAL,"Central Government, Non-financial Assets Reconciliation, Non-produced Assets",Government Financial Statistics - GFS,Non-financial assets,Non-produced assets,Land,Additions,,Dollars,6
GFSA.SCS05G07Z616141A,2011.06,87,FINAL,"Central Government, Non-financial Assets Reconciliation, Non-produced Assets",Government Financial Statistics - GFS,Non-financial assets,Non-produced assets,Land,Additions,,Dollars,6
GFSA.SCS05G07Z616141A,2012.06,105,FINAL,"Central Government, Non-financial Assets Reconciliation, Non-produced Assets",Government Financial Statistics - GFS,Non-financial assets,Non-produced assets,Land,Additions,,Dollars,6
GFSA.SCS05G07Z616141A,2013.06,308,FINAL,"Central Government, Non-financial Assets Reconciliation, Non-produced Assets",Government Financial Statistics - GFS,Non-financial assets,Non-produced assets,Land,Additions,,Dollars,6
GFSA.SCS05G07Z616141A,2014.06,532,FINAL,"Central Government, Non-financial Assets Reconciliation, Non-produced Assets",Government Financial Statistics - GFS,Non-financial assets,Non-produced assets,Land,Additions,,Dollars,6
GFSA.SCS05G07Z616141A,2015.06,181,FINAL,"Central Government, Non-financial Assets Reconciliation, Non-produced Assets",Government Financial Statistics - GFS,Non-financial assets,Non-produced assets,Land,Additions,,Dollars,6
GFSA.SCS05G07Z616141A,2016.06,498,FINAL,"Central Government, Non-financial Assets Reconciliation, Non-produced Assets",Government Financial Statistics - GFS,Non-financial assets,Non-produced assets,Land,Additions,,Dollars,6
GFSA.SCS05G07Z616141A,2017.06,385,FINAL,"Central Government, Non-financial Assets Reconciliation, Non-produced Assets",Government Financial Statistics - GFS,Non-financial assets,Non-produced assets,Land,Additions,,Dollars,6
GFSA.SCS05G07Z616141A,2018.06,646,FINAL,"Central Government, Non-financial Assets Reconciliation, Non-produced Assets",Government Financial Statistics - GFS,Non-financial assets,Non-produced assets,Land,Additions,,Dollars,6
GFSA.SCS05G07Z616141A,2019.06,499,FINAL,"Central Government, Non-financial Assets Reconciliation, Non-produced Assets",Government Financial Statistics - GFS,Non-financial assets,Non-produced assets,Land,Additions,,Dollars,6
GFSA.SCS05G07Z616141A,2020.06,440,FINAL,"Central Government, Non-financial Assets Reconciliation, Non-produced Assets",Government Financial Statistics - GFS,Non-financial assets,Non-produced assets,Land,Additions,,Dollars,6
GFSA.SCS05G07Z616141A,2021.06,342,FINAL,"Central Government, Non-financial Assets Reconciliation, Non-produced Assets",Government Financial Statistics - GFS,Non-financial assets,Non-produced assets,Land,Additions,,Dollars,6
GFSA.SCS05G07Z616141A,2022.06,387,REVISED,"Central Government, Non-financial Assets Reconciliation, Non-produced Assets",Government Financial Statistics - GFS,Non-financial assets,Non-produced assets,Land,Additions,,Dollars,6
GFSA.SCS05G07Z616141A,2023.06,524,REVISED,"Central Government, Non-financial Assets Reconciliation, Non-produced Assets",Government Financial Statistics - GFS,Non-financial assets,Non-produced assets,Land,Additions,,Dollars,6
GFSA.SCS05G07Z616141A,2024.06,448,REVISED,"Central Government, Non-financial Assets Reconciliation, Non-produced Assets",Government Financial Statistics - GFS,Non-financial assets,Non-produced assets,Land,Additions,,Dollars,6
GFSA.SCS05G07Z616141A,2025.06,606,FINAL,"Central Government, Non-financial Assets Reconciliation, Non-produced Assets",Government Financial Statistics - GFS,Non-financial assets,Non-produced assets,Land,Additions,,Dollars,6
GFSA.SCS05G07Z616141D,2009.06,374,FINAL,"Central Government, Non-financial Assets Reconciliation, Non-produced Assets",Government Financial Statistics - GFS,Non-financial assets,Non-produced assets,Land,Disposals,,Dollars,6
GFSA.SCS05G07Z616141D,2010.06,73,FINAL,"Central Government, Non-financial Assets Reconciliation, Non-produced Assets",Government Financial Statistics - GFS,Non-financial assets,Non-produced assets,Land,Disposals,,Dollars,6
GFSA.SCS05G07Z616141D,2011.06,89,FINAL,"Central Government, Non-financial Assets Reconciliation, Non-produced Assets",Government Financial Statistics - GFS,Non-financial assets,Non-produced assets,Land,Disposals,,Dollars,6
GFSA.SCS05G07Z616141D,2012.06,132,FINAL,"Central Government, Non-financial Assets Reconciliation, Non-produced Assets",Government Financial Statistics - GFS,Non-financial assets,Non-produced assets,Land,Disposals,,Dollars,6
GFSA.SCS05G07Z616141D,2013.06,233,FINAL,"Central Government, Non-financial Assets Reconciliation, Non-produced Assets",Government Financial Statistics - GFS,Non-financial assets,Non-produced assets,Land,Disposals,,Dollars,6
GFSA.SCS05G07Z616141D,2014.06,197,FINAL,"Central Government, Non-financial Assets Reconciliation, Non-produced Assets",Government Financial Statistics - GFS,Non-financial assets,Non-produced assets,Land,Disposals,,Dollars,6
GFSA.SCS05G07Z616141D,2015.06,182,FINAL,"Central Government, Non-financial Assets Reconciliation, Non-produced Assets",Government Financial Statistics - GFS,Non-financial assets,Non-produced assets,Land,Disposals,,Dollars,6
GFSA.SCS05G07Z616141D,2016.06,188,FINAL,"Central Government, Non-financial Assets Reconciliation, Non-produced Assets",Government Financial Statistics - GFS,Non-financial assets,Non-produced assets,Land,Disposals,,Dollars,6
GFSA.SCS05G07Z616141D,2017.06,174,FINAL,"Central Government, Non-financial Assets Reconciliation, Non-produced Assets",Government Financial Statistics - GFS,Non-financial assets,Non-produced assets,Land,Disposals,,Dollars,6
GFSA.SCS05G07Z616141D,2018.06,151,FINAL,"Central Government, Non-financial Assets Reconciliation, Non-produced Assets",Government Financial Statistics - GFS,Non-financial assets,Non-produced assets,Land,Disposals,,Dollars,6
GFSA.SCS05G07Z616141D,2019.06,96,FINAL,"Central Government, Non-financial Assets Reconciliation, Non-produced Assets",Government Financial Statistics - GFS,Non-financial assets,Non-produced assets,Land,Disposals,,Dollars,6
GFSA.SCS05G07Z616141D,2020.06,174,FINAL,"Central Government, Non-financial Assets Reconciliation, Non-produced Assets",Government Financial Statistics - GFS,Non-financial assets,Non-produced assets,Land,Disposals,,Dollars,6
GFSA.SCS05G07Z616141D,2021.06,119,FINAL,"Central Government, Non-financial Assets Reconciliation, Non-produced Assets",Government Financial Statistics - GFS,Non-financial assets,Non-produced assets,Land,Disposals,,Dollars,6
GFSA.SCS05G07Z616141D,2022.06,122,REVISED,"Central Government, Non-financial Assets Reconciliation, Non-produced Assets",Government Financial Statistics - GFS,Non-financial assets,Non-produced assets,Land,Disposals,,Dollars,6
GFSA.SCS05G07Z616141D,2023.06,68,REVISED,"Central Government, Non-financial Assets Reconciliation, Non-produced Assets",Government Financial Statistics - GFS,Non-financial assets,Non-produced assets,Land,Disposals,,Dollars,6
GFSA.SCS05G07Z616141D,2024.06,115,REVISED,"Central Government, Non-financial Assets Reconciliation, Non-produced Assets",Government Financial Statistics - GFS,Non-financial assets,Non-produced assets,Land,Disposals,,Dollars,6
GFSA.SCS05G07Z616141D,2025.06,72,FINAL,"Central Government, Non-financial Assets Reconciliation, Non-produced Assets",Government Financial Statistics - GFS,Non-financial assets,Non-produced assets,Land,Disposals,,Dollars,6
GFSA.SCS05G07Z616141K,2009.06,0,FINAL,"Central Government, Non-financial Assets Reconciliation, Non-produced Assets",Government Financial Statistics - GFS,Non-financial assets,Non-produced assets,Land,Depreciation,,Dollars,6
GFSA.SCS05G07Z616141K,2010.06,0,FINAL,"Central Government, Non-financial Assets Reconciliation, Non-produced Assets",Government Financial Statistics - GFS,Non-financial assets,Non-produced assets,Land,Depreciation,,Dollars,6
GFSA.SCS05G07Z616141K,2011.06,0,FINAL,"Central Government, Non-financial Assets Reconciliation, Non-produced Assets",Government Financial Statistics - GFS,Non-financial assets,Non-produced assets,Land,Depreciation,,Dollars,6
GFSA.SCS05G07Z616141K,2012.06,0,FINAL,"Central Government, Non-financial Assets Reconciliation, Non-produced Assets",Government Financial Statistics - GFS,Non-financial assets,Non-produced assets,Land,Depreciation,,Dollars,6
GFSA.SCS05G07Z616141K,2013.06,0,FINAL,"Central Government, Non-financial Assets Reconciliation, Non-produced Assets",Government Financial Statistics - GFS,Non-financial assets,Non-produced assets,Land,Depreciation,,Dollars,6
GFSA.SCS05G07Z616141K,2014.06,0,FINAL,"Central Government, Non-financial Assets Reconciliation, Non-produced Assets",Government Financial Statistics - GFS,Non-financial assets,Non-produced assets,Land,Depreciation,,Dollars,6
GFSA.SCS05G07Z616141K,2015.06,0,FINAL,"Central Government, Non-financial Assets Reconciliation, Non-produced Assets",Government Financial Statistics - GFS,Non-financial assets,Non-produced assets,Land,Depreciation,,Dollars,6
GFSA.SCS05G07Z616141K,2016.06,0,FINAL,"Central Government, Non-financial Assets Reconciliation, Non-produced Assets",Government Financial Statistics - GFS,Non-financial assets,Non-produced assets,Land,Depreciation,,Dollars,6
GFSA.SCS05G07Z616141K,2017.06,0,FINAL,"Central Government, Non-financial Assets Reconciliation, Non-produced Assets",Government Financial Statistics - GFS,Non-financial assets,Non-produced assets,Land,Depreciation,,Dollars,6
GFSA.SCS05G07Z616141K,2018.06,0,FINAL,"Central Government, Non-financial Assets Reconciliation, Non-produced Assets",Government Financial Statistics - GFS,Non-financial assets,Non-produced assets,Land,Depreciation,,Dollars,6
GFSA.SCS05G07Z616141K,2019.06,0,FINAL,"Central Government, Non-financial Assets Reconciliation, Non-produced Assets",Government Financial Statistics - GFS,Non-financial assets,Non-produced assets,Land,Depreciation,,Dollars,6
GFSA.SCS05G07Z616141K,2020.06,0,FINAL,"Central Government, Non-financial Assets Reconciliation, Non-produced Assets",Government Financial Statistics - GFS,Non-financial assets,Non-produced assets,Land,Depreciation,,Dollars,6
GFSA.SCS05G07Z616141K,2021.06,0,FINAL,"Central Government, Non-financial Assets Reconciliation, Non-produced Assets",Government Financial Statistics - GFS,Non-financial assets,Non-produced assets,Land,Depreciation,,Dollars,6
GFSA.SCS05G07Z616141K,2022.06,0,FINAL,"Central Government, Non-financial Assets Reconciliation, Non-produced Assets",Government Financial Statistics - GFS,Non-financial assets,Non-produced assets,Land,Depreciation,,Dollars,6
GFSA.SCS05G07Z616141K,2023.06,0,FINAL,"Central Government, Non-financial Assets Reconciliation, Non-produced Assets",Government Financial Statistics - GFS,Non-financial assets,Non-produced assets,Land,Depreciation,,Dollars,6
GFSA.SCS05G07Z616141K,2024.06,0,FINAL,"Central Government, Non-financial Assets Reconciliation, Non-produced Assets",Government Financial Statistics - GFS,Non-financial assets,Non-produced assets,Land,Depreciation,,Dollars,6
GFSA.SCS05G07Z616141K,2025.06,0,FINAL,"Central Government, Non-financial Assets Reconciliation, Non-produced Assets",Government Financial Statistics - GFS,Non-financial assets,Non-produced assets,Land,Depreciation,,Dollars,6
GFSA.SCS05G07Z616141O,2009.06,2411,FINAL,"Central Government, Non-financial Assets Reconciliation, Non-produced Assets",Government Financial Statistics - GFS,Non-financial assets,Non-produced assets,Land,Other economic flows,,Dollars,6
GFSA.SCS05G07Z616141O,2010.06,-387,FINAL,"Central Government, Non-financial Assets Reconciliation, Non-produced Assets",Government Financial Statistics - GFS,Non-financial assets,Non-produced assets,Land,Other economic flows,,Dollars,6
GFSA.SCS05G07Z616141O,2011.06,-656,FINAL,"Central Government, Non-financial Assets Reconciliation, Non-produced Assets",Government Financial Statistics - GFS,Non-financial assets,Non-produced assets,Land,Other economic flows,,Dollars,6
GFSA.SCS05G07Z616141O,2012.06,-173,FINAL,"Central Government, Non-financial Assets Reconciliation, Non-produced Assets",Government Financial Statistics - GFS,Non-financial assets,Non-produced assets,Land,Other economic flows,,Dollars,6
GFSA.SCS05G07Z616141O,2013.06,-17,FINAL,"Central Government, Non-financial Assets Reconciliation, Non-produced Assets",Government Financial Statistics - GFS,Non-financial assets,Non-produced assets,Land,Other economic flows,,Dollars,6
GFSA.SCS05G07Z616141O,2014.06,1168,FINAL,"Central Government, Non-financial Assets Reconciliation, Non-produced Assets",Government Financial Statistics - GFS,Non-financial assets,Non-produced assets,Land,Other economic flows,,Dollars,6
GFSA.SCS05G07Z616141O,2015.06,1113,FINAL,"Central Government, Non-financial Assets Reconciliation, Non-produced Assets",Government Financial Statistics - GFS,Non-financial assets,Non-produced assets,Land,Other economic flows,,Dollars,6
GFSA.SCS05G07Z616141O,2016.06,1683,FINAL,"Central Government, Non-financial Assets Reconciliation, Non-produced Assets",Government Financial Statistics - GFS,Non-financial assets,Non-produced assets,Land,Other economic flows,,Dollars,6
GFSA.SCS05G07Z616141O,2017.06,2535,FINAL,"Central Government, Non-financial Assets Reconciliation, Non-produced Assets",Government Financial Statistics - GFS,Non-financial assets,Non-produced assets,Land,Other economic flows,,Dollars,6
GFSA.SCS05G07Z616141O,2018.06,2164,FINAL,"Central Government, Non-financial Assets Reconciliation, Non-produced Assets",Government Financial Statistics - GFS,Non-financial assets,Non-produced assets,Land,Other economic flows,,Dollars,6
GFSA.SCS05G07Z616141O,2019.06,2290,FINAL,"Central Government, Non-financial Assets Reconciliation, Non-produced Assets",Government Financial Statistics - GFS,Non-financial assets,Non-produced assets,Land,Other economic flows,,Dollars,6
GFSA.SCS05G07Z616141O,2020.06,724,FINAL,"Central Government, Non-financial Assets Reconciliation, Non-produced Assets",Government Financial Statistics - GFS,Non-financial assets,Non-produced assets,Land,Other economic flows,,Dollars,6
GFSA.SCS05G07Z616141O,2021.06,6356,FINAL,"Central Government, Non-financial Assets Reconciliation, Non-produced Assets",Government Financial Statistics - GFS,Non-financial assets,Non-produced assets,Land,Other economic flows,,Dollars,6
GFSA.SCS05G07Z616141O,2022.06,6972,FINAL,"Central Government, Non-financial Assets Reconciliation, Non-produced Assets",Government Financial Statistics - GFS,Non-financial assets,Non-produced assets,Land,Other economic flows,,Dollars,6
GFSA.SCS05G07Z616141O,2023.06,-1674,FINAL,"Central Government, Non-financial Assets Reconciliation, Non-produced Assets",Government Financial Statistics - GFS,Non-financial assets,Non-produced assets,Land,Other economic flows,,Dollars,6
GFSA.SCS05G07Z616141O,2024.06,950,REVISED,"Central Government, Non-financial Assets Reconciliation, Non-produced Assets",Government Financial Statistics - GFS,Non-financial assets,Non-produced assets,Land,Other economic flows,,Dollars,6
GFSA.SCS05G07Z616141O,2025.06,1386,FINAL,"Central Government, Non-financial Assets Reconciliation, Non-produced Assets",Government Financial Statistics - GFS,Non-financial assets,Non-produced assets,Land,Other economic flows,,Dollars,6
GFSA.SCS05G07Z616141Z,2008.06,20747,FINAL,"Central Government, Non-financial Assets Reconciliation, Non-produced Assets",Government Financial Statistics - GFS,Non-financial assets,Non-produced assets,Land,Total,,Dollars,6
GFSA.SCS05G07Z616141Z,2009.06,22970,FINAL,"Central Government, Non-financial Assets Reconciliation, Non-produced Assets",Government Financial Statistics - GFS,Non-financial assets,Non-produced assets,Land,Total,,Dollars,6
GFSA.SCS05G07Z616141Z,2010.06,22684,FINAL,"Central Government, Non-financial Assets Reconciliation, Non-produced Assets",Government Financial Statistics - GFS,Non-financial assets,Non-produced assets,Land,Total,,Dollars,6
GFSA.SCS05G07Z616141Z,2011.06,22027,FINAL,"Central Government, Non-financial Assets Reconciliation, Non-produced Assets",Government Financial Statistics - GFS,Non-financial assets,Non-produced assets,Land,Total,,Dollars,6
GFSA.SCS05G07Z616141Z,2012.06,21826,FINAL,"Central Government, Non-financial Assets Reconciliation, Non-produced Assets",Government Financial Statistics - GFS,Non-financial assets,Non-produced assets,Land,Total,,Dollars,6
GFSA.SCS05G07Z616141Z,2013.06,21883,FINAL,"Central Government, Non-financial Assets Reconciliation, Non-produced Assets",Government Financial Statistics - GFS,Non-financial assets,Non-produced assets,Land,Total,,Dollars,6
GFSA.SCS05G07Z616141Z,2014.06,23386,FINAL,"Central Government, Non-financial Assets Reconciliation, Non-produced Assets",Government Financial Statistics - GFS,Non-financial assets,Non-produced assets,Land,Total,,Dollars,6
GFSA.SCS05G07Z616141Z,2015.06,24498,FINAL,"Central Government, Non-financial Assets Reconciliation, Non-produced Assets",Government Financial Statistics - GFS,Non-financial assets,Non-produced assets,Land,Total,,Dollars,6
GFSA.SCS05G07Z616141Z,2016.06,26492,FINAL,"Central Government, Non-financial Assets Reconciliation, Non-produced Assets",Government Financial Statistics - GFS,Non-financial assets,Non-produced assets,Land,Total,,Dollars,6
GFSA.SCS05G07Z616141Z,2017.06,29238,FINAL,"Central Government, Non-financial Assets Reconciliation, Non-produced Assets",Government Financial Statistics - GFS,Non-financial assets,Non-produced assets,Land,Total,,Dollars,6
GFSA.SCS05G07Z616141Z,2018.06,31895,FINAL,"Central Government, Non-financial Assets Reconciliation, Non-produced Assets",Government Financial Statistics - GFS,Non-financial assets,Non-produced assets,Land,Total,,Dollars,6
GFSA.SCS05G07Z616141Z,2019.06,34587,FINAL,"Central Government, Non-financial Assets Reconciliation, Non-produced Assets",Government Financial Statistics - GFS,Non-financial assets,Non-produced assets,Land,Total,,Dollars,6
GFSA.SCS05G07Z616141Z,2020.06,35578,FINAL,"Central Government, Non-financial Assets Reconciliation, Non-produced Assets",Government Financial Statistics - GFS,Non-financial assets,Non-produced assets,Land,Total,,Dollars,6
GFSA.SCS05G07Z616141Z,2021.06,42157,FINAL,"Central Government, Non-financial Assets Reconciliation, Non-produced Assets",Government Financial Statistics - GFS,Non-financial assets,Non-produced assets,Land,Total,,Dollars,6
GFSA.SCS05G07Z616141Z,2022.06,49394,FINAL,"Central Government, Non-financial Assets Reconciliation, Non-produced Assets",Government Financial Statistics - GFS,Non-financial assets,Non-produced assets,Land,Total,,Dollars,6
GFSA.SCS05G07Z616141Z,2023.06,48177,FINAL,"Central Government, Non-financial Assets Reconciliation, Non-produced Assets",Government Financial Statistics - GFS,Non-financial assets,Non-produced assets,Land,Total,,Dollars,6
GFSA.SCS05G07Z616141Z,2024.06,49460,REVISED,"Central Government, Non-financial Assets Reconciliation, Non-produced Assets",Government Financial Statistics - GFS,Non-financial assets,Non-produced assets,Land,Total,,Dollars,6
GFSA.SCS05G07Z616141Z,2025.06,51380,FINAL,"Central Government, Non-financial Assets Reconciliation, Non-produced Assets",Government Financial Statistics - GFS,Non-financial assets,Non-produced assets,Land,Total,,Dollars,6
GFSA.SCS05G07Z616144A,2009.06,0,FINAL,"Central Government, Non-financial Assets Reconciliation, Non-produced Assets",Government Financial Statistics - GFS,Non-financial assets,Non-produced assets,Intangible non-produced assets,Additions,,Dollars,6
GFSA.SCS05G07Z616144A,2010.06,0,FINAL,"Central Government, Non-financial Assets Reconciliation, Non-produced Assets",Government Financial Statistics - GFS,Non-financial assets,Non-produced assets,Intangible non-produced assets,Additions,,Dollars,6
GFSA.SCS05G07Z616144A,2011.06,0,FINAL,"Central Government, Non-financial Assets Reconciliation, Non-produced Assets",Government Financial Statistics - GFS,Non-financial assets,Non-produced assets,Intangible non-produced assets,Additions,,Dollars,6
GFSA.SCS05G07Z616144A,2012.06,0,FINAL,"Central Government, Non-financial Assets Reconciliation, Non-produced Assets",Government Financial Statistics - GFS,Non-financial assets,Non-produced assets,Intangible non-produced assets,Additions,,Dollars,6
GFSA.SCS05G07Z616144A,2013.06,0,FINAL,"Central Government, Non-financial Assets Reconciliation, Non-produced Assets",Government Financial Statistics - GFS,Non-financial assets,Non-produced assets,Intangible non-produced assets,Additions,,Dollars,6
GFSA.SCS05G07Z616144A,2014.06,0,FINAL,"Central Government, Non-financial Assets Reconciliation, Non-produced Assets",Government Financial Statistics - GFS,Non-financial assets,Non-produced assets,Intangible non-produced assets,Additions,,Dollars,6
GFSA.SCS05G07Z616144A,2015.06,0,FINAL,"Central Government, Non-financial Assets Reconciliation, Non-produced Assets",Government Financial Statistics - GFS,Non-financial assets,Non-produced assets,Intangible non-produced assets,Additions,,Dollars,6
GFSA.SCS05G07Z616144A,2016.06,0,FINAL,"Central Government, Non-financial Assets Reconciliation, Non-produced Assets",Government Financial Statistics - GFS,Non-financial assets,Non-produced assets,Intangible non-produced assets,Additions,,Dollars,6
GFSA.SCS05G07Z616144A,2017.06,0,FINAL,"Central Government, Non-financial Assets Reconciliation, Non-produced Assets",Government Financial Statistics - GFS,Non-financial assets,Non-produced assets,Intangible non-produced assets,Additions,,Dollars,6
GFSA.SCS05G07Z616144A,2018.06,0,FINAL,"Central Government, Non-financial Assets Reconciliation, Non-produced Assets",Government Financial Statistics - GFS,Non-financial assets,Non-produced assets,Intangible non-produced assets,Additions,,Dollars,6
GFSA.SCS05G07Z616144A,2019.06,0,FINAL,"Central Government, Non-financial Assets Reconciliation, Non-produced Assets",Government Financial Statistics - GFS,Non-financial assets,Non-produced assets,Intangible non-produced assets,Additions,,Dollars,6
GFSA.SCS05G07Z616144A,2020.06,0,FINAL,"Central Government, Non-financial Assets Reconciliation, Non-produced Assets",Government Financial Statistics - GFS,Non-financial assets,Non-produced assets,Intangible non-produced assets,Additions,,Dollars,6
GFSA.SCS05G07Z616144A,2021.06,0,FINAL,"Central Government, Non-financial Assets Reconciliation, Non-produced Assets",Government Financial Statistics - GFS,Non-financial assets,Non-produced assets,Intangible non-produced assets,Additions,,Dollars,6
GFSA.SCS05G07Z616144A,2022.06,0,FINAL,"Central Government, Non-financial Assets Reconciliation, Non-produced Assets",Government Financial Statistics - GFS,Non-financial assets,Non-produced assets,Intangible non-produced assets,Additions,,Dollars,6
GFSA.SCS05G07Z616144A,2023.06,0,FINAL,"Central Government, Non-financial Assets Reconciliation, Non-produced Assets",Government Financial Statistics - GFS,Non-financial assets,Non-produced assets,Intangible non-produced assets,Additions,,Dollars,6
GFSA.SCS05G07Z616144A,2024.06,0,FINAL,"Central Government, Non-financial Assets Reconciliation, Non-produced Assets",Government Financial Statistics - GFS,Non-financial assets,Non-produced assets,Intangible non-produced assets,Additions,,Dollars,6
GFSA.SCS05G07Z616144A,2025.06,0,FINAL,"Central Government, Non-financial Assets Reconciliation, Non-produced Assets",Government Financial Statistics - GFS,Non-financial assets,Non-produced assets,Intangible non-produced assets,Additions,,Dollars,6
GFSA.SCS05G07Z616144D,2009.06,4,FINAL,"Central Government, Non-financial Assets Reconciliation, Non-produced Assets",Government Financial Statistics - GFS,Non-financial assets,Non-produced assets,Intangible non-produced assets,Disposals,,Dollars,6
GFSA.SCS05G07Z616144D,2010.06,12,FINAL,"Central Government, Non-financial Assets Reconciliation, Non-produced Assets",Government Financial Statistics - GFS,Non-financial assets,Non-produced assets,Intangible non-produced assets,Disposals,,Dollars,6
GFSA.SCS05G07Z616144D,2011.06,18,FINAL,"Central Government, Non-financial Assets Reconciliation, Non-produced Assets",Government Financial Statistics - GFS,Non-financial assets,Non-produced assets,Intangible non-produced assets,Disposals,,Dollars,6
GFSA.SCS05G07Z616144D,2012.06,20,FINAL,"Central Government, Non-financial Assets Reconciliation, Non-produced Assets",Government Financial Statistics - GFS,Non-financial assets,Non-produced assets,Intangible non-produced assets,Disposals,,Dollars,6
GFSA.SCS05G07Z616144D,2013.06,0,FINAL,"Central Government, Non-financial Assets Reconciliation, Non-produced Assets",Government Financial Statistics - GFS,Non-financial assets,Non-produced assets,Intangible non-produced assets,Disposals,,Dollars,6
GFSA.SCS05G07Z616144D,2014.06,17,FINAL,"Central Government, Non-financial Assets Reconciliation, Non-produced Assets",Government Financial Statistics - GFS,Non-financial assets,Non-produced assets,Intangible non-produced assets,Disposals,,Dollars,6
GFSA.SCS05G07Z616144D,2015.06,36,FINAL,"Central Government, Non-financial Assets Reconciliation, Non-produced Assets",Government Financial Statistics - GFS,Non-financial assets,Non-produced assets,Intangible non-produced assets,Disposals,,Dollars,6
GFSA.SCS05G07Z616144D,2016.06,37,FINAL,"Central Government, Non-financial Assets Reconciliation, Non-produced Assets",Government Financial Statistics - GFS,Non-financial assets,Non-produced assets,Intangible non-produced assets,Disposals,,Dollars,6
GFSA.SCS05G07Z616144D,2017.06,39,FINAL,"Central Government, Non-financial Assets Reconciliation, Non-produced Assets",Government Financial Statistics - GFS,Non-financial assets,Non-produced assets,Intangible non-produced assets,Disposals,,Dollars,6
GFSA.SCS05G07Z616144D,2018.06,47,FINAL,"Central Government, Non-financial Assets Reconciliation, Non-produced Assets",Government Financial Statistics - GFS,Non-financial assets,Non-produced assets,Intangible non-produced assets,Disposals,,Dollars,6
GFSA.SCS05G07Z616144D,2019.06,49,FINAL,"Central Government, Non-financial Assets Reconciliation, Non-produced Assets",Government Financial Statistics - GFS,Non-financial assets,Non-produced assets,Intangible non-produced assets,Disposals,,Dollars,6
GFSA.SCS05G07Z616144D,2020.06,51,FINAL,"Central Government, Non-financial Assets Reconciliation, Non-produced Assets",Government Financial Statistics - GFS,Non-financial assets,Non-produced assets,Intangible non-produced assets,Disposals,,Dollars,6
GFSA.SCS05G07Z616144D,2021.06,47,FINAL,"Central Government, Non-financial Assets Reconciliation, Non-produced Assets",Government Financial Statistics - GFS,Non-financial assets,Non-produced assets,Intangible non-produced assets,Disposals,,Dollars,6
GFSA.SCS05G07Z616144D,2022.06,53,FINAL,"Central Government, Non-financial Assets Reconciliation, Non-produced Assets",Government Financial Statistics - GFS,Non-financial assets,Non-produced assets,Intangible non-produced assets,Disposals,,Dollars,6
GFSA.SCS05G07Z616144D,2023.06,52,FINAL,"Central Government, Non-financial Assets Reconciliation, Non-produced Assets",Government Financial Statistics - GFS,Non-financial assets,Non-produced assets,Intangible non-produced assets,Disposals,,Dollars,6
GFSA.SCS05G07Z616144D,2024.06,55,FINAL,"Central Government, Non-financial Assets Reconciliation, Non-produced Assets",Government Financial Statistics - GFS,Non-financial assets,Non-produced assets,Intangible non-produced assets,Disposals,,Dollars,6
GFSA.SCS05G07Z616144D,2025.06,48,FINAL,"Central Government, Non-financial Assets Reconciliation, Non-produced Assets",Government Financial Statistics - GFS,Non-financial assets,Non-produced assets,Intangible non-produced assets,Disposals,,Dollars,6
GFSA.SCS05G07Z616144K,2009.06,0,FINAL,"Central Government, Non-financial Assets Reconciliation, Non-produced Assets",Government Financial Statistics - GFS,Non-financial assets,Non-produced assets,Intangible non-produced assets,Depreciation,,Dollars,6
GFSA.SCS05G07Z616144K,2010.06,0,FINAL,"Central Government, Non-financial Assets Reconciliation, Non-produced Assets",Government Financial Statistics - GFS,Non-financial assets,Non-produced assets,Intangible non-produced assets,Depreciation,,Dollars,6
GFSA.SCS05G07Z616144K,2011.06,0,FINAL,"Central Government, Non-financial Assets Reconciliation, Non-produced Assets",Government Financial Statistics - GFS,Non-financial assets,Non-produced assets,Intangible non-produced assets,Depreciation,,Dollars,6
GFSA.SCS05G07Z616144K,2012.06,0,FINAL,"Central Government, Non-financial Assets Reconciliation, Non-produced Assets",Government Financial Statistics - GFS,Non-financial assets,Non-produced assets,Intangible non-produced assets,Depreciation,,Dollars,6
GFSA.SCS05G07Z616144K,2013.06,0,FINAL,"Central Government, Non-financial Assets Reconciliation, Non-produced Assets",Government Financial Statistics - GFS,Non-financial assets,Non-produced assets,Intangible non-produced assets,Depreciation,,Dollars,6
GFSA.SCS05G07Z616144K,2014.06,0,FINAL,"Central Government, Non-financial Assets Reconciliation, Non-produced Assets",Government Financial Statistics - GFS,Non-financial assets,Non-produced assets,Intangible non-produced assets,Depreciation,,Dollars,6
GFSA.SCS05G07Z616144K,2015.06,0,FINAL,"Central Government, Non-financial Assets Reconciliation, Non-produced Assets",Government Financial Statistics - GFS,Non-financial assets,Non-produced assets,Intangible non-produced assets,Depreciation,,Dollars,6
GFSA.SCS05G07Z616144K,2016.06,0,FINAL,"Central Government, Non-financial Assets Reconciliation, Non-produced Assets",Government Financial Statistics - GFS,Non-financial assets,Non-produced assets,Intangible non-produced assets,Depreciation,,Dollars,6
GFSA.SCS05G07Z616144K,2017.06,0,FINAL,"Central Government, Non-financial Assets Reconciliation, Non-produced Assets",Government Financial Statistics - GFS,Non-financial assets,Non-produced assets,Intangible non-produced assets,Depreciation,,Dollars,6
GFSA.SCS05G07Z616144K,2018.06,0,FINAL,"Central Government, Non-financial Assets Reconciliation, Non-produced Assets",Government Financial Statistics - GFS,Non-financial assets,Non-produced assets,Intangible non-produced assets,Depreciation,,Dollars,6
GFSA.SCS05G07Z616144K,2019.06,0,FINAL,"Central Government, Non-financial Assets Reconciliation, Non-produced Assets",Government Financial Statistics - GFS,Non-financial assets,Non-produced assets,Intangible non-produced assets,Depreciation,,Dollars,6
GFSA.SCS05G07Z616144K,2020.06,0,FINAL,"Central Government, Non-financial Assets Reconciliation, Non-produced Assets",Government Financial Statistics - GFS,Non-financial assets,Non-produced assets,Intangible non-produced assets,Depreciation,,Dollars,6
GFSA.SCS05G07Z616144K,2021.06,0,FINAL,"Central Government, Non-financial Assets Reconciliation, Non-produced Assets",Government Financial Statistics - GFS,Non-financial assets,Non-produced assets,Intangible non-produced assets,Depreciation,,Dollars,6
GFSA.SCS05G07Z616144K,2022.06,0,FINAL,"Central Government, Non-financial Assets Reconciliation, Non-produced Assets",Government Financial Statistics - GFS,Non-financial assets,Non-produced assets,Intangible non-produced assets,Depreciation,,Dollars,6
GFSA.SCS05G07Z616144K,2023.06,0,FINAL,"Central Government, Non-financial Assets Reconciliation, Non-produced Assets",Government Financial Statistics - GFS,Non-financial assets,Non-produced assets,Intangible non-produced assets,Depreciation,,Dollars,6
GFSA.SCS05G07Z616144K,2024.06,0,FINAL,"Central Government, Non-financial Assets Reconciliation, Non-produced Assets",Government Financial Statistics - GFS,Non-financial assets,Non-produced assets,Intangible non-produced assets,Depreciation,,Dollars,6
GFSA.SCS05G07Z616144K,2025.06,0,FINAL,"Central Government, Non-financial Assets Reconciliation, Non-produced Assets",Government Financial Statistics - GFS,Non-financial assets,Non-produced assets,Intangible non-produced assets,Depreciation,,Dollars,6
GFSA.SCS05G07Z616144O,2009.06,11,FINAL,"Central Government, Non-financial Assets Reconciliation, Non-produced Assets",Government Financial Statistics - GFS,Non-financial assets,Non-produced assets,Intangible non-produced assets,Other economic flows,,Dollars,6
GFSA.SCS05G07Z616144O,2010.06,16,FINAL,"Central Government, Non-financial Assets Reconciliation, Non-produced Assets",Government Financial Statistics - GFS,Non-financial assets,Non-produced assets,Intangible non-produced assets,Other economic flows,,Dollars,6
GFSA.SCS05G07Z616144O,2011.06,13,FINAL,"Central Government, Non-financial Assets Reconciliation, Non-produced Assets",Government Financial Statistics - GFS,Non-financial assets,Non-produced assets,Intangible non-produced assets,Other economic flows,,Dollars,6
GFSA.SCS05G07Z616144O,2012.06,20,FINAL,"Central Government, Non-financial Assets Reconciliation, Non-produced Assets",Government Financial Statistics - GFS,Non-financial assets,Non-produced assets,Intangible non-produced assets,Other economic flows,,Dollars,6
GFSA.SCS05G07Z616144O,2013.06,0,FINAL,"Central Government, Non-financial Assets Reconciliation, Non-produced Assets",Government Financial Statistics - GFS,Non-financial assets,Non-produced assets,Intangible non-produced assets,Other economic flows,,Dollars,6
GFSA.SCS05G07Z616144O,2014.06,21,FINAL,"Central Government, Non-financial Assets Reconciliation, Non-produced Assets",Government Financial Statistics - GFS,Non-financial assets,Non-produced assets,Intangible non-produced assets,Other economic flows,,Dollars,6
GFSA.SCS05G07Z616144O,2015.06,36,FINAL,"Central Government, Non-financial Assets Reconciliation, Non-produced Assets",Government Financial Statistics - GFS,Non-financial assets,Non-produced assets,Intangible non-produced assets,Other economic flows,,Dollars,6
GFSA.SCS05G07Z616144O,2016.06,39,FINAL,"Central Government, Non-financial Assets Reconciliation, Non-produced Assets",Government Financial Statistics - GFS,Non-financial assets,Non-produced assets,Intangible non-produced assets,Other economic flows,,Dollars,6
GFSA.SCS05G07Z616144O,2017.06,37,FINAL,"Central Government, Non-financial Assets Reconciliation, Non-produced Assets",Government Financial Statistics - GFS,Non-financial assets,Non-produced assets,Intangible non-produced assets,Other economic flows,,Dollars,6
GFSA.SCS05G07Z616144O,2018.06,50,FINAL,"Central Government, Non-financial Assets Reconciliation, Non-produced Assets",Government Financial Statistics - GFS,Non-financial assets,Non-produced assets,Intangible non-produced assets,Other economic flows,,Dollars,6
GFSA.SCS05G07Z616144O,2019.06,49,FINAL,"Central Government, Non-financial Assets Reconciliation, Non-produced Assets",Government Financial Statistics - GFS,Non-financial assets,Non-produced assets,Intangible non-produced assets,Other economic flows,,Dollars,6
GFSA.SCS05G07Z616144O,2020.06,-207,FINAL,"Central Government, Non-financial Assets Reconciliation, Non-produced Assets",Government Financial Statistics - GFS,Non-financial assets,Non-produced assets,Intangible non-produced assets,Other economic flows,,Dollars,6
GFSA.SCS05G07Z616144O,2021.06,48,FINAL,"Central Government, Non-financial Assets Reconciliation, Non-produced Assets",Government Financial Statistics - GFS,Non-financial assets,Non-produced assets,Intangible non-produced assets,Other economic flows,,Dollars,6
GFSA.SCS05G07Z616144O,2022.06,49,FINAL,"Central Government, Non-financial Assets Reconciliation, Non-produced Assets",Government Financial Statistics - GFS,Non-financial assets,Non-produced assets,Intangible non-produced assets,Other economic flows,,Dollars,6
GFSA.SCS05G07Z616144O,2023.06,52,FINAL,"Central Government, Non-financial Assets Reconciliation, Non-produced Assets",Government Financial Statistics - GFS,Non-financial assets,Non-produced assets,Intangible non-produced assets,Other economic flows,,Dollars,6
GFSA.SCS05G07Z616144O,2024.06,54,FINAL,"Central Government, Non-financial Assets Reconciliation, Non-produced Assets",Government Financial Statistics - GFS,Non-financial assets,Non-produced assets,Intangible non-produced assets,Other economic flows,,Dollars,6
GFSA.SCS05G07Z616144O,2025.06,48,FINAL,"Central Government, Non-financial Assets Reconciliation, Non-produced Assets",Government Financial Statistics - GFS,Non-financial assets,Non-produced assets,Intangible non-produced assets,Other economic flows,,Dollars,6
GFSA.SCS05G07Z616144Z,2008.06,261,FINAL,"Central Government, Non-financial Assets Reconciliation, Non-produced Assets",Government Financial Statistics - GFS,Non-financial assets,Non-produced assets,Intangible non-produced assets,Total,,Dollars,6
GFSA.SCS05G07Z616144Z,2009.06,268,FINAL,"Central Government, Non-financial Assets Reconciliation, Non-produced Assets",Government Financial Statistics - GFS,Non-financial assets,Non-produced assets,Intangible non-produced assets,Total,,Dollars,6
GFSA.SCS05G07Z616144Z,2010.06,272,FINAL,"Central Government, Non-financial Assets Reconciliation, Non-produced Assets",Government Financial Statistics - GFS,Non-financial assets,Non-produced assets,Intangible non-produced assets,Total,,Dollars,6
GFSA.SCS05G07Z616144Z,2011.06,267,FINAL,"Central Government, Non-financial Assets Reconciliation, Non-produced Assets",Government Financial Statistics - GFS,Non-financial assets,Non-produced assets,Intangible non-produced assets,Total,,Dollars,6
GFSA.SCS05G07Z616144Z,2012.06,266,FINAL,"Central Government, Non-financial Assets Reconciliation, Non-produced Assets",Government Financial Statistics - GFS,Non-financial assets,Non-produced assets,Intangible non-produced assets,Total,,Dollars,6
GFSA.SCS05G07Z616144Z,2013.06,266,FINAL,"Central Government, Non-financial Assets Reconciliation, Non-produced Assets",Government Financial Statistics - GFS,Non-financial assets,Non-produced assets,Intangible non-produced assets,Total,,Dollars,6
GFSA.SCS05G07Z616144Z,2014.06,270,FINAL,"Central Government, Non-financial Assets Reconciliation, Non-produced Assets",Government Financial Statistics - GFS,Non-financial assets,Non-produced assets,Intangible non-produced assets,Total,,Dollars,6
GFSA.SCS05G07Z616144Z,2015.06,269,FINAL,"Central Government, Non-financial Assets Reconciliation, Non-produced Assets",Government Financial Statistics - GFS,Non-financial assets,Non-produced assets,Intangible non-produced assets,Total,,Dollars,6
GFSA.SCS05G07Z616144Z,2016.06,270,FINAL,"Central Government, Non-financial Assets Reconciliation, Non-produced Assets",Government Financial Statistics - GFS,Non-financial assets,Non-produced assets,Intangible non-produced assets,Total,,Dollars,6
GFSA.SCS05G07Z616144Z,2017.06,268,FINAL,"Central Government, Non-financial Assets Reconciliation, Non-produced Assets",Government Financial Statistics - GFS,Non-financial assets,Non-produced assets,Intangible non-produced assets,Total,,Dollars,6
GFSA.SCS05G07Z616144Z,2018.06,271,FINAL,"Central Government, Non-financial Assets Reconciliation, Non-produced Assets",Government Financial Statistics - GFS,Non-financial assets,Non-produced assets,Intangible non-produced assets,Total,,Dollars,6
GFSA.SCS05G07Z616144Z,2019.06,271,FINAL,"Central Government, Non-financial Assets Reconciliation, Non-produced Assets",Government Financial Statistics - GFS,Non-financial assets,Non-produced assets,Intangible non-produced assets,Total,,Dollars,6
GFSA.SCS05G07Z616144Z,2020.06,13,FINAL,"Central Government, Non-financial Assets Reconciliation, Non-produced Assets",Government Financial Statistics - GFS,Non-financial assets,Non-produced assets,Intangible non-produced assets,Total,,Dollars,6
GFSA.SCS05G07Z616144Z,2021.06,14,FINAL,"Central Government, Non-financial Assets Reconciliation, Non-produced Assets",Government Financial Statistics - GFS,Non-financial assets,Non-produced assets,Intangible non-produced assets,Total,,Dollars,6
GFSA.SCS05G07Z616144Z,2022.06,10,FINAL,"Central Government, Non-financial Assets Reconciliation, Non-produced Assets",Government Financial Statistics - GFS,Non-financial assets,Non-produced assets,Intangible non-produced assets,Total,,Dollars,6
GFSA.SCS05G07Z616144Z,2023.06,8,FINAL,"Central Government, Non-financial Assets Reconciliation, Non-produced Assets",Government Financial Statistics - GFS,Non-financial assets,Non-produced assets,Intangible non-produced assets,Total,,Dollars,6
GFSA.SCS05G07Z616144Z,2024.06,8,FINAL,"Central Government, Non-financial Assets Reconciliation, Non-produced Assets",Government Financial Statistics - GFS,Non-financial assets,Non-produced assets,Intangible non-produced assets,Total,,Dollars,6
GFSA.SCS05G07Z616144Z,2025.06,7,FINAL,"Central Government, Non-financial Assets Reconciliation, Non-produced Assets",Government Financial Statistics - GFS,Non-financial assets,Non-produced assets,Intangible non-produced assets,Total,,Dollars,6
GFSA.SCS05G08Z61613A,2009.06,0,FINAL,"Central Government, Non-financial Assets Reconciliation, Valuables",Government Financial Statistics - GFS,Non-financial assets,Valuables,Additions,,,Dollars,6
GFSA.SCS05G08Z61613A,2010.06,1,FINAL,"Central Government, Non-financial Assets Reconciliation, Valuables",Government Financial Statistics - GFS,Non-financial assets,Valuables,Additions,,,Dollars,6
GFSA.SCS05G08Z61613A,2011.06,1,FINAL,"Central Government, Non-financial Assets Reconciliation, Valuables",Government Financial Statistics - GFS,Non-financial assets,Valuables,Additions,,,Dollars,6
GFSA.SCS05G08Z61613A,2012.06,1,FINAL,"Central Government, Non-financial Assets Reconciliation, Valuables",Government Financial Statistics - GFS,Non-financial assets,Valuables,Additions,,,Dollars,6
GFSA.SCS05G08Z61613A,2013.06,0,FINAL,"Central Government, Non-financial Assets Reconciliation, Valuables",Government Financial Statistics - GFS,Non-financial assets,Valuables,Additions,,,Dollars,6
GFSA.SCS05G08Z61613A,2014.06,0,FINAL,"Central Government, Non-financial Assets Reconciliation, Valuables",Government Financial Statistics - GFS,Non-financial assets,Valuables,Additions,,,Dollars,6
GFSA.SCS05G08Z61613A,2015.06,0,FINAL,"Central Government, Non-financial Assets Reconciliation, Valuables",Government Financial Statistics - GFS,Non-financial assets,Valuables,Additions,,,Dollars,6
GFSA.SCS05G08Z61613A,2016.06,1,FINAL,"Central Government, Non-financial Assets Reconciliation, Valuables",Government Financial Statistics - GFS,Non-financial assets,Valuables,Additions,,,Dollars,6
GFSA.SCS05G08Z61613A,2017.06,0,FINAL,"Central Government, Non-financial Assets Reconciliation, Valuables",Government Financial Statistics - GFS,Non-financial assets,Valuables,Additions,,,Dollars,6
GFSA.SCS05G08Z61613A,2018.06,0,FINAL,"Central Government, Non-financial Assets Reconciliation, Valuables",Government Financial Statistics - GFS,Non-financial assets,Valuables,Additions,,,Dollars,6
GFSA.SCS05G08Z61613A,2019.06,0,FINAL,"Central Government, Non-financial Assets Reconciliation, Valuables",Government Financial Statistics - GFS,Non-financial assets,Valuables,Additions,,,Dollars,6
GFSA.SCS05G08Z61613A,2020.06,0,FINAL,"Central Government, Non-financial Assets Reconciliation, Valuables",Government Financial Statistics - GFS,Non-financial assets,Valuables,Additions,,,Dollars,6
GFSA.SCS05G08Z61613A,2021.06,0,FINAL,"Central Government, Non-financial Assets Reconciliation, Valuables",Government Financial Statistics - GFS,Non-financial assets,Valuables,Additions,,,Dollars,6
GFSA.SCS05G08Z61613A,2022.06,0,FINAL,"Central Government, Non-financial Assets Reconciliation, Valuables",Government Financial Statistics - GFS,Non-financial assets,Valuables,Additions,,,Dollars,6
GFSA.SCS05G08Z61613A,2023.06,0,FINAL,"Central Government, Non-financial Assets Reconciliation, Valuables",Government Financial Statistics - GFS,Non-financial assets,Valuables,Additions,,,Dollars,6
GFSA.SCS05G08Z61613A,2024.06,0,FINAL,"Central Government, Non-financial Assets Reconciliation, Valuables",Government Financial Statistics - GFS,Non-financial assets,Valuables,Additions,,,Dollars,6
GFSA.SCS05G08Z61613A,2025.06,0,FINAL,"Central Government, Non-financial Assets Reconciliation, Valuables",Government Financial Statistics - GFS,Non-financial assets,Valuables,Additions,,,Dollars,6
GFSA.SCS05G08Z61613D,2009.06,0,FINAL,"Central Government, Non-financial Assets Reconciliation, Valuables",Government Financial Statistics - GFS,Non-financial assets,Valuables,Disposals,,,Dollars,6
GFSA.SCS05G08Z61613D,2010.06,0,FINAL,"Central Government, Non-financial Assets Reconciliation, Valuables",Government Financial Statistics - GFS,Non-financial assets,Valuables,Disposals,,,Dollars,6
GFSA.SCS05G08Z61613D,2011.06,0,FINAL,"Central Government, Non-financial Assets Reconciliation, Valuables",Government Financial Statistics - GFS,Non-financial assets,Valuables,Disposals,,,Dollars,6
GFSA.SCS05G08Z61613D,2012.06,0,FINAL,"Central Government, Non-financial Assets Reconciliation, Valuables",Government Financial Statistics - GFS,Non-financial assets,Valuables,Disposals,,,Dollars,6
GFSA.SCS05G08Z61613D,2013.06,0,FINAL,"Central Government, Non-financial Assets Reconciliation, Valuables",Government Financial Statistics - GFS,Non-financial assets,Valuables,Disposals,,,Dollars,6
GFSA.SCS05G08Z61613D,2014.06,0,FINAL,"Central Government, Non-financial Assets Reconciliation, Valuables",Government Financial Statistics - GFS,Non-financial assets,Valuables,Disposals,,,Dollars,6
GFSA.SCS05G08Z61613D,2015.06,0,FINAL,"Central Government, Non-financial Assets Reconciliation, Valuables",Government Financial Statistics - GFS,Non-financial assets,Valuables,Disposals,,,Dollars,6
GFSA.SCS05G08Z61613D,2016.06,0,FINAL,"Central Government, Non-financial Assets Reconciliation, Valuables",Government Financial Statistics - GFS,Non-financial assets,Valuables,Disposals,,,Dollars,6
GFSA.SCS05G08Z61613D,2017.06,0,FINAL,"Central Government, Non-financial Assets Reconciliation, Valuables",Government Financial Statistics - GFS,Non-financial assets,Valuables,Disposals,,,Dollars,6
GFSA.SCS05G08Z61613D,2018.06,0,FINAL,"Central Government, Non-financial Assets Reconciliation, Valuables",Government Financial Statistics - GFS,Non-financial assets,Valuables,Disposals,,,Dollars,6
GFSA.SCS05G08Z61613D,2019.06,0,FINAL,"Central Government, Non-financial Assets Reconciliation, Valuables",Government Financial Statistics - GFS,Non-financial assets,Valuables,Disposals,,,Dollars,6
GFSA.SCS05G08Z61613D,2020.06,0,FINAL,"Central Government, Non-financial Assets Reconciliation, Valuables",Government Financial Statistics - GFS,Non-financial assets,Valuables,Disposals,,,Dollars,6
GFSA.SCS05G08Z61613D,2021.06,0,FINAL,"Central Government, Non-financial Assets Reconciliation, Valuables",Government Financial Statistics - GFS,Non-financial assets,Valuables,Disposals,,,Dollars,6
GFSA.SCS05G08Z61613D,2022.06,0,FINAL,"Central Government, Non-financial Assets Reconciliation, Valuables",Government Financial Statistics - GFS,Non-financial assets,Valuables,Disposals,,,Dollars,6
GFSA.SCS05G08Z61613D,2023.06,0,FINAL,"Central Government, Non-financial Assets Reconciliation, Valuables",Government Financial Statistics - GFS,Non-financial assets,Valuables,Disposals,,,Dollars,6
GFSA.SCS05G08Z61613D,2024.06,0,FINAL,"Central Government, Non-financial Assets Reconciliation, Valuables",Government Financial Statistics - GFS,Non-financial assets,Valuables,Disposals,,,Dollars,6
GFSA.SCS05G08Z61613D,2025.06,0,FINAL,"Central Government, Non-financial Assets Reconciliation, Valuables",Government Financial Statistics - GFS,Non-financial assets,Valuables,Disposals,,,Dollars,6
GFSA.SCS05G08Z61613K,2009.06,0,FINAL,"Central Government, Non-financial Assets Reconciliation, Valuables",Government Financial Statistics - GFS,Non-financial assets,Valuables,Depreciation,,,Dollars,6
GFSA.SCS05G08Z61613K,2010.06,0,FINAL,"Central Government, Non-financial Assets Reconciliation, Valuables",Government Financial Statistics - GFS,Non-financial assets,Valuables,Depreciation,,,Dollars,6
GFSA.SCS05G08Z61613K,2011.06,0,FINAL,"Central Government, Non-financial Assets Reconciliation, Valuables",Government Financial Statistics - GFS,Non-financial assets,Valuables,Depreciation,,,Dollars,6
GFSA.SCS05G08Z61613K,2012.06,0,FINAL,"Central Government, Non-financial Assets Reconciliation, Valuables",Government Financial Statistics - GFS,Non-financial assets,Valuables,Depreciation,,,Dollars,6
GFSA.SCS05G08Z61613K,2013.06,0,FINAL,"Central Government, Non-financial Assets Reconciliation, Valuables",Government Financial Statistics - GFS,Non-financial assets,Valuables,Depreciation,,,Dollars,6
GFSA.SCS05G08Z61613K,2014.06,0,FINAL,"Central Government, Non-financial Assets Reconciliation, Valuables",Government Financial Statistics - GFS,Non-financial assets,Valuables,Depreciation,,,Dollars,6
GFSA.SCS05G08Z61613K,2015.06,0,FINAL,"Central Government, Non-financial Assets Reconciliation, Valuables",Government Financial Statistics - GFS,Non-financial assets,Valuables,Depreciation,,,Dollars,6
GFSA.SCS05G08Z61613K,2016.06,0,FINAL,"Central Government, Non-financial Assets Reconciliation, Valuables",Government Financial Statistics - GFS,Non-financial assets,Valuables,Depreciation,,,Dollars,6
GFSA.SCS05G08Z61613K,2017.06,0,FINAL,"Central Government, Non-financial Assets Reconciliation, Valuables",Government Financial Statistics - GFS,Non-financial assets,Valuables,Depreciation,,,Dollars,6
GFSA.SCS05G08Z61613K,2018.06,0,FINAL,"Central Government, Non-financial Assets Reconciliation, Valuables",Government Financial Statistics - GFS,Non-financial assets,Valuables,Depreciation,,,Dollars,6
GFSA.SCS05G08Z61613K,2019.06,0,FINAL,"Central Government, Non-financial Assets Reconciliation, Valuables",Government Financial Statistics - GFS,Non-financial assets,Valuables,Depreciation,,,Dollars,6
GFSA.SCS05G08Z61613K,2020.06,0,FINAL,"Central Government, Non-financial Assets Reconciliation, Valuables",Government Financial Statistics - GFS,Non-financial assets,Valuables,Depreciation,,,Dollars,6
GFSA.SCS05G08Z61613K,2021.06,0,FINAL,"Central Government, Non-financial Assets Reconciliation, Valuables",Government Financial Statistics - GFS,Non-financial assets,Valuables,Depreciation,,,Dollars,6
GFSA.SCS05G08Z61613K,2022.06,0,FINAL,"Central Government, Non-financial Assets Reconciliation, Valuables",Government Financial Statistics - GFS,Non-financial assets,Valuables,Depreciation,,,Dollars,6
GFSA.SCS05G08Z61613K,2023.06,0,FINAL,"Central Government, Non-financial Assets Reconciliation, Valuables",Government Financial Statistics - GFS,Non-financial assets,Valuables,Depreciation,,,Dollars,6
GFSA.SCS05G08Z61613K,2024.06,0,FINAL,"Central Government, Non-financial Assets Reconciliation, Valuables",Government Financial Statistics - GFS,Non-financial assets,Valuables,Depreciation,,,Dollars,6
GFSA.SCS05G08Z61613K,2025.06,0,FINAL,"Central Government, Non-financial Assets Reconciliation, Valuables",Government Financial Statistics - GFS,Non-financial assets,Valuables,Depreciation,,,Dollars,6
GFSA.SCS05G08Z61613O,2009.06,1,FINAL,"Central Government, Non-financial Assets Reconciliation, Valuables",Government Financial Statistics - GFS,Non-financial assets,Valuables,Other economic flows,,,Dollars,6
GFSA.SCS05G08Z61613O,2010.06,-1,FINAL,"Central Government, Non-financial Assets Reconciliation, Valuables",Government Financial Statistics - GFS,Non-financial assets,Valuables,Other economic flows,,,Dollars,6
GFSA.SCS05G08Z61613O,2011.06,-1,FINAL,"Central Government, Non-financial Assets Reconciliation, Valuables",Government Financial Statistics - GFS,Non-financial assets,Valuables,Other economic flows,,,Dollars,6
GFSA.SCS05G08Z61613O,2012.06,-3,FINAL,"Central Government, Non-financial Assets Reconciliation, Valuables",Government Financial Statistics - GFS,Non-financial assets,Valuables,Other economic flows,,,Dollars,6
GFSA.SCS05G08Z61613O,2013.06,0,FINAL,"Central Government, Non-financial Assets Reconciliation, Valuables",Government Financial Statistics - GFS,Non-financial assets,Valuables,Other economic flows,,,Dollars,6
GFSA.SCS05G08Z61613O,2014.06,0,FINAL,"Central Government, Non-financial Assets Reconciliation, Valuables",Government Financial Statistics - GFS,Non-financial assets,Valuables,Other economic flows,,,Dollars,6
GFSA.SCS05G08Z61613O,2015.06,0,FINAL,"Central Government, Non-financial Assets Reconciliation, Valuables",Government Financial Statistics - GFS,Non-financial assets,Valuables,Other economic flows,,,Dollars,6
GFSA.SCS05G08Z61613O,2016.06,-1,FINAL,"Central Government, Non-financial Assets Reconciliation, Valuables",Government Financial Statistics - GFS,Non-financial assets,Valuables,Other economic flows,,,Dollars,6
GFSA.SCS05G08Z61613O,2017.06,0,FINAL,"Central Government, Non-financial Assets Reconciliation, Valuables",Government Financial Statistics - GFS,Non-financial assets,Valuables,Other economic flows,,,Dollars,6
GFSA.SCS05G08Z61613O,2018.06,0,FINAL,"Central Government, Non-financial Assets Reconciliation, Valuables",Government Financial Statistics - GFS,Non-financial assets,Valuables,Other economic flows,,,Dollars,6
GFSA.SCS05G08Z61613O,2019.06,0,FINAL,"Central Government, Non-financial Assets Reconciliation, Valuables",Government Financial Statistics - GFS,Non-financial assets,Valuables,Other economic flows,,,Dollars,6
GFSA.SCS05G08Z61613O,2020.06,0,FINAL,"Central Government, Non-financial Assets Reconciliation, Valuables",Government Financial Statistics - GFS,Non-financial assets,Valuables,Other economic flows,,,Dollars,6
GFSA.SCS05G08Z61613O,2021.06,0,FINAL,"Central Government, Non-financial Assets Reconciliation, Valuables",Government Financial Statistics - GFS,Non-financial assets,Valuables,Other economic flows,,,Dollars,6
GFSA.SCS05G08Z61613O,2022.06,0,FINAL,"Central Government, Non-financial Assets Reconciliation, Valuables",Government Financial Statistics - GFS,Non-financial assets,Valuables,Other economic flows,,,Dollars,6
GFSA.SCS05G08Z61613O,2023.06,0,FINAL,"Central Government, Non-financial Assets Reconciliation, Valuables",Government Financial Statistics - GFS,Non-financial assets,Valuables,Other economic flows,,,Dollars,6
GFSA.SCS05G08Z61613O,2024.06,0,FINAL,"Central Government, Non-financial Assets Reconciliation, Valuables",Government Financial Statistics - GFS,Non-financial assets,Valuables,Other economic flows,,,Dollars,6
GFSA.SCS05G08Z61613O,2025.06,0,FINAL,"Central Government, Non-financial Assets Reconciliation, Valuables",Government Financial Statistics - GFS,Non-financial assets,Valuables,Other economic flows,,,Dollars,6
GFSA.SCS05G08Z61613Z,2008.06,2,FINAL,"Central Government, Non-financial Assets Reconciliation, Valuables",Government Financial Statistics - GFS,Non-financial assets,Valuables,Total,,,Dollars,6
GFSA.SCS05G08Z61613Z,2009.06,4,FINAL,"Central Government, Non-financial Assets Reconciliation, Valuables",Government Financial Statistics - GFS,Non-financial assets,Valuables,Total,,,Dollars,6
GFSA.SCS05G08Z61613Z,2010.06,4,FINAL,"Central Government, Non-financial Assets Reconciliation, Valuables",Government Financial Statistics - GFS,Non-financial assets,Valuables,Total,,,Dollars,6
GFSA.SCS05G08Z61613Z,2011.06,4,FINAL,"Central Government, Non-financial Assets Reconciliation, Valuables",Government Financial Statistics - GFS,Non-financial assets,Valuables,Total,,,Dollars,6
GFSA.SCS05G08Z61613Z,2012.06,0,FINAL,"Central Government, Non-financial Assets Reconciliation, Valuables",Government Financial Statistics - GFS,Non-financial assets,Valuables,Total,,,Dollars,6
GFSA.SCS05G08Z61613Z,2013.06,0,FINAL,"Central Government, Non-financial Assets Reconciliation, Valuables",Government Financial Statistics - GFS,Non-financial assets,Valuables,Total,,,Dollars,6
GFSA.SCS05G08Z61613Z,2014.06,0,FINAL,"Central Government, Non-financial Assets Reconciliation, Valuables",Government Financial Statistics - GFS,Non-financial assets,Valuables,Total,,,Dollars,6
GFSA.SCS05G08Z61613Z,2015.06,0,FINAL,"Central Government, Non-financial Assets Reconciliation, Valuables",Government Financial Statistics - GFS,Non-financial assets,Valuables,Total,,,Dollars,6
GFSA.SCS05G08Z61613Z,2016.06,0,FINAL,"Central Government, Non-financial Assets Reconciliation, Valuables",Government Financial Statistics - GFS,Non-financial assets,Valuables,Total,,,Dollars,6
GFSA.SCS05G08Z61613Z,2017.06,0,FINAL,"Central Government, Non-financial Assets Reconciliation, Valuables",Government Financial Statistics - GFS,Non-financial assets,Valuables,Total,,,Dollars,6
GFSA.SCS05G08Z61613Z,2018.06,0,FINAL,"Central Government, Non-financial Assets Reconciliation, Valuables",Government Financial Statistics - GFS,Non-financial assets,Valuables,Total,,,Dollars,6
GFSA.SCS05G08Z61613Z,2019.06,0,FINAL,"Central Government, Non-financial Assets Reconciliation, Valuables",Government Financial Statistics - GFS,Non-financial assets,Valuables,Total,,,Dollars,6
GFSA.SCS05G08Z61613Z,2020.06,0,FINAL,"Central Government, Non-financial Assets Reconciliation, Valuables",Government Financial Statistics - GFS,Non-financial assets,Valuables,Total,,,Dollars,6
GFSA.SCS05G08Z61613Z,2021.06,0,FINAL,"Central Government, Non-financial Assets Reconciliation, Valuables",Government Financial Statistics - GFS,Non-financial assets,Valuables,Total,,,Dollars,6
GFSA.SCS05G08Z61613Z,2022.06,0,FINAL,"Central Government, Non-financial Assets Reconciliation, Valuables",Government Financial Statistics - GFS,Non-financial assets,Valuables,Total,,,Dollars,6
GFSA.SCS05G08Z61613Z,2023.06,0,FINAL,"Central Government, Non-financial Assets Reconciliation, Valuables",Government Financial Statistics - GFS,Non-financial assets,Valuables,Total,,,Dollars,6
GFSA.SCS05G08Z61613Z,2024.06,0,FINAL,"Central Government, Non-financial Assets Reconciliation, Valuables",Government Financial Statistics - GFS,Non-financial assets,Valuables,Total,,,Dollars,6
GFSA.SCS05G08Z61613Z,2025.06,0,FINAL,"Central Government, Non-financial Assets Reconciliation, Valuables",Government Financial Statistics - GFS,Non-financial assets,Valuables,Total,,,Dollars,6
