Period,Anzsic,Anzsic_descriptor,Variable2,Units,Data_value,Gas,Variable1
2010.03,A23,"Forestry, fishing, and support services to agriculture, forestry, and fishing",Emissions intensity,Tonnes per $1million value added (constant prices),332,Carbon dioxide equivalents,Seasonally adjusted
2010.06,A23,"Forestry, fishing, and support services to agriculture, forestry, and fishing",Emissions intensity,Tonnes per $1million value added (constant prices),334,Carbon dioxide equivalents,Seasonally adjusted
2010.09,A23,"Forestry, fishing, and support services to agriculture, forestry, and fishing",Emissions intensity,Tonnes per $1million value added (constant prices),330,Carbon dioxide equivalents,Seasonally adjusted
2010.12,A23,"Forestry, fishing, and support services to agriculture, forestry, and fishing",Emissions intensity,Tonnes per $1million value added (constant prices),319,Carbon dioxide equivalents,Seasonally adjusted
2011.03,A23,"Forestry, fishing, and support services to agriculture, forestry, and fishing",Emissions intensity,Tonnes per $1million value added (constant prices),322,Carbon dioxide equivalents,Seasonally adjusted
2011.06,A23,"Forestry, fishing, and support services to agriculture, forestry, and fishing",Emissions intensity,Tonnes per $1million value added (constant prices),306,Carbon dioxide equivalents,Seasonally adjusted
2011.09,A23,"Forestry, fishing, and support services to agriculture, forestry, and fishing",Emissions intensity,Tonnes per $1million value added (constant prices),309,Carbon dioxide equivalents,Seasonally adjusted
2011.12,A23,"Forestry, fishing, and support services to agriculture, forestry, and fishing",Emissions intensity,Tonnes per $1million value added (constant prices),299,Carbon dioxide equivalents,Seasonally adjusted
2012.03,A23,"Forestry, fishing, and support services to agriculture, forestry, and fishing",Emissions intensity,Tonnes per $1million value added (constant prices),291,Carbon dioxide equivalents,Seasonally adjusted
2012.06,A23,"Forestry, fishing, and support services to agriculture, forestry, and fishing",Emissions intensity,Tonnes per $1million value added (constant prices),287,Carbon dioxide equivalents,Seasonally adjusted
2012.09,A23,"Forestry, fishing, and support services to agriculture, forestry, and fishing",Emissions intensity,Tonnes per $1million value added (constant prices),287,Carbon dioxide equivalents,Seasonally adjusted
2012.12,A23,"Forestry, fishing, and support services to agriculture, forestry, and fishing",Emissions intensity,Tonnes per $1million value added (constant prices),284,Carbon dioxide equivalents,Seasonally adjusted
2013.03,A23,"Forestry, fishing, and support services to agriculture, forestry, and fishing",Emissions intensity,Tonnes per $1million value added (constant prices),303,Carbon dioxide equivalents,Seasonally adjusted
2013.06,A23,"Forestry, fishing, and support services to agriculture, forestry, and fishing",Emissions intensity,Tonnes per $1million value added (constant prices),301,Carbon dioxide equivalents,Seasonally adjusted
2013.09,A23,"Forestry, fishing, and support services to agriculture, forestry, and fishing",Emissions intensity,Tonnes per $1million value added (constant prices),277,Carbon dioxide equivalents,Seasonally adjusted
2013.12,A23,"Forestry, fishing, and support services to agriculture, forestry, and fishing",Emissions intensity,Tonnes per $1million value added (constant prices),278,Carbon dioxide equivalents,Seasonally adjusted
2014.03,A23,"Forestry, fishing, and support services to agriculture, forestry, and fishing",Emissions intensity,Tonnes per $1million value added (constant prices),260,Carbon dioxide equivalents,Seasonally adjusted
2014.06,A23,"Forestry, fishing, and support services to agriculture, forestry, and fishing",Emissions intensity,Tonnes per $1million value added (constant prices),270,Carbon dioxide equivalents,Seasonally adjusted
2014.09,A23,"Forestry, fishing, and support services to agriculture, forestry, and fishing",Emissions intensity,Tonnes per $1million value added (constant prices),253,Carbon dioxide equivalents,Seasonally adjusted
2014.12,A23,"Forestry, fishing, and support services to agriculture, forestry, and fishing",Emissions intensity,Tonnes per $1million value added (constant prices),264,Carbon dioxide equivalents,Seasonally adjusted
2015.03,A23,"Forestry, fishing, and support services to agriculture, forestry, and fishing",Emissions intensity,Tonnes per $1million value added (constant prices),250,Carbon dioxide equivalents,Seasonally adjusted
2015.06,A23,"Forestry, fishing, and support services to agriculture, forestry, and fishing",Emissions intensity,Tonnes per $1million value added (constant prices),239,Carbon dioxide equivalents,Seasonally adjusted
2015.09,A23,"Forestry, fishing, and support services to agriculture, forestry, and fishing",Emissions intensity,Tonnes per $1million value added (constant prices),265,Carbon dioxide equivalents,Seasonally adjusted
2015.12,A23,"Forestry, fishing, and support services to agriculture, forestry, and fishing",Emissions intensity,Tonnes per $1million value added (constant prices),242,Carbon dioxide equivalents,Seasonally adjusted
2016.03,A23,"Forestry, fishing, and support services to agriculture, forestry, and fishing",Emissions intensity,Tonnes per $1million value added (constant prices),237,Carbon dioxide equivalents,Seasonally adjusted
2016.06,A23,"Forestry, fishing, and support services to agriculture, forestry, and fishing",Emissions intensity,Tonnes per $1million value added (constant prices),216,Carbon dioxide equivalents,Seasonally adjusted
2016.09,A23,"Forestry, fishing, and support services to agriculture, forestry, and fishing",Emissions intensity,Tonnes per $1million value added (constant prices),210,Carbon dioxide equivalents,Seasonally adjusted
2016.12,A23,"Forestry, fishing, and support services to agriculture, forestry, and fishing",Emissions intensity,Tonnes per $1million value added (constant prices),204,Carbon dioxide equivalents,Seasonally adjusted
2017.03,A23,"Forestry, fishing, and support services to agriculture, forestry, and fishing",Emissions intensity,Tonnes per $1million value added (constant prices),187,Carbon dioxide equivalents,Seasonally adjusted
2017.06,A23,"Forestry, fishing, and support services to agriculture, forestry, and fishing",Emissions intensity,Tonnes per $1million value added (constant prices),186,Carbon dioxide equivalents,Seasonally adjusted
2017.09,A23,"Forestry, fishing, and support services to agriculture, forestry, and fishing",Emissions intensity,Tonnes per $1million value added (constant prices),186,Carbon dioxide equivalents,Seasonally adjusted
2017.12,A23,"Forestry, fishing, and support services to agriculture, forestry, and fishing",Emissions intensity,Tonnes per $1million value added (constant prices),190,Carbon dioxide equivalents,Seasonally adjusted
2018.03,A23,"Forestry, fishing, and support services to agriculture, forestry, and fishing",Emissions intensity,Tonnes per $1million value added (constant prices),199,Carbon dioxide equivalents,Seasonally adjusted
2018.06,A23,"Forestry, fishing, and support services to agriculture, forestry, and fishing",Emissions intensity,Tonnes per $1million value added (constant prices),203,Carbon dioxide equivalents,Seasonally adjusted
2018.09,A23,"Forestry, fishing, and support services to agriculture, forestry, and fishing",Emissions intensity,Tonnes per $1million value added (constant prices),204,Carbon dioxide equivalents,Seasonally adjusted
2018.12,A23,"Forestry, fishing, and support services to agriculture, forestry, and fishing",Emissions intensity,Tonnes per $1million value added (constant prices),186,Carbon dioxide equivalents,Seasonally adjusted
2019.03,A23,"Forestry, fishing, and support services to agriculture, forestry, and fishing",Emissions intensity,Tonnes per $1million value added (constant prices),188,Carbon dioxide equivalents,Seasonally adjusted
2019.06,A23,"Forestry, fishing, and support services to agriculture, forestry, and fishing",Emissions intensity,Tonnes per $1million value added (constant prices),191,Carbon dioxide equivalents,Seasonally adjusted
2019.09,A23,"Forestry, fishing, and support services to agriculture, forestry, and fishing",Emissions intensity,Tonnes per $1million value added (constant prices),192,Carbon dioxide equivalents,Seasonally adjusted
2019.12,A23,"Forestry, fishing, and support services to agriculture, forestry, and fishing",Emissions intensity,Tonnes per $1million value added (constant prices),195,Carbon dioxide equivalents,Seasonally adjusted
2020.03,A23,"Forestry, fishing, and support services to agriculture, forestry, and fishing",Emissions intensity,Tonnes per $1million value added (constant prices),211,Carbon dioxide equivalents,Seasonally adjusted
2020.06,A23,"Forestry, fishing, and support services to agriculture, forestry, and fishing",Emissions intensity,Tonnes per $1million value added (constant prices),206,Carbon dioxide equivalents,Seasonally adjusted
2020.09,A23,"Forestry, fishing, and support services to agriculture, forestry, and fishing",Emissions intensity,Tonnes per $1million value added (constant prices),204,Carbon dioxide equivalents,Seasonally adjusted
2020.12,A23,"Forestry, fishing, and support services to agriculture, forestry, and fishing",Emissions intensity,Tonnes per $1million value added (constant prices),205,Carbon dioxide equivalents,Seasonally adjusted
2021.03,A23,"Forestry, fishing, and support services to agriculture, forestry, and fishing",Emissions intensity,Tonnes per $1million value added (constant prices),194,Carbon dioxide equivalents,Seasonally adjusted
2021.06,A23,"Forestry, fishing, and support services to agriculture, forestry, and fishing",Emissions intensity,Tonnes per $1million value added (constant prices),196,Carbon dioxide equivalents,Seasonally adjusted
2021.09,A23,"Forestry, fishing, and support services to agriculture, forestry, and fishing",Emissions intensity,Tonnes per $1million value added (constant prices),189,Carbon dioxide equivalents,Seasonally adjusted
2021.12,A23,"Forestry, fishing, and support services to agriculture, forestry, and fishing",Emissions intensity,Tonnes per $1million value added (constant prices),188,Carbon dioxide equivalents,Seasonally adjusted
2022.03,A23,"Forestry, fishing, and support services to agriculture, forestry, and fishing",Emissions intensity,Tonnes per $1million value added (constant prices),184,Carbon dioxide equivalents,Seasonally adjusted
2022.06,A23,"Forestry, fishing, and support services to agriculture, forestry, and fishing",Emissions intensity,Tonnes per $1million value added (constant prices),180,Carbon dioxide equivalents,Seasonally adjusted
2022.09,A23,"Forestry, fishing, and support services to agriculture, forestry, and fishing",Emissions intensity,Tonnes per $1million value added (constant prices),179,Carbon dioxide equivalents,Seasonally adjusted
2022.12,A23,"Forestry, fishing, and support services to agriculture, forestry, and fishing",Emissions intensity,Tonnes per $1million value added (constant prices),181,Carbon dioxide equivalents,Seasonally adjusted
2023.03,A23,"Forestry, fishing, and support services to agriculture, forestry, and fishing",Emissions intensity,Tonnes per $1million value added (constant prices),182,Carbon dioxide equivalents,Seasonally adjusted
2023.06,A23,"Forestry, fishing, and support services to agriculture, forestry, and fishing",Emissions intensity,Tonnes per $1million value added (constant prices),186,Carbon dioxide equivalents,Seasonally adjusted
2023.09,A23,"Forestry, fishing, and support services to agriculture, forestry, and fishing",Emissions intensity,Tonnes per $1million value added (constant prices),182,Carbon dioxide equivalents,Seasonally adjusted
2023.12,A23,"Forestry, fishing, and support services to agriculture, forestry, and fishing",Emissions intensity,Tonnes per $1million value added (constant prices),189,Carbon dioxide equivalents,Seasonally adjusted
2024.03,A23,"Forestry, fishing, and support services to agriculture, forestry, and fishing",Emissions intensity,Tonnes per $1million value added (constant prices),192,Carbon dioxide equivalents,Seasonally adjusted
2024.06,A23,"Forestry, fishing, and support services to agriculture, forestry, and fishing",Emissions intensity,Tonnes per $1million value added (constant prices),192,Carbon dioxide equivalents,Seasonally adjusted
2024.09,A23,"Forestry, fishing, and support services to agriculture, forestry, and fishing",Emissions intensity,Tonnes per $1million value added (constant prices),196,Carbon dioxide equivalents,Seasonally adjusted
2024.12,A23,"Forestry, fishing, and support services to agriculture, forestry, and fishing",Emissions intensity,Tonnes per $1million value added (constant prices),199,Carbon dioxide equivalents,Seasonally adjusted
2025.03,A23,"Forestry, fishing, and support services to agriculture, forestry, and fishing",Emissions intensity,Tonnes per $1million value added (constant prices),200,Carbon dioxide equivalents,Seasonally adjusted
2025.06,A23,"Forestry, fishing, and support services to agriculture, forestry, and fishing",Emissions intensity,Tonnes per $1million value added (constant prices),199,Carbon dioxide equivalents,Seasonally adjusted
2025.09,A23,"Forestry, fishing, and support services to agriculture, forestry, and fishing",Emissions intensity,Tonnes per $1million value added (constant prices),200,Carbon dioxide equivalents,Seasonally adjusted
2025.12,A23,"Forestry, fishing, and support services to agriculture, forestry, and fishing",Emissions intensity,Tonnes per $1million value added (constant prices),202,Carbon dioxide equivalents,Seasonally adjusted
2010.03,AA1,Agriculture,Emissions intensity,Tonnes per $1million value added (constant prices),5114,Carbon dioxide equivalents,Seasonally adjusted
2010.06,AA1,Agriculture,Emissions intensity,Tonnes per $1million value added (constant prices),5638,Carbon dioxide equivalents,Seasonally adjusted
2010.09,AA1,Agriculture,Emissions intensity,Tonnes per $1million value added (constant prices),5614,Carbon dioxide equivalents,Seasonally adjusted
2010.12,AA1,Agriculture,Emissions intensity,Tonnes per $1million value added (constant prices),5671,Carbon dioxide equivalents,Seasonally adjusted
2011.03,AA1,Agriculture,Emissions intensity,Tonnes per $1million value added (constant prices),5477,Carbon dioxide equivalents,Seasonally adjusted
2011.06,AA1,Agriculture,Emissions intensity,Tonnes per $1million value added (constant prices),5075,Carbon dioxide equivalents,Seasonally adjusted
2011.09,AA1,Agriculture,Emissions intensity,Tonnes per $1million value added (constant prices),5207,Carbon dioxide equivalents,Seasonally adjusted
2011.12,AA1,Agriculture,Emissions intensity,Tonnes per $1million value added (constant prices),5114,Carbon dioxide equivalents,Seasonally adjusted
2012.03,AA1,Agriculture,Emissions intensity,Tonnes per $1million value added (constant prices),4943,Carbon dioxide equivalents,Seasonally adjusted
2012.06,AA1,Agriculture,Emissions intensity,Tonnes per $1million value added (constant prices),4859,Carbon dioxide equivalents,Seasonally adjusted
2012.09,AA1,Agriculture,Emissions intensity,Tonnes per $1million value added (constant prices),4814,Carbon dioxide equivalents,Seasonally adjusted
2012.12,AA1,Agriculture,Emissions intensity,Tonnes per $1million value added (constant prices),4811,Carbon dioxide equivalents,Seasonally adjusted
2013.03,AA1,Agriculture,Emissions intensity,Tonnes per $1million value added (constant prices),5034,Carbon dioxide equivalents,Seasonally adjusted
2013.06,AA1,Agriculture,Emissions intensity,Tonnes per $1million value added (constant prices),5450,Carbon dioxide equivalents,Seasonally adjusted
2013.09,AA1,Agriculture,Emissions intensity,Tonnes per $1million value added (constant prices),5069,Carbon dioxide equivalents,Seasonally adjusted
2013.12,AA1,Agriculture,Emissions intensity,Tonnes per $1million value added (constant prices),5254,Carbon dioxide equivalents,Seasonally adjusted
2014.03,AA1,Agriculture,Emissions intensity,Tonnes per $1million value added (constant prices),5091,Carbon dioxide equivalents,Seasonally adjusted
2014.06,AA1,Agriculture,Emissions intensity,Tonnes per $1million value added (constant prices),5089,Carbon dioxide equivalents,Seasonally adjusted
2014.09,AA1,Agriculture,Emissions intensity,Tonnes per $1million value added (constant prices),4925,Carbon dioxide equivalents,Seasonally adjusted
2014.12,AA1,Agriculture,Emissions intensity,Tonnes per $1million value added (constant prices),4846,Carbon dioxide equivalents,Seasonally adjusted
2015.03,AA1,Agriculture,Emissions intensity,Tonnes per $1million value added (constant prices),4874,Carbon dioxide equivalents,Seasonally adjusted
2015.06,AA1,Agriculture,Emissions intensity,Tonnes per $1million value added (constant prices),4850,Carbon dioxide equivalents,Seasonally adjusted
2015.09,AA1,Agriculture,Emissions intensity,Tonnes per $1million value added (constant prices),4616,Carbon dioxide equivalents,Seasonally adjusted
2015.12,AA1,Agriculture,Emissions intensity,Tonnes per $1million value added (constant prices),4666,Carbon dioxide equivalents,Seasonally adjusted
2016.03,AA1,Agriculture,Emissions intensity,Tonnes per $1million value added (constant prices),4654,Carbon dioxide equivalents,Seasonally adjusted
2016.06,AA1,Agriculture,Emissions intensity,Tonnes per $1million value added (constant prices),4518,Carbon dioxide equivalents,Seasonally adjusted
2016.09,AA1,Agriculture,Emissions intensity,Tonnes per $1million value added (constant prices),4744,Carbon dioxide equivalents,Seasonally adjusted
2016.12,AA1,Agriculture,Emissions intensity,Tonnes per $1million value added (constant prices),4730,Carbon dioxide equivalents,Seasonally adjusted
2017.03,AA1,Agriculture,Emissions intensity,Tonnes per $1million value added (constant prices),4653,Carbon dioxide equivalents,Seasonally adjusted
2017.06,AA1,Agriculture,Emissions intensity,Tonnes per $1million value added (constant prices),5076,Carbon dioxide equivalents,Seasonally adjusted
2017.09,AA1,Agriculture,Emissions intensity,Tonnes per $1million value added (constant prices),5154,Carbon dioxide equivalents,Seasonally adjusted
2017.12,AA1,Agriculture,Emissions intensity,Tonnes per $1million value added (constant prices),5175,Carbon dioxide equivalents,Seasonally adjusted
2018.03,AA1,Agriculture,Emissions intensity,Tonnes per $1million value added (constant prices),5042,Carbon dioxide equivalents,Seasonally adjusted
2018.06,AA1,Agriculture,Emissions intensity,Tonnes per $1million value added (constant prices),4866,Carbon dioxide equivalents,Seasonally adjusted
2018.09,AA1,Agriculture,Emissions intensity,Tonnes per $1million value added (constant prices),4895,Carbon dioxide equivalents,Seasonally adjusted
2018.12,AA1,Agriculture,Emissions intensity,Tonnes per $1million value added (constant prices),4823,Carbon dioxide equivalents,Seasonally adjusted
2019.03,AA1,Agriculture,Emissions intensity,Tonnes per $1million value added (constant prices),4921,Carbon dioxide equivalents,Seasonally adjusted
2019.06,AA1,Agriculture,Emissions intensity,Tonnes per $1million value added (constant prices),5057,Carbon dioxide equivalents,Seasonally adjusted
2019.09,AA1,Agriculture,Emissions intensity,Tonnes per $1million value added (constant prices),5056,Carbon dioxide equivalents,Seasonally adjusted
2019.12,AA1,Agriculture,Emissions intensity,Tonnes per $1million value added (constant prices),5056,Carbon dioxide equivalents,Seasonally adjusted
2020.03,AA1,Agriculture,Emissions intensity,Tonnes per $1million value added (constant prices),5037,Carbon dioxide equivalents,Seasonally adjusted
2020.06,AA1,Agriculture,Emissions intensity,Tonnes per $1million value added (constant prices),4956,Carbon dioxide equivalents,Seasonally adjusted
2020.09,AA1,Agriculture,Emissions intensity,Tonnes per $1million value added (constant prices),4743,Carbon dioxide equivalents,Seasonally adjusted
2020.12,AA1,Agriculture,Emissions intensity,Tonnes per $1million value added (constant prices),4801,Carbon dioxide equivalents,Seasonally adjusted
2021.03,AA1,Agriculture,Emissions intensity,Tonnes per $1million value added (constant prices),4778,Carbon dioxide equivalents,Seasonally adjusted
2021.06,AA1,Agriculture,Emissions intensity,Tonnes per $1million value added (constant prices),4711,Carbon dioxide equivalents,Seasonally adjusted
2021.09,AA1,Agriculture,Emissions intensity,Tonnes per $1million value added (constant prices),4932,Carbon dioxide equivalents,Seasonally adjusted
2021.12,AA1,Agriculture,Emissions intensity,Tonnes per $1million value added (constant prices),4953,Carbon dioxide equivalents,Seasonally adjusted
2022.03,AA1,Agriculture,Emissions intensity,Tonnes per $1million value added (constant prices),4884,Carbon dioxide equivalents,Seasonally adjusted
2022.06,AA1,Agriculture,Emissions intensity,Tonnes per $1million value added (constant prices),4879,Carbon dioxide equivalents,Seasonally adjusted
2022.09,AA1,Agriculture,Emissions intensity,Tonnes per $1million value added (constant prices),4767,Carbon dioxide equivalents,Seasonally adjusted
2022.12,AA1,Agriculture,Emissions intensity,Tonnes per $1million value added (constant prices),4654,Carbon dioxide equivalents,Seasonally adjusted
2023.03,AA1,Agriculture,Emissions intensity,Tonnes per $1million value added (constant prices),4522,Carbon dioxide equivalents,Seasonally adjusted
2023.06,AA1,Agriculture,Emissions intensity,Tonnes per $1million value added (constant prices),4523,Carbon dioxide equivalents,Seasonally adjusted
2023.09,AA1,Agriculture,Emissions intensity,Tonnes per $1million value added (constant prices),4385,Carbon dioxide equivalents,Seasonally adjusted
2023.12,AA1,Agriculture,Emissions intensity,Tonnes per $1million value added (constant prices),4320,Carbon dioxide equivalents,Seasonally adjusted
2024.03,AA1,Agriculture,Emissions intensity,Tonnes per $1million value added (constant prices),4258,Carbon dioxide equivalents,Seasonally adjusted
2024.06,AA1,Agriculture,Emissions intensity,Tonnes per $1million value added (constant prices),4070,Carbon dioxide equivalents,Seasonally adjusted
2024.09,AA1,Agriculture,Emissions intensity,Tonnes per $1million value added (constant prices),4010,Carbon dioxide equivalents,Seasonally adjusted
2024.12,AA1,Agriculture,Emissions intensity,Tonnes per $1million value added (constant prices),4035,Carbon dioxide equivalents,Seasonally adjusted
2025.03,AA1,Agriculture,Emissions intensity,Tonnes per $1million value added (constant prices),4033,Carbon dioxide equivalents,Seasonally adjusted
2025.06,AA1,Agriculture,Emissions intensity,Tonnes per $1million value added (constant prices),3965,Carbon dioxide equivalents,Seasonally adjusted
2025.09,AA1,Agriculture,Emissions intensity,Tonnes per $1million value added (constant prices),3979,Carbon dioxide equivalents,Seasonally adjusted
2025.12,AA1,Agriculture,Emissions intensity,Tonnes per $1million value added (constant prices),3965,Carbon dioxide equivalents,Seasonally adjusted
2010.03,AAZ,"Agriculture, forestry, and fishing",Emissions intensity,Tonnes per $1million value added (constant prices),4038,Carbon dioxide equivalents,Seasonally adjusted
2010.06,AAZ,"Agriculture, forestry, and fishing",Emissions intensity,Tonnes per $1million value added (constant prices),4308,Carbon dioxide equivalents,Seasonally adjusted
2010.09,AAZ,"Agriculture, forestry, and fishing",Emissions intensity,Tonnes per $1million value added (constant prices),4272,Carbon dioxide equivalents,Seasonally adjusted
2010.12,AAZ,"Agriculture, forestry, and fishing",Emissions intensity,Tonnes per $1million value added (constant prices),4240,Carbon dioxide equivalents,Seasonally adjusted
2011.03,AAZ,"Agriculture, forestry, and fishing",Emissions intensity,Tonnes per $1million value added (constant prices),4113,Carbon dioxide equivalents,Seasonally adjusted
2011.06,AAZ,"Agriculture, forestry, and fishing",Emissions intensity,Tonnes per $1million value added (constant prices),3881,Carbon dioxide equivalents,Seasonally adjusted
2011.09,AAZ,"Agriculture, forestry, and fishing",Emissions intensity,Tonnes per $1million value added (constant prices),3974,Carbon dioxide equivalents,Seasonally adjusted
2011.12,AAZ,"Agriculture, forestry, and fishing",Emissions intensity,Tonnes per $1million value added (constant prices),3939,Carbon dioxide equivalents,Seasonally adjusted
2012.03,AAZ,"Agriculture, forestry, and fishing",Emissions intensity,Tonnes per $1million value added (constant prices),3833,Carbon dioxide equivalents,Seasonally adjusted
2012.06,AAZ,"Agriculture, forestry, and fishing",Emissions intensity,Tonnes per $1million value added (constant prices),3749,Carbon dioxide equivalents,Seasonally adjusted
2012.09,AAZ,"Agriculture, forestry, and fishing",Emissions intensity,Tonnes per $1million value added (constant prices),3717,Carbon dioxide equivalents,Seasonally adjusted
2012.12,AAZ,"Agriculture, forestry, and fishing",Emissions intensity,Tonnes per $1million value added (constant prices),3695,Carbon dioxide equivalents,Seasonally adjusted
2013.03,AAZ,"Agriculture, forestry, and fishing",Emissions intensity,Tonnes per $1million value added (constant prices),3825,Carbon dioxide equivalents,Seasonally adjusted
2013.06,AAZ,"Agriculture, forestry, and fishing",Emissions intensity,Tonnes per $1million value added (constant prices),4026,Carbon dioxide equivalents,Seasonally adjusted
2013.09,AAZ,"Agriculture, forestry, and fishing",Emissions intensity,Tonnes per $1million value added (constant prices),3795,Carbon dioxide equivalents,Seasonally adjusted
2013.12,AAZ,"Agriculture, forestry, and fishing",Emissions intensity,Tonnes per $1million value added (constant prices),3886,Carbon dioxide equivalents,Seasonally adjusted
2014.03,AAZ,"Agriculture, forestry, and fishing",Emissions intensity,Tonnes per $1million value added (constant prices),3778,Carbon dioxide equivalents,Seasonally adjusted
2014.06,AAZ,"Agriculture, forestry, and fishing",Emissions intensity,Tonnes per $1million value added (constant prices),3771,Carbon dioxide equivalents,Seasonally adjusted
2014.09,AAZ,"Agriculture, forestry, and fishing",Emissions intensity,Tonnes per $1million value added (constant prices),3694,Carbon dioxide equivalents,Seasonally adjusted
2014.12,AAZ,"Agriculture, forestry, and fishing",Emissions intensity,Tonnes per $1million value added (constant prices),3625,Carbon dioxide equivalents,Seasonally adjusted
2015.03,AAZ,"Agriculture, forestry, and fishing",Emissions intensity,Tonnes per $1million value added (constant prices),3626,Carbon dioxide equivalents,Seasonally adjusted
2015.06,AAZ,"Agriculture, forestry, and fishing",Emissions intensity,Tonnes per $1million value added (constant prices),3626,Carbon dioxide equivalents,Seasonally adjusted
2015.09,AAZ,"Agriculture, forestry, and fishing",Emissions intensity,Tonnes per $1million value added (constant prices),3508,Carbon dioxide equivalents,Seasonally adjusted
2015.12,AAZ,"Agriculture, forestry, and fishing",Emissions intensity,Tonnes per $1million value added (constant prices),3512,Carbon dioxide equivalents,Seasonally adjusted
2016.03,AAZ,"Agriculture, forestry, and fishing",Emissions intensity,Tonnes per $1million value added (constant prices),3481,Carbon dioxide equivalents,Seasonally adjusted
2016.06,AAZ,"Agriculture, forestry, and fishing",Emissions intensity,Tonnes per $1million value added (constant prices),3395,Carbon dioxide equivalents,Seasonally adjusted
2016.09,AAZ,"Agriculture, forestry, and fishing",Emissions intensity,Tonnes per $1million value added (constant prices),3473,Carbon dioxide equivalents,Seasonally adjusted
2016.12,AAZ,"Agriculture, forestry, and fishing",Emissions intensity,Tonnes per $1million value added (constant prices),3500,Carbon dioxide equivalents,Seasonally adjusted
2017.03,AAZ,"Agriculture, forestry, and fishing",Emissions intensity,Tonnes per $1million value added (constant prices),3456,Carbon dioxide equivalents,Seasonally adjusted
2017.06,AAZ,"Agriculture, forestry, and fishing",Emissions intensity,Tonnes per $1million value added (constant prices),3625,Carbon dioxide equivalents,Seasonally adjusted
2017.09,AAZ,"Agriculture, forestry, and fishing",Emissions intensity,Tonnes per $1million value added (constant prices),3638,Carbon dioxide equivalents,Seasonally adjusted
2017.12,AAZ,"Agriculture, forestry, and fishing",Emissions intensity,Tonnes per $1million value added (constant prices),3608,Carbon dioxide equivalents,Seasonally adjusted
2018.03,AAZ,"Agriculture, forestry, and fishing",Emissions intensity,Tonnes per $1million value added (constant prices),3556,Carbon dioxide equivalents,Seasonally adjusted
2018.06,AAZ,"Agriculture, forestry, and fishing",Emissions intensity,Tonnes per $1million value added (constant prices),3480,Carbon dioxide equivalents,Seasonally adjusted
2018.09,AAZ,"Agriculture, forestry, and fishing",Emissions intensity,Tonnes per $1million value added (constant prices),3488,Carbon dioxide equivalents,Seasonally adjusted
2018.12,AAZ,"Agriculture, forestry, and fishing",Emissions intensity,Tonnes per $1million value added (constant prices),3435,Carbon dioxide equivalents,Seasonally adjusted
2019.03,AAZ,"Agriculture, forestry, and fishing",Emissions intensity,Tonnes per $1million value added (constant prices),3466,Carbon dioxide equivalents,Seasonally adjusted
2019.06,AAZ,"Agriculture, forestry, and fishing",Emissions intensity,Tonnes per $1million value added (constant prices),3552,Carbon dioxide equivalents,Seasonally adjusted
2019.09,AAZ,"Agriculture, forestry, and fishing",Emissions intensity,Tonnes per $1million value added (constant prices),3562,Carbon dioxide equivalents,Seasonally adjusted
2019.12,AAZ,"Agriculture, forestry, and fishing",Emissions intensity,Tonnes per $1million value added (constant prices),3577,Carbon dioxide equivalents,Seasonally adjusted
2020.03,AAZ,"Agriculture, forestry, and fishing",Emissions intensity,Tonnes per $1million value added (constant prices),3583,Carbon dioxide equivalents,Seasonally adjusted
2020.06,AAZ,"Agriculture, forestry, and fishing",Emissions intensity,Tonnes per $1million value added (constant prices),3579,Carbon dioxide equivalents,Seasonally adjusted
2020.09,AAZ,"Agriculture, forestry, and fishing",Emissions intensity,Tonnes per $1million value added (constant prices),3356,Carbon dioxide equivalents,Seasonally adjusted
2020.12,AAZ,"Agriculture, forestry, and fishing",Emissions intensity,Tonnes per $1million value added (constant prices),3396,Carbon dioxide equivalents,Seasonally adjusted
2021.03,AAZ,"Agriculture, forestry, and fishing",Emissions intensity,Tonnes per $1million value added (constant prices),3373,Carbon dioxide equivalents,Seasonally adjusted
2021.06,AAZ,"Agriculture, forestry, and fishing",Emissions intensity,Tonnes per $1million value added (constant prices),3336,Carbon dioxide equivalents,Seasonally adjusted
2021.09,AAZ,"Agriculture, forestry, and fishing",Emissions intensity,Tonnes per $1million value added (constant prices),3469,Carbon dioxide equivalents,Seasonally adjusted
2021.12,AAZ,"Agriculture, forestry, and fishing",Emissions intensity,Tonnes per $1million value added (constant prices),3451,Carbon dioxide equivalents,Seasonally adjusted
2022.03,AAZ,"Agriculture, forestry, and fishing",Emissions intensity,Tonnes per $1million value added (constant prices),3403,Carbon dioxide equivalents,Seasonally adjusted
2022.06,AAZ,"Agriculture, forestry, and fishing",Emissions intensity,Tonnes per $1million value added (constant prices),3374,Carbon dioxide equivalents,Seasonally adjusted
2022.09,AAZ,"Agriculture, forestry, and fishing",Emissions intensity,Tonnes per $1million value added (constant prices),3326,Carbon dioxide equivalents,Seasonally adjusted
2022.12,AAZ,"Agriculture, forestry, and fishing",Emissions intensity,Tonnes per $1million value added (constant prices),3292,Carbon dioxide equivalents,Seasonally adjusted
2023.03,AAZ,"Agriculture, forestry, and fishing",Emissions intensity,Tonnes per $1million value added (constant prices),3229,Carbon dioxide equivalents,Seasonally adjusted
2023.06,AAZ,"Agriculture, forestry, and fishing",Emissions intensity,Tonnes per $1million value added (constant prices),3232,Carbon dioxide equivalents,Seasonally adjusted
2023.09,AAZ,"Agriculture, forestry, and fishing",Emissions intensity,Tonnes per $1million value added (constant prices),3158,Carbon dioxide equivalents,Seasonally adjusted
2023.12,AAZ,"Agriculture, forestry, and fishing",Emissions intensity,Tonnes per $1million value added (constant prices),3125,Carbon dioxide equivalents,Seasonally adjusted
2024.03,AAZ,"Agriculture, forestry, and fishing",Emissions intensity,Tonnes per $1million value added (constant prices),3097,Carbon dioxide equivalents,Seasonally adjusted
2024.06,AAZ,"Agriculture, forestry, and fishing",Emissions intensity,Tonnes per $1million value added (constant prices),3007,Carbon dioxide equivalents,Seasonally adjusted
2024.09,AAZ,"Agriculture, forestry, and fishing",Emissions intensity,Tonnes per $1million value added (constant prices),2966,Carbon dioxide equivalents,Seasonally adjusted
2024.12,AAZ,"Agriculture, forestry, and fishing",Emissions intensity,Tonnes per $1million value added (constant prices),2973,Carbon dioxide equivalents,Seasonally adjusted
2025.03,AAZ,"Agriculture, forestry, and fishing",Emissions intensity,Tonnes per $1million value added (constant prices),2971,Carbon dioxide equivalents,Seasonally adjusted
2025.06,AAZ,"Agriculture, forestry, and fishing",Emissions intensity,Tonnes per $1million value added (constant prices),2952,Carbon dioxide equivalents,Seasonally adjusted
2025.09,AAZ,"Agriculture, forestry, and fishing",Emissions intensity,Tonnes per $1million value added (constant prices),2946,Carbon dioxide equivalents,Seasonally adjusted
2025.12,AAZ,"Agriculture, forestry, and fishing",Emissions intensity,Tonnes per $1million value added (constant prices),2933,Carbon dioxide equivalents,Seasonally adjusted
2010.03,BB1,Mining,Emissions intensity,Tonnes per $1million value added (constant prices),559,Carbon dioxide equivalents,Seasonally adjusted
2010.06,BB1,Mining,Emissions intensity,Tonnes per $1million value added (constant prices),585,Carbon dioxide equivalents,Seasonally adjusted
2010.09,BB1,Mining,Emissions intensity,Tonnes per $1million value added (constant prices),668,Carbon dioxide equivalents,Seasonally adjusted
2010.12,BB1,Mining,Emissions intensity,Tonnes per $1million value added (constant prices),699,Carbon dioxide equivalents,Seasonally adjusted
2011.03,BB1,Mining,Emissions intensity,Tonnes per $1million value added (constant prices),667,Carbon dioxide equivalents,Seasonally adjusted
2011.06,BB1,Mining,Emissions intensity,Tonnes per $1million value added (constant prices),723,Carbon dioxide equivalents,Seasonally adjusted
2011.09,BB1,Mining,Emissions intensity,Tonnes per $1million value added (constant prices),707,Carbon dioxide equivalents,Seasonally adjusted
2011.12,BB1,Mining,Emissions intensity,Tonnes per $1million value added (constant prices),670,Carbon dioxide equivalents,Seasonally adjusted
2012.03,BB1,Mining,Emissions intensity,Tonnes per $1million value added (constant prices),611,Carbon dioxide equivalents,Seasonally adjusted
2012.06,BB1,Mining,Emissions intensity,Tonnes per $1million value added (constant prices),583,Carbon dioxide equivalents,Seasonally adjusted
2012.09,BB1,Mining,Emissions intensity,Tonnes per $1million value added (constant prices),570,Carbon dioxide equivalents,Seasonally adjusted
2012.12,BB1,Mining,Emissions intensity,Tonnes per $1million value added (constant prices),513,Carbon dioxide equivalents,Seasonally adjusted
2013.03,BB1,Mining,Emissions intensity,Tonnes per $1million value added (constant prices),484,Carbon dioxide equivalents,Seasonally adjusted
2013.06,BB1,Mining,Emissions intensity,Tonnes per $1million value added (constant prices),494,Carbon dioxide equivalents,Seasonally adjusted
2013.09,BB1,Mining,Emissions intensity,Tonnes per $1million value added (constant prices),448,Carbon dioxide equivalents,Seasonally adjusted
2013.12,BB1,Mining,Emissions intensity,Tonnes per $1million value added (constant prices),453,Carbon dioxide equivalents,Seasonally adjusted
2014.03,BB1,Mining,Emissions intensity,Tonnes per $1million value added (constant prices),425,Carbon dioxide equivalents,Seasonally adjusted
2014.06,BB1,Mining,Emissions intensity,Tonnes per $1million value added (constant prices),424,Carbon dioxide equivalents,Seasonally adjusted
2014.09,BB1,Mining,Emissions intensity,Tonnes per $1million value added (constant prices),443,Carbon dioxide equivalents,Seasonally adjusted
2014.12,BB1,Mining,Emissions intensity,Tonnes per $1million value added (constant prices),401,Carbon dioxide equivalents,Seasonally adjusted
2015.03,BB1,Mining,Emissions intensity,Tonnes per $1million value added (constant prices),430,Carbon dioxide equivalents,Seasonally adjusted
2015.06,BB1,Mining,Emissions intensity,Tonnes per $1million value added (constant prices),484,Carbon dioxide equivalents,Seasonally adjusted
2015.09,BB1,Mining,Emissions intensity,Tonnes per $1million value added (constant prices),531,Carbon dioxide equivalents,Seasonally adjusted
2015.12,BB1,Mining,Emissions intensity,Tonnes per $1million value added (constant prices),516,Carbon dioxide equivalents,Seasonally adjusted
2016.03,BB1,Mining,Emissions intensity,Tonnes per $1million value added (constant prices),504,Carbon dioxide equivalents,Seasonally adjusted
2016.06,BB1,Mining,Emissions intensity,Tonnes per $1million value added (constant prices),467,Carbon dioxide equivalents,Seasonally adjusted
2016.09,BB1,Mining,Emissions intensity,Tonnes per $1million value added (constant prices),505,Carbon dioxide equivalents,Seasonally adjusted
2016.12,BB1,Mining,Emissions intensity,Tonnes per $1million value added (constant prices),445,Carbon dioxide equivalents,Seasonally adjusted
2017.03,BB1,Mining,Emissions intensity,Tonnes per $1million value added (constant prices),437,Carbon dioxide equivalents,Seasonally adjusted
2017.06,BB1,Mining,Emissions intensity,Tonnes per $1million value added (constant prices),469,Carbon dioxide equivalents,Seasonally adjusted
2017.09,BB1,Mining,Emissions intensity,Tonnes per $1million value added (constant prices),482,Carbon dioxide equivalents,Seasonally adjusted
2017.12,BB1,Mining,Emissions intensity,Tonnes per $1million value added (constant prices),478,Carbon dioxide equivalents,Seasonally adjusted
2018.03,BB1,Mining,Emissions intensity,Tonnes per $1million value added (constant prices),468,Carbon dioxide equivalents,Seasonally adjusted
2018.06,BB1,Mining,Emissions intensity,Tonnes per $1million value added (constant prices),501,Carbon dioxide equivalents,Seasonally adjusted
2018.09,BB1,Mining,Emissions intensity,Tonnes per $1million value added (constant prices),457,Carbon dioxide equivalents,Seasonally adjusted
2018.12,BB1,Mining,Emissions intensity,Tonnes per $1million value added (constant prices),447,Carbon dioxide equivalents,Seasonally adjusted
2019.03,BB1,Mining,Emissions intensity,Tonnes per $1million value added (constant prices),456,Carbon dioxide equivalents,Seasonally adjusted
2019.06,BB1,Mining,Emissions intensity,Tonnes per $1million value added (constant prices),493,Carbon dioxide equivalents,Seasonally adjusted
2019.09,BB1,Mining,Emissions intensity,Tonnes per $1million value added (constant prices),487,Carbon dioxide equivalents,Seasonally adjusted
2019.12,BB1,Mining,Emissions intensity,Tonnes per $1million value added (constant prices),477,Carbon dioxide equivalents,Seasonally adjusted
2020.03,BB1,Mining,Emissions intensity,Tonnes per $1million value added (constant prices),443,Carbon dioxide equivalents,Seasonally adjusted
2020.06,BB1,Mining,Emissions intensity,Tonnes per $1million value added (constant prices),485,Carbon dioxide equivalents,Seasonally adjusted
2020.09,BB1,Mining,Emissions intensity,Tonnes per $1million value added (constant prices),452,Carbon dioxide equivalents,Seasonally adjusted
2020.12,BB1,Mining,Emissions intensity,Tonnes per $1million value added (constant prices),433,Carbon dioxide equivalents,Seasonally adjusted
2021.03,BB1,Mining,Emissions intensity,Tonnes per $1million value added (constant prices),466,Carbon dioxide equivalents,Seasonally adjusted
2021.06,BB1,Mining,Emissions intensity,Tonnes per $1million value added (constant prices),472,Carbon dioxide equivalents,Seasonally adjusted
2021.09,BB1,Mining,Emissions intensity,Tonnes per $1million value added (constant prices),511,Carbon dioxide equivalents,Seasonally adjusted
2021.12,BB1,Mining,Emissions intensity,Tonnes per $1million value added (constant prices),468,Carbon dioxide equivalents,Seasonally adjusted
2022.03,BB1,Mining,Emissions intensity,Tonnes per $1million value added (constant prices),563,Carbon dioxide equivalents,Seasonally adjusted
2022.06,BB1,Mining,Emissions intensity,Tonnes per $1million value added (constant prices),626,Carbon dioxide equivalents,Seasonally adjusted
2022.09,BB1,Mining,Emissions intensity,Tonnes per $1million value added (constant prices),593,Carbon dioxide equivalents,Seasonally adjusted
2022.12,BB1,Mining,Emissions intensity,Tonnes per $1million value added (constant prices),588,Carbon dioxide equivalents,Seasonally adjusted
2023.03,BB1,Mining,Emissions intensity,Tonnes per $1million value added (constant prices),506,Carbon dioxide equivalents,Seasonally adjusted
2023.06,BB1,Mining,Emissions intensity,Tonnes per $1million value added (constant prices),487,Carbon dioxide equivalents,Seasonally adjusted
2023.09,BB1,Mining,Emissions intensity,Tonnes per $1million value added (constant prices),465,Carbon dioxide equivalents,Seasonally adjusted
2023.12,BB1,Mining,Emissions intensity,Tonnes per $1million value added (constant prices),519,Carbon dioxide equivalents,Seasonally adjusted
2024.03,BB1,Mining,Emissions intensity,Tonnes per $1million value added (constant prices),508,Carbon dioxide equivalents,Seasonally adjusted
2024.06,BB1,Mining,Emissions intensity,Tonnes per $1million value added (constant prices),516,Carbon dioxide equivalents,Seasonally adjusted
2024.09,BB1,Mining,Emissions intensity,Tonnes per $1million value added (constant prices),556,Carbon dioxide equivalents,Seasonally adjusted
2024.12,BB1,Mining,Emissions intensity,Tonnes per $1million value added (constant prices),500,Carbon dioxide equivalents,Seasonally adjusted
2025.03,BB1,Mining,Emissions intensity,Tonnes per $1million value added (constant prices),494,Carbon dioxide equivalents,Seasonally adjusted
2025.06,BB1,Mining,Emissions intensity,Tonnes per $1million value added (constant prices),487,Carbon dioxide equivalents,Seasonally adjusted
2025.09,BB1,Mining,Emissions intensity,Tonnes per $1million value added (constant prices),503,Carbon dioxide equivalents,Seasonally adjusted
2025.12,BB1,Mining,Emissions intensity,Tonnes per $1million value added (constant prices),445,Carbon dioxide equivalents,Seasonally adjusted
2010.03,C34,Wood and paper products manufacturing and printing,Emissions intensity,Tonnes per $1million value added (constant prices),212,Carbon dioxide equivalents,Seasonally adjusted
2010.06,C34,Wood and paper products manufacturing and printing,Emissions intensity,Tonnes per $1million value added (constant prices),222,Carbon dioxide equivalents,Seasonally adjusted
2010.09,C34,Wood and paper products manufacturing and printing,Emissions intensity,Tonnes per $1million value added (constant prices),220,Carbon dioxide equivalents,Seasonally adjusted
2010.12,C34,Wood and paper products manufacturing and printing,Emissions intensity,Tonnes per $1million value added (constant prices),218,Carbon dioxide equivalents,Seasonally adjusted
2011.03,C34,Wood and paper products manufacturing and printing,Emissions intensity,Tonnes per $1million value added (constant prices),233,Carbon dioxide equivalents,Seasonally adjusted
2011.06,C34,Wood and paper products manufacturing and printing,Emissions intensity,Tonnes per $1million value added (constant prices),233,Carbon dioxide equivalents,Seasonally adjusted
2011.09,C34,Wood and paper products manufacturing and printing,Emissions intensity,Tonnes per $1million value added (constant prices),224,Carbon dioxide equivalents,Seasonally adjusted
2011.12,C34,Wood and paper products manufacturing and printing,Emissions intensity,Tonnes per $1million value added (constant prices),240,Carbon dioxide equivalents,Seasonally adjusted
2012.03,C34,Wood and paper products manufacturing and printing,Emissions intensity,Tonnes per $1million value added (constant prices),242,Carbon dioxide equivalents,Seasonally adjusted
2012.06,C34,Wood and paper products manufacturing and printing,Emissions intensity,Tonnes per $1million value added (constant prices),252,Carbon dioxide equivalents,Seasonally adjusted
2012.09,C34,Wood and paper products manufacturing and printing,Emissions intensity,Tonnes per $1million value added (constant prices),257,Carbon dioxide equivalents,Seasonally adjusted
2012.12,C34,Wood and paper products manufacturing and printing,Emissions intensity,Tonnes per $1million value added (constant prices),238,Carbon dioxide equivalents,Seasonally adjusted
2013.03,C34,Wood and paper products manufacturing and printing,Emissions intensity,Tonnes per $1million value added (constant prices),234,Carbon dioxide equivalents,Seasonally adjusted
2013.06,C34,Wood and paper products manufacturing and printing,Emissions intensity,Tonnes per $1million value added (constant prices),222,Carbon dioxide equivalents,Seasonally adjusted
2013.09,C34,Wood and paper products manufacturing and printing,Emissions intensity,Tonnes per $1million value added (constant prices),216,Carbon dioxide equivalents,Seasonally adjusted
2013.12,C34,Wood and paper products manufacturing and printing,Emissions intensity,Tonnes per $1million value added (constant prices),216,Carbon dioxide equivalents,Seasonally adjusted
2014.03,C34,Wood and paper products manufacturing and printing,Emissions intensity,Tonnes per $1million value added (constant prices),208,Carbon dioxide equivalents,Seasonally adjusted
2014.06,C34,Wood and paper products manufacturing and printing,Emissions intensity,Tonnes per $1million value added (constant prices),212,Carbon dioxide equivalents,Seasonally adjusted
2014.09,C34,Wood and paper products manufacturing and printing,Emissions intensity,Tonnes per $1million value added (constant prices),229,Carbon dioxide equivalents,Seasonally adjusted
2014.12,C34,Wood and paper products manufacturing and printing,Emissions intensity,Tonnes per $1million value added (constant prices),223,Carbon dioxide equivalents,Seasonally adjusted
2015.03,C34,Wood and paper products manufacturing and printing,Emissions intensity,Tonnes per $1million value added (constant prices),210,Carbon dioxide equivalents,Seasonally adjusted
2015.06,C34,Wood and paper products manufacturing and printing,Emissions intensity,Tonnes per $1million value added (constant prices),204,Carbon dioxide equivalents,Seasonally adjusted
2015.09,C34,Wood and paper products manufacturing and printing,Emissions intensity,Tonnes per $1million value added (constant prices),210,Carbon dioxide equivalents,Seasonally adjusted
2015.12,C34,Wood and paper products manufacturing and printing,Emissions intensity,Tonnes per $1million value added (constant prices),226,Carbon dioxide equivalents,Seasonally adjusted
2016.03,C34,Wood and paper products manufacturing and printing,Emissions intensity,Tonnes per $1million value added (constant prices),242,Carbon dioxide equivalents,Seasonally adjusted
2016.06,C34,Wood and paper products manufacturing and printing,Emissions intensity,Tonnes per $1million value added (constant prices),227,Carbon dioxide equivalents,Seasonally adjusted
2016.09,C34,Wood and paper products manufacturing and printing,Emissions intensity,Tonnes per $1million value added (constant prices),247,Carbon dioxide equivalents,Seasonally adjusted
2016.12,C34,Wood and paper products manufacturing and printing,Emissions intensity,Tonnes per $1million value added (constant prices),129,Carbon dioxide equivalents,Seasonally adjusted
2017.03,C34,Wood and paper products manufacturing and printing,Emissions intensity,Tonnes per $1million value added (constant prices),247,Carbon dioxide equivalents,Seasonally adjusted
2017.06,C34,Wood and paper products manufacturing and printing,Emissions intensity,Tonnes per $1million value added (constant prices),231,Carbon dioxide equivalents,Seasonally adjusted
2017.09,C34,Wood and paper products manufacturing and printing,Emissions intensity,Tonnes per $1million value added (constant prices),227,Carbon dioxide equivalents,Seasonally adjusted
2017.12,C34,Wood and paper products manufacturing and printing,Emissions intensity,Tonnes per $1million value added (constant prices),244,Carbon dioxide equivalents,Seasonally adjusted
2018.03,C34,Wood and paper products manufacturing and printing,Emissions intensity,Tonnes per $1million value added (constant prices),226,Carbon dioxide equivalents,Seasonally adjusted
2018.06,C34,Wood and paper products manufacturing and printing,Emissions intensity,Tonnes per $1million value added (constant prices),235,Carbon dioxide equivalents,Seasonally adjusted
2018.09,C34,Wood and paper products manufacturing and printing,Emissions intensity,Tonnes per $1million value added (constant prices),222,Carbon dioxide equivalents,Seasonally adjusted
2018.12,C34,Wood and paper products manufacturing and printing,Emissions intensity,Tonnes per $1million value added (constant prices),224,Carbon dioxide equivalents,Seasonally adjusted
2019.03,C34,Wood and paper products manufacturing and printing,Emissions intensity,Tonnes per $1million value added (constant prices),223,Carbon dioxide equivalents,Seasonally adjusted
2019.06,C34,Wood and paper products manufacturing and printing,Emissions intensity,Tonnes per $1million value added (constant prices),221,Carbon dioxide equivalents,Seasonally adjusted
2019.09,C34,Wood and paper products manufacturing and printing,Emissions intensity,Tonnes per $1million value added (constant prices),226,Carbon dioxide equivalents,Seasonally adjusted
2019.12,C34,Wood and paper products manufacturing and printing,Emissions intensity,Tonnes per $1million value added (constant prices),233,Carbon dioxide equivalents,Seasonally adjusted
2020.03,C34,Wood and paper products manufacturing and printing,Emissions intensity,Tonnes per $1million value added (constant prices),203,Carbon dioxide equivalents,Seasonally adjusted
2020.06,C34,Wood and paper products manufacturing and printing,Emissions intensity,Tonnes per $1million value added (constant prices),226,Carbon dioxide equivalents,Seasonally adjusted
2020.09,C34,Wood and paper products manufacturing and printing,Emissions intensity,Tonnes per $1million value added (constant prices),215,Carbon dioxide equivalents,Seasonally adjusted
2020.12,C34,Wood and paper products manufacturing and printing,Emissions intensity,Tonnes per $1million value added (constant prices),206,Carbon dioxide equivalents,Seasonally adjusted
2021.03,C34,Wood and paper products manufacturing and printing,Emissions intensity,Tonnes per $1million value added (constant prices),210,Carbon dioxide equivalents,Seasonally adjusted
2021.06,C34,Wood and paper products manufacturing and printing,Emissions intensity,Tonnes per $1million value added (constant prices),210,Carbon dioxide equivalents,Seasonally adjusted
2021.09,C34,Wood and paper products manufacturing and printing,Emissions intensity,Tonnes per $1million value added (constant prices),207,Carbon dioxide equivalents,Seasonally adjusted
2021.12,C34,Wood and paper products manufacturing and printing,Emissions intensity,Tonnes per $1million value added (constant prices),162,Carbon dioxide equivalents,Seasonally adjusted
2022.03,C34,Wood and paper products manufacturing and printing,Emissions intensity,Tonnes per $1million value added (constant prices),185,Carbon dioxide equivalents,Seasonally adjusted
2022.06,C34,Wood and paper products manufacturing and printing,Emissions intensity,Tonnes per $1million value added (constant prices),169,Carbon dioxide equivalents,Seasonally adjusted
2022.09,C34,Wood and paper products manufacturing and printing,Emissions intensity,Tonnes per $1million value added (constant prices),198,Carbon dioxide equivalents,Seasonally adjusted
2022.12,C34,Wood and paper products manufacturing and printing,Emissions intensity,Tonnes per $1million value added (constant prices),213,Carbon dioxide equivalents,Seasonally adjusted
2023.03,C34,Wood and paper products manufacturing and printing,Emissions intensity,Tonnes per $1million value added (constant prices),195,Carbon dioxide equivalents,Seasonally adjusted
2023.06,C34,Wood and paper products manufacturing and printing,Emissions intensity,Tonnes per $1million value added (constant prices),216,Carbon dioxide equivalents,Seasonally adjusted
2023.09,C34,Wood and paper products manufacturing and printing,Emissions intensity,Tonnes per $1million value added (constant prices),189,Carbon dioxide equivalents,Seasonally adjusted
2023.12,C34,Wood and paper products manufacturing and printing,Emissions intensity,Tonnes per $1million value added (constant prices),215,Carbon dioxide equivalents,Seasonally adjusted
2024.03,C34,Wood and paper products manufacturing and printing,Emissions intensity,Tonnes per $1million value added (constant prices),204,Carbon dioxide equivalents,Seasonally adjusted
2024.06,C34,Wood and paper products manufacturing and printing,Emissions intensity,Tonnes per $1million value added (constant prices),189,Carbon dioxide equivalents,Seasonally adjusted
2024.09,C34,Wood and paper products manufacturing and printing,Emissions intensity,Tonnes per $1million value added (constant prices),188,Carbon dioxide equivalents,Seasonally adjusted
2024.12,C34,Wood and paper products manufacturing and printing,Emissions intensity,Tonnes per $1million value added (constant prices),210,Carbon dioxide equivalents,Seasonally adjusted
2025.03,C34,Wood and paper products manufacturing and printing,Emissions intensity,Tonnes per $1million value added (constant prices),235,Carbon dioxide equivalents,Seasonally adjusted
2025.06,C34,Wood and paper products manufacturing and printing,Emissions intensity,Tonnes per $1million value added (constant prices),249,Carbon dioxide equivalents,Seasonally adjusted
2025.09,C34,Wood and paper products manufacturing and printing,Emissions intensity,Tonnes per $1million value added (constant prices),236,Carbon dioxide equivalents,Seasonally adjusted
2025.12,C34,Wood and paper products manufacturing and printing,Emissions intensity,Tonnes per $1million value added (constant prices),212,Carbon dioxide equivalents,Seasonally adjusted
2010.03,C67,Non-metallic mineral and metallic product manufacturing,Emissions intensity,Tonnes per $1million value added (constant prices),1135,Carbon dioxide equivalents,Seasonally adjusted
2010.06,C67,Non-metallic mineral and metallic product manufacturing,Emissions intensity,Tonnes per $1million value added (constant prices),1260,Carbon dioxide equivalents,Seasonally adjusted
2010.09,C67,Non-metallic mineral and metallic product manufacturing,Emissions intensity,Tonnes per $1million value added (constant prices),1180,Carbon dioxide equivalents,Seasonally adjusted
2010.12,C67,Non-metallic mineral and metallic product manufacturing,Emissions intensity,Tonnes per $1million value added (constant prices),1146,Carbon dioxide equivalents,Seasonally adjusted
2011.03,C67,Non-metallic mineral and metallic product manufacturing,Emissions intensity,Tonnes per $1million value added (constant prices),1167,Carbon dioxide equivalents,Seasonally adjusted
2011.06,C67,Non-metallic mineral and metallic product manufacturing,Emissions intensity,Tonnes per $1million value added (constant prices),1193,Carbon dioxide equivalents,Seasonally adjusted
2011.09,C67,Non-metallic mineral and metallic product manufacturing,Emissions intensity,Tonnes per $1million value added (constant prices),1179,Carbon dioxide equivalents,Seasonally adjusted
2011.12,C67,Non-metallic mineral and metallic product manufacturing,Emissions intensity,Tonnes per $1million value added (constant prices),1239,Carbon dioxide equivalents,Seasonally adjusted
2012.03,C67,Non-metallic mineral and metallic product manufacturing,Emissions intensity,Tonnes per $1million value added (constant prices),1106,Carbon dioxide equivalents,Seasonally adjusted
2012.06,C67,Non-metallic mineral and metallic product manufacturing,Emissions intensity,Tonnes per $1million value added (constant prices),1174,Carbon dioxide equivalents,Seasonally adjusted
2012.09,C67,Non-metallic mineral and metallic product manufacturing,Emissions intensity,Tonnes per $1million value added (constant prices),1188,Carbon dioxide equivalents,Seasonally adjusted
2012.12,C67,Non-metallic mineral and metallic product manufacturing,Emissions intensity,Tonnes per $1million value added (constant prices),1172,Carbon dioxide equivalents,Seasonally adjusted
2013.03,C67,Non-metallic mineral and metallic product manufacturing,Emissions intensity,Tonnes per $1million value added (constant prices),1247,Carbon dioxide equivalents,Seasonally adjusted
2013.06,C67,Non-metallic mineral and metallic product manufacturing,Emissions intensity,Tonnes per $1million value added (constant prices),1303,Carbon dioxide equivalents,Seasonally adjusted
2013.09,C67,Non-metallic mineral and metallic product manufacturing,Emissions intensity,Tonnes per $1million value added (constant prices),1249,Carbon dioxide equivalents,Seasonally adjusted
2013.12,C67,Non-metallic mineral and metallic product manufacturing,Emissions intensity,Tonnes per $1million value added (constant prices),1297,Carbon dioxide equivalents,Seasonally adjusted
2014.03,C67,Non-metallic mineral and metallic product manufacturing,Emissions intensity,Tonnes per $1million value added (constant prices),1151,Carbon dioxide equivalents,Seasonally adjusted
2014.06,C67,Non-metallic mineral and metallic product manufacturing,Emissions intensity,Tonnes per $1million value added (constant prices),1159,Carbon dioxide equivalents,Seasonally adjusted
2014.09,C67,Non-metallic mineral and metallic product manufacturing,Emissions intensity,Tonnes per $1million value added (constant prices),1151,Carbon dioxide equivalents,Seasonally adjusted
2014.12,C67,Non-metallic mineral and metallic product manufacturing,Emissions intensity,Tonnes per $1million value added (constant prices),1229,Carbon dioxide equivalents,Seasonally adjusted
2015.03,C67,Non-metallic mineral and metallic product manufacturing,Emissions intensity,Tonnes per $1million value added (constant prices),1120,Carbon dioxide equivalents,Seasonally adjusted
2015.06,C67,Non-metallic mineral and metallic product manufacturing,Emissions intensity,Tonnes per $1million value added (constant prices),1141,Carbon dioxide equivalents,Seasonally adjusted
2015.09,C67,Non-metallic mineral and metallic product manufacturing,Emissions intensity,Tonnes per $1million value added (constant prices),1117,Carbon dioxide equivalents,Seasonally adjusted
2015.12,C67,Non-metallic mineral and metallic product manufacturing,Emissions intensity,Tonnes per $1million value added (constant prices),1138,Carbon dioxide equivalents,Seasonally adjusted
2016.03,C67,Non-metallic mineral and metallic product manufacturing,Emissions intensity,Tonnes per $1million value added (constant prices),1028,Carbon dioxide equivalents,Seasonally adjusted
2016.06,C67,Non-metallic mineral and metallic product manufacturing,Emissions intensity,Tonnes per $1million value added (constant prices),994,Carbon dioxide equivalents,Seasonally adjusted
2016.09,C67,Non-metallic mineral and metallic product manufacturing,Emissions intensity,Tonnes per $1million value added (constant prices),1052,Carbon dioxide equivalents,Seasonally adjusted
2016.12,C67,Non-metallic mineral and metallic product manufacturing,Emissions intensity,Tonnes per $1million value added (constant prices),994,Carbon dioxide equivalents,Seasonally adjusted
2017.03,C67,Non-metallic mineral and metallic product manufacturing,Emissions intensity,Tonnes per $1million value added (constant prices),1006,Carbon dioxide equivalents,Seasonally adjusted
2017.06,C67,Non-metallic mineral and metallic product manufacturing,Emissions intensity,Tonnes per $1million value added (constant prices),1052,Carbon dioxide equivalents,Seasonally adjusted
2017.09,C67,Non-metallic mineral and metallic product manufacturing,Emissions intensity,Tonnes per $1million value added (constant prices),1022,Carbon dioxide equivalents,Seasonally adjusted
2017.12,C67,Non-metallic mineral and metallic product manufacturing,Emissions intensity,Tonnes per $1million value added (constant prices),1074,Carbon dioxide equivalents,Seasonally adjusted
2018.03,C67,Non-metallic mineral and metallic product manufacturing,Emissions intensity,Tonnes per $1million value added (constant prices),966,Carbon dioxide equivalents,Seasonally adjusted
2018.06,C67,Non-metallic mineral and metallic product manufacturing,Emissions intensity,Tonnes per $1million value added (constant prices),1021,Carbon dioxide equivalents,Seasonally adjusted
2018.09,C67,Non-metallic mineral and metallic product manufacturing,Emissions intensity,Tonnes per $1million value added (constant prices),994,Carbon dioxide equivalents,Seasonally adjusted
2018.12,C67,Non-metallic mineral and metallic product manufacturing,Emissions intensity,Tonnes per $1million value added (constant prices),1031,Carbon dioxide equivalents,Seasonally adjusted
2019.03,C67,Non-metallic mineral and metallic product manufacturing,Emissions intensity,Tonnes per $1million value added (constant prices),975,Carbon dioxide equivalents,Seasonally adjusted
2019.06,C67,Non-metallic mineral and metallic product manufacturing,Emissions intensity,Tonnes per $1million value added (constant prices),996,Carbon dioxide equivalents,Seasonally adjusted
2019.09,C67,Non-metallic mineral and metallic product manufacturing,Emissions intensity,Tonnes per $1million value added (constant prices),1018,Carbon dioxide equivalents,Seasonally adjusted
2019.12,C67,Non-metallic mineral and metallic product manufacturing,Emissions intensity,Tonnes per $1million value added (constant prices),1056,Carbon dioxide equivalents,Seasonally adjusted
2020.03,C67,Non-metallic mineral and metallic product manufacturing,Emissions intensity,Tonnes per $1million value added (constant prices),904,Carbon dioxide equivalents,Seasonally adjusted
2020.06,C67,Non-metallic mineral and metallic product manufacturing,Emissions intensity,Tonnes per $1million value added (constant prices),1027,Carbon dioxide equivalents,Seasonally adjusted
2020.09,C67,Non-metallic mineral and metallic product manufacturing,Emissions intensity,Tonnes per $1million value added (constant prices),960,Carbon dioxide equivalents,Seasonally adjusted
2020.12,C67,Non-metallic mineral and metallic product manufacturing,Emissions intensity,Tonnes per $1million value added (constant prices),952,Carbon dioxide equivalents,Seasonally adjusted
2021.03,C67,Non-metallic mineral and metallic product manufacturing,Emissions intensity,Tonnes per $1million value added (constant prices),891,Carbon dioxide equivalents,Seasonally adjusted
2021.06,C67,Non-metallic mineral and metallic product manufacturing,Emissions intensity,Tonnes per $1million value added (constant prices),923,Carbon dioxide equivalents,Seasonally adjusted
2021.09,C67,Non-metallic mineral and metallic product manufacturing,Emissions intensity,Tonnes per $1million value added (constant prices),1112,Carbon dioxide equivalents,Seasonally adjusted
2021.12,C67,Non-metallic mineral and metallic product manufacturing,Emissions intensity,Tonnes per $1million value added (constant prices),921,Carbon dioxide equivalents,Seasonally adjusted
2022.03,C67,Non-metallic mineral and metallic product manufacturing,Emissions intensity,Tonnes per $1million value added (constant prices),959,Carbon dioxide equivalents,Seasonally adjusted
2022.06,C67,Non-metallic mineral and metallic product manufacturing,Emissions intensity,Tonnes per $1million value added (constant prices),949,Carbon dioxide equivalents,Seasonally adjusted
2022.09,C67,Non-metallic mineral and metallic product manufacturing,Emissions intensity,Tonnes per $1million value added (constant prices),916,Carbon dioxide equivalents,Seasonally adjusted
2022.12,C67,Non-metallic mineral and metallic product manufacturing,Emissions intensity,Tonnes per $1million value added (constant prices),841,Carbon dioxide equivalents,Seasonally adjusted
2023.03,C67,Non-metallic mineral and metallic product manufacturing,Emissions intensity,Tonnes per $1million value added (constant prices),890,Carbon dioxide equivalents,Seasonally adjusted
2023.06,C67,Non-metallic mineral and metallic product manufacturing,Emissions intensity,Tonnes per $1million value added (constant prices),955,Carbon dioxide equivalents,Seasonally adjusted
2023.09,C67,Non-metallic mineral and metallic product manufacturing,Emissions intensity,Tonnes per $1million value added (constant prices),1010,Carbon dioxide equivalents,Seasonally adjusted
2023.12,C67,Non-metallic mineral and metallic product manufacturing,Emissions intensity,Tonnes per $1million value added (constant prices),965,Carbon dioxide equivalents,Seasonally adjusted
2024.03,C67,Non-metallic mineral and metallic product manufacturing,Emissions intensity,Tonnes per $1million value added (constant prices),968,Carbon dioxide equivalents,Seasonally adjusted
2024.06,C67,Non-metallic mineral and metallic product manufacturing,Emissions intensity,Tonnes per $1million value added (constant prices),946,Carbon dioxide equivalents,Seasonally adjusted
2024.09,C67,Non-metallic mineral and metallic product manufacturing,Emissions intensity,Tonnes per $1million value added (constant prices),946,Carbon dioxide equivalents,Seasonally adjusted
2024.12,C67,Non-metallic mineral and metallic product manufacturing,Emissions intensity,Tonnes per $1million value added (constant prices),1017,Carbon dioxide equivalents,Seasonally adjusted
2025.03,C67,Non-metallic mineral and metallic product manufacturing,Emissions intensity,Tonnes per $1million value added (constant prices),956,Carbon dioxide equivalents,Seasonally adjusted
2025.06,C67,Non-metallic mineral and metallic product manufacturing,Emissions intensity,Tonnes per $1million value added (constant prices),965,Carbon dioxide equivalents,Seasonally adjusted
2025.09,C67,Non-metallic mineral and metallic product manufacturing,Emissions intensity,Tonnes per $1million value added (constant prices),955,Carbon dioxide equivalents,Seasonally adjusted
2025.12,C67,Non-metallic mineral and metallic product manufacturing,Emissions intensity,Tonnes per $1million value added (constant prices),944,Carbon dioxide equivalents,Seasonally adjusted
2010.03,CC1,"Food, beverage, and tobacco product manufacturing",Emissions intensity,Tonnes per $1million value added (constant prices),368,Carbon dioxide equivalents,Seasonally adjusted
2010.06,CC1,"Food, beverage, and tobacco product manufacturing",Emissions intensity,Tonnes per $1million value added (constant prices),468,Carbon dioxide equivalents,Seasonally adjusted
2010.09,CC1,"Food, beverage, and tobacco product manufacturing",Emissions intensity,Tonnes per $1million value added (constant prices),396,Carbon dioxide equivalents,Seasonally adjusted
2010.12,CC1,"Food, beverage, and tobacco product manufacturing",Emissions intensity,Tonnes per $1million value added (constant prices),361,Carbon dioxide equivalents,Seasonally adjusted
2011.03,CC1,"Food, beverage, and tobacco product manufacturing",Emissions intensity,Tonnes per $1million value added (constant prices),389,Carbon dioxide equivalents,Seasonally adjusted
2011.06,CC1,"Food, beverage, and tobacco product manufacturing",Emissions intensity,Tonnes per $1million value added (constant prices),360,Carbon dioxide equivalents,Seasonally adjusted
2011.09,CC1,"Food, beverage, and tobacco product manufacturing",Emissions intensity,Tonnes per $1million value added (constant prices),360,Carbon dioxide equivalents,Seasonally adjusted
2011.12,CC1,"Food, beverage, and tobacco product manufacturing",Emissions intensity,Tonnes per $1million value added (constant prices),423,Carbon dioxide equivalents,Seasonally adjusted
2012.03,CC1,"Food, beverage, and tobacco product manufacturing",Emissions intensity,Tonnes per $1million value added (constant prices),410,Carbon dioxide equivalents,Seasonally adjusted
2012.06,CC1,"Food, beverage, and tobacco product manufacturing",Emissions intensity,Tonnes per $1million value added (constant prices),419,Carbon dioxide equivalents,Seasonally adjusted
2012.09,CC1,"Food, beverage, and tobacco product manufacturing",Emissions intensity,Tonnes per $1million value added (constant prices),404,Carbon dioxide equivalents,Seasonally adjusted
2012.12,CC1,"Food, beverage, and tobacco product manufacturing",Emissions intensity,Tonnes per $1million value added (constant prices),381,Carbon dioxide equivalents,Seasonally adjusted
2013.03,CC1,"Food, beverage, and tobacco product manufacturing",Emissions intensity,Tonnes per $1million value added (constant prices),343,Carbon dioxide equivalents,Seasonally adjusted
2013.06,CC1,"Food, beverage, and tobacco product manufacturing",Emissions intensity,Tonnes per $1million value added (constant prices),435,Carbon dioxide equivalents,Seasonally adjusted
2013.09,CC1,"Food, beverage, and tobacco product manufacturing",Emissions intensity,Tonnes per $1million value added (constant prices),400,Carbon dioxide equivalents,Seasonally adjusted
2013.12,CC1,"Food, beverage, and tobacco product manufacturing",Emissions intensity,Tonnes per $1million value added (constant prices),373,Carbon dioxide equivalents,Seasonally adjusted
2014.03,CC1,"Food, beverage, and tobacco product manufacturing",Emissions intensity,Tonnes per $1million value added (constant prices),364,Carbon dioxide equivalents,Seasonally adjusted
2014.06,CC1,"Food, beverage, and tobacco product manufacturing",Emissions intensity,Tonnes per $1million value added (constant prices),406,Carbon dioxide equivalents,Seasonally adjusted
2014.09,CC1,"Food, beverage, and tobacco product manufacturing",Emissions intensity,Tonnes per $1million value added (constant prices),451,Carbon dioxide equivalents,Seasonally adjusted
2014.12,CC1,"Food, beverage, and tobacco product manufacturing",Emissions intensity,Tonnes per $1million value added (constant prices),493,Carbon dioxide equivalents,Seasonally adjusted
2015.03,CC1,"Food, beverage, and tobacco product manufacturing",Emissions intensity,Tonnes per $1million value added (constant prices),496,Carbon dioxide equivalents,Seasonally adjusted
2015.06,CC1,"Food, beverage, and tobacco product manufacturing",Emissions intensity,Tonnes per $1million value added (constant prices),435,Carbon dioxide equivalents,Seasonally adjusted
2015.09,CC1,"Food, beverage, and tobacco product manufacturing",Emissions intensity,Tonnes per $1million value added (constant prices),465,Carbon dioxide equivalents,Seasonally adjusted
2015.12,CC1,"Food, beverage, and tobacco product manufacturing",Emissions intensity,Tonnes per $1million value added (constant prices),481,Carbon dioxide equivalents,Seasonally adjusted
2016.03,CC1,"Food, beverage, and tobacco product manufacturing",Emissions intensity,Tonnes per $1million value added (constant prices),489,Carbon dioxide equivalents,Seasonally adjusted
2016.06,CC1,"Food, beverage, and tobacco product manufacturing",Emissions intensity,Tonnes per $1million value added (constant prices),407,Carbon dioxide equivalents,Seasonally adjusted
2016.09,CC1,"Food, beverage, and tobacco product manufacturing",Emissions intensity,Tonnes per $1million value added (constant prices),468,Carbon dioxide equivalents,Seasonally adjusted
2016.12,CC1,"Food, beverage, and tobacco product manufacturing",Emissions intensity,Tonnes per $1million value added (constant prices),379,Carbon dioxide equivalents,Seasonally adjusted
2017.03,CC1,"Food, beverage, and tobacco product manufacturing",Emissions intensity,Tonnes per $1million value added (constant prices),476,Carbon dioxide equivalents,Seasonally adjusted
2017.06,CC1,"Food, beverage, and tobacco product manufacturing",Emissions intensity,Tonnes per $1million value added (constant prices),384,Carbon dioxide equivalents,Seasonally adjusted
2017.09,CC1,"Food, beverage, and tobacco product manufacturing",Emissions intensity,Tonnes per $1million value added (constant prices),424,Carbon dioxide equivalents,Seasonally adjusted
2017.12,CC1,"Food, beverage, and tobacco product manufacturing",Emissions intensity,Tonnes per $1million value added (constant prices),440,Carbon dioxide equivalents,Seasonally adjusted
2018.03,CC1,"Food, beverage, and tobacco product manufacturing",Emissions intensity,Tonnes per $1million value added (constant prices),397,Carbon dioxide equivalents,Seasonally adjusted
2018.06,CC1,"Food, beverage, and tobacco product manufacturing",Emissions intensity,Tonnes per $1million value added (constant prices),492,Carbon dioxide equivalents,Seasonally adjusted
2018.09,CC1,"Food, beverage, and tobacco product manufacturing",Emissions intensity,Tonnes per $1million value added (constant prices),491,Carbon dioxide equivalents,Seasonally adjusted
2018.12,CC1,"Food, beverage, and tobacco product manufacturing",Emissions intensity,Tonnes per $1million value added (constant prices),480,Carbon dioxide equivalents,Seasonally adjusted
2019.03,CC1,"Food, beverage, and tobacco product manufacturing",Emissions intensity,Tonnes per $1million value added (constant prices),487,Carbon dioxide equivalents,Seasonally adjusted
2019.06,CC1,"Food, beverage, and tobacco product manufacturing",Emissions intensity,Tonnes per $1million value added (constant prices),430,Carbon dioxide equivalents,Seasonally adjusted
2019.09,CC1,"Food, beverage, and tobacco product manufacturing",Emissions intensity,Tonnes per $1million value added (constant prices),436,Carbon dioxide equivalents,Seasonally adjusted
2019.12,CC1,"Food, beverage, and tobacco product manufacturing",Emissions intensity,Tonnes per $1million value added (constant prices),464,Carbon dioxide equivalents,Seasonally adjusted
2020.03,CC1,"Food, beverage, and tobacco product manufacturing",Emissions intensity,Tonnes per $1million value added (constant prices),402,Carbon dioxide equivalents,Seasonally adjusted
2020.06,CC1,"Food, beverage, and tobacco product manufacturing",Emissions intensity,Tonnes per $1million value added (constant prices),506,Carbon dioxide equivalents,Seasonally adjusted
2020.09,CC1,"Food, beverage, and tobacco product manufacturing",Emissions intensity,Tonnes per $1million value added (constant prices),406,Carbon dioxide equivalents,Seasonally adjusted
2020.12,CC1,"Food, beverage, and tobacco product manufacturing",Emissions intensity,Tonnes per $1million value added (constant prices),423,Carbon dioxide equivalents,Seasonally adjusted
2021.03,CC1,"Food, beverage, and tobacco product manufacturing",Emissions intensity,Tonnes per $1million value added (constant prices),434,Carbon dioxide equivalents,Seasonally adjusted
2021.06,CC1,"Food, beverage, and tobacco product manufacturing",Emissions intensity,Tonnes per $1million value added (constant prices),385,Carbon dioxide equivalents,Seasonally adjusted
2021.09,CC1,"Food, beverage, and tobacco product manufacturing",Emissions intensity,Tonnes per $1million value added (constant prices),380,Carbon dioxide equivalents,Seasonally adjusted
2021.12,CC1,"Food, beverage, and tobacco product manufacturing",Emissions intensity,Tonnes per $1million value added (constant prices),436,Carbon dioxide equivalents,Seasonally adjusted
2022.03,CC1,"Food, beverage, and tobacco product manufacturing",Emissions intensity,Tonnes per $1million value added (constant prices),427,Carbon dioxide equivalents,Seasonally adjusted
2022.06,CC1,"Food, beverage, and tobacco product manufacturing",Emissions intensity,Tonnes per $1million value added (constant prices),463,Carbon dioxide equivalents,Seasonally adjusted
2022.09,CC1,"Food, beverage, and tobacco product manufacturing",Emissions intensity,Tonnes per $1million value added (constant prices),372,Carbon dioxide equivalents,Seasonally adjusted
2022.12,CC1,"Food, beverage, and tobacco product manufacturing",Emissions intensity,Tonnes per $1million value added (constant prices),336,Carbon dioxide equivalents,Seasonally adjusted
2023.03,CC1,"Food, beverage, and tobacco product manufacturing",Emissions intensity,Tonnes per $1million value added (constant prices),380,Carbon dioxide equivalents,Seasonally adjusted
2023.06,CC1,"Food, beverage, and tobacco product manufacturing",Emissions intensity,Tonnes per $1million value added (constant prices),376,Carbon dioxide equivalents,Seasonally adjusted
2023.09,CC1,"Food, beverage, and tobacco product manufacturing",Emissions intensity,Tonnes per $1million value added (constant prices),419,Carbon dioxide equivalents,Seasonally adjusted
2023.12,CC1,"Food, beverage, and tobacco product manufacturing",Emissions intensity,Tonnes per $1million value added (constant prices),384,Carbon dioxide equivalents,Seasonally adjusted
2024.03,CC1,"Food, beverage, and tobacco product manufacturing",Emissions intensity,Tonnes per $1million value added (constant prices),388,Carbon dioxide equivalents,Seasonally adjusted
2024.06,CC1,"Food, beverage, and tobacco product manufacturing",Emissions intensity,Tonnes per $1million value added (constant prices),357,Carbon dioxide equivalents,Seasonally adjusted
2024.09,CC1,"Food, beverage, and tobacco product manufacturing",Emissions intensity,Tonnes per $1million value added (constant prices),348,Carbon dioxide equivalents,Seasonally adjusted
2024.12,CC1,"Food, beverage, and tobacco product manufacturing",Emissions intensity,Tonnes per $1million value added (constant prices),387,Carbon dioxide equivalents,Seasonally adjusted
2025.03,CC1,"Food, beverage, and tobacco product manufacturing",Emissions intensity,Tonnes per $1million value added (constant prices),337,Carbon dioxide equivalents,Seasonally adjusted
2025.06,CC1,"Food, beverage, and tobacco product manufacturing",Emissions intensity,Tonnes per $1million value added (constant prices),347,Carbon dioxide equivalents,Seasonally adjusted
2025.09,CC1,"Food, beverage, and tobacco product manufacturing",Emissions intensity,Tonnes per $1million value added (constant prices),382,Carbon dioxide equivalents,Seasonally adjusted
2025.12,CC1,"Food, beverage, and tobacco product manufacturing",Emissions intensity,Tonnes per $1million value added (constant prices),345,Carbon dioxide equivalents,Seasonally adjusted
2010.03,CC5,"Petroleum, chemical, polymer, and rubber product manufacturing",Emissions intensity,Tonnes per $1million value added (constant prices),651,Carbon dioxide equivalents,Seasonally adjusted
2010.06,CC5,"Petroleum, chemical, polymer, and rubber product manufacturing",Emissions intensity,Tonnes per $1million value added (constant prices),607,Carbon dioxide equivalents,Seasonally adjusted
2010.09,CC5,"Petroleum, chemical, polymer, and rubber product manufacturing",Emissions intensity,Tonnes per $1million value added (constant prices),680,Carbon dioxide equivalents,Seasonally adjusted
2010.12,CC5,"Petroleum, chemical, polymer, and rubber product manufacturing",Emissions intensity,Tonnes per $1million value added (constant prices),597,Carbon dioxide equivalents,Seasonally adjusted
2011.03,CC5,"Petroleum, chemical, polymer, and rubber product manufacturing",Emissions intensity,Tonnes per $1million value added (constant prices),667,Carbon dioxide equivalents,Seasonally adjusted
2011.06,CC5,"Petroleum, chemical, polymer, and rubber product manufacturing",Emissions intensity,Tonnes per $1million value added (constant prices),678,Carbon dioxide equivalents,Seasonally adjusted
2011.09,CC5,"Petroleum, chemical, polymer, and rubber product manufacturing",Emissions intensity,Tonnes per $1million value added (constant prices),646,Carbon dioxide equivalents,Seasonally adjusted
2011.12,CC5,"Petroleum, chemical, polymer, and rubber product manufacturing",Emissions intensity,Tonnes per $1million value added (constant prices),590,Carbon dioxide equivalents,Seasonally adjusted
2012.03,CC5,"Petroleum, chemical, polymer, and rubber product manufacturing",Emissions intensity,Tonnes per $1million value added (constant prices),572,Carbon dioxide equivalents,Seasonally adjusted
2012.06,CC5,"Petroleum, chemical, polymer, and rubber product manufacturing",Emissions intensity,Tonnes per $1million value added (constant prices),601,Carbon dioxide equivalents,Seasonally adjusted
2012.09,CC5,"Petroleum, chemical, polymer, and rubber product manufacturing",Emissions intensity,Tonnes per $1million value added (constant prices),744,Carbon dioxide equivalents,Seasonally adjusted
2012.12,CC5,"Petroleum, chemical, polymer, and rubber product manufacturing",Emissions intensity,Tonnes per $1million value added (constant prices),793,Carbon dioxide equivalents,Seasonally adjusted
2013.03,CC5,"Petroleum, chemical, polymer, and rubber product manufacturing",Emissions intensity,Tonnes per $1million value added (constant prices),663,Carbon dioxide equivalents,Seasonally adjusted
2013.06,CC5,"Petroleum, chemical, polymer, and rubber product manufacturing",Emissions intensity,Tonnes per $1million value added (constant prices),784,Carbon dioxide equivalents,Seasonally adjusted
2013.09,CC5,"Petroleum, chemical, polymer, and rubber product manufacturing",Emissions intensity,Tonnes per $1million value added (constant prices),768,Carbon dioxide equivalents,Seasonally adjusted
2013.12,CC5,"Petroleum, chemical, polymer, and rubber product manufacturing",Emissions intensity,Tonnes per $1million value added (constant prices),758,Carbon dioxide equivalents,Seasonally adjusted
2014.03,CC5,"Petroleum, chemical, polymer, and rubber product manufacturing",Emissions intensity,Tonnes per $1million value added (constant prices),817,Carbon dioxide equivalents,Seasonally adjusted
2014.06,CC5,"Petroleum, chemical, polymer, and rubber product manufacturing",Emissions intensity,Tonnes per $1million value added (constant prices),933,Carbon dioxide equivalents,Seasonally adjusted
2014.09,CC5,"Petroleum, chemical, polymer, and rubber product manufacturing",Emissions intensity,Tonnes per $1million value added (constant prices),998,Carbon dioxide equivalents,Seasonally adjusted
2014.12,CC5,"Petroleum, chemical, polymer, and rubber product manufacturing",Emissions intensity,Tonnes per $1million value added (constant prices),947,Carbon dioxide equivalents,Seasonally adjusted
2015.03,CC5,"Petroleum, chemical, polymer, and rubber product manufacturing",Emissions intensity,Tonnes per $1million value added (constant prices),843,Carbon dioxide equivalents,Seasonally adjusted
2015.06,CC5,"Petroleum, chemical, polymer, and rubber product manufacturing",Emissions intensity,Tonnes per $1million value added (constant prices),859,Carbon dioxide equivalents,Seasonally adjusted
2015.09,CC5,"Petroleum, chemical, polymer, and rubber product manufacturing",Emissions intensity,Tonnes per $1million value added (constant prices),905,Carbon dioxide equivalents,Seasonally adjusted
2015.12,CC5,"Petroleum, chemical, polymer, and rubber product manufacturing",Emissions intensity,Tonnes per $1million value added (constant prices),789,Carbon dioxide equivalents,Seasonally adjusted
2016.03,CC5,"Petroleum, chemical, polymer, and rubber product manufacturing",Emissions intensity,Tonnes per $1million value added (constant prices),812,Carbon dioxide equivalents,Seasonally adjusted
2016.06,CC5,"Petroleum, chemical, polymer, and rubber product manufacturing",Emissions intensity,Tonnes per $1million value added (constant prices),904,Carbon dioxide equivalents,Seasonally adjusted
2016.09,CC5,"Petroleum, chemical, polymer, and rubber product manufacturing",Emissions intensity,Tonnes per $1million value added (constant prices),814,Carbon dioxide equivalents,Seasonally adjusted
2016.12,CC5,"Petroleum, chemical, polymer, and rubber product manufacturing",Emissions intensity,Tonnes per $1million value added (constant prices),777,Carbon dioxide equivalents,Seasonally adjusted
2017.03,CC5,"Petroleum, chemical, polymer, and rubber product manufacturing",Emissions intensity,Tonnes per $1million value added (constant prices),754,Carbon dioxide equivalents,Seasonally adjusted
2017.06,CC5,"Petroleum, chemical, polymer, and rubber product manufacturing",Emissions intensity,Tonnes per $1million value added (constant prices),638,Carbon dioxide equivalents,Seasonally adjusted
2017.09,CC5,"Petroleum, chemical, polymer, and rubber product manufacturing",Emissions intensity,Tonnes per $1million value added (constant prices),786,Carbon dioxide equivalents,Seasonally adjusted
2017.12,CC5,"Petroleum, chemical, polymer, and rubber product manufacturing",Emissions intensity,Tonnes per $1million value added (constant prices),788,Carbon dioxide equivalents,Seasonally adjusted
2018.03,CC5,"Petroleum, chemical, polymer, and rubber product manufacturing",Emissions intensity,Tonnes per $1million value added (constant prices),717,Carbon dioxide equivalents,Seasonally adjusted
2018.06,CC5,"Petroleum, chemical, polymer, and rubber product manufacturing",Emissions intensity,Tonnes per $1million value added (constant prices),504,Carbon dioxide equivalents,Seasonally adjusted
2018.09,CC5,"Petroleum, chemical, polymer, and rubber product manufacturing",Emissions intensity,Tonnes per $1million value added (constant prices),758,Carbon dioxide equivalents,Seasonally adjusted
2018.12,CC5,"Petroleum, chemical, polymer, and rubber product manufacturing",Emissions intensity,Tonnes per $1million value added (constant prices),631,Carbon dioxide equivalents,Seasonally adjusted
2019.03,CC5,"Petroleum, chemical, polymer, and rubber product manufacturing",Emissions intensity,Tonnes per $1million value added (constant prices),635,Carbon dioxide equivalents,Seasonally adjusted
2019.06,CC5,"Petroleum, chemical, polymer, and rubber product manufacturing",Emissions intensity,Tonnes per $1million value added (constant prices),670,Carbon dioxide equivalents,Seasonally adjusted
2019.09,CC5,"Petroleum, chemical, polymer, and rubber product manufacturing",Emissions intensity,Tonnes per $1million value added (constant prices),727,Carbon dioxide equivalents,Seasonally adjusted
2019.12,CC5,"Petroleum, chemical, polymer, and rubber product manufacturing",Emissions intensity,Tonnes per $1million value added (constant prices),768,Carbon dioxide equivalents,Seasonally adjusted
2020.03,CC5,"Petroleum, chemical, polymer, and rubber product manufacturing",Emissions intensity,Tonnes per $1million value added (constant prices),723,Carbon dioxide equivalents,Seasonally adjusted
2020.06,CC5,"Petroleum, chemical, polymer, and rubber product manufacturing",Emissions intensity,Tonnes per $1million value added (constant prices),721,Carbon dioxide equivalents,Seasonally adjusted
2020.09,CC5,"Petroleum, chemical, polymer, and rubber product manufacturing",Emissions intensity,Tonnes per $1million value added (constant prices),590,Carbon dioxide equivalents,Seasonally adjusted
2020.12,CC5,"Petroleum, chemical, polymer, and rubber product manufacturing",Emissions intensity,Tonnes per $1million value added (constant prices),749,Carbon dioxide equivalents,Seasonally adjusted
2021.03,CC5,"Petroleum, chemical, polymer, and rubber product manufacturing",Emissions intensity,Tonnes per $1million value added (constant prices),632,Carbon dioxide equivalents,Seasonally adjusted
2021.06,CC5,"Petroleum, chemical, polymer, and rubber product manufacturing",Emissions intensity,Tonnes per $1million value added (constant prices),567,Carbon dioxide equivalents,Seasonally adjusted
2021.09,CC5,"Petroleum, chemical, polymer, and rubber product manufacturing",Emissions intensity,Tonnes per $1million value added (constant prices),565,Carbon dioxide equivalents,Seasonally adjusted
2021.12,CC5,"Petroleum, chemical, polymer, and rubber product manufacturing",Emissions intensity,Tonnes per $1million value added (constant prices),710,Carbon dioxide equivalents,Seasonally adjusted
2022.03,CC5,"Petroleum, chemical, polymer, and rubber product manufacturing",Emissions intensity,Tonnes per $1million value added (constant prices),682,Carbon dioxide equivalents,Seasonally adjusted
2022.06,CC5,"Petroleum, chemical, polymer, and rubber product manufacturing",Emissions intensity,Tonnes per $1million value added (constant prices),593,Carbon dioxide equivalents,Seasonally adjusted
2022.09,CC5,"Petroleum, chemical, polymer, and rubber product manufacturing",Emissions intensity,Tonnes per $1million value added (constant prices),574,Carbon dioxide equivalents,Seasonally adjusted
2022.12,CC5,"Petroleum, chemical, polymer, and rubber product manufacturing",Emissions intensity,Tonnes per $1million value added (constant prices),814,Carbon dioxide equivalents,Seasonally adjusted
2023.03,CC5,"Petroleum, chemical, polymer, and rubber product manufacturing",Emissions intensity,Tonnes per $1million value added (constant prices),828,Carbon dioxide equivalents,Seasonally adjusted
2023.06,CC5,"Petroleum, chemical, polymer, and rubber product manufacturing",Emissions intensity,Tonnes per $1million value added (constant prices),803,Carbon dioxide equivalents,Seasonally adjusted
2023.09,CC5,"Petroleum, chemical, polymer, and rubber product manufacturing",Emissions intensity,Tonnes per $1million value added (constant prices),595,Carbon dioxide equivalents,Seasonally adjusted
2023.12,CC5,"Petroleum, chemical, polymer, and rubber product manufacturing",Emissions intensity,Tonnes per $1million value added (constant prices),682,Carbon dioxide equivalents,Seasonally adjusted
2024.03,CC5,"Petroleum, chemical, polymer, and rubber product manufacturing",Emissions intensity,Tonnes per $1million value added (constant prices),672,Carbon dioxide equivalents,Seasonally adjusted
2024.06,CC5,"Petroleum, chemical, polymer, and rubber product manufacturing",Emissions intensity,Tonnes per $1million value added (constant prices),474,Carbon dioxide equivalents,Seasonally adjusted
2024.09,CC5,"Petroleum, chemical, polymer, and rubber product manufacturing",Emissions intensity,Tonnes per $1million value added (constant prices),268,Carbon dioxide equivalents,Seasonally adjusted
2024.12,CC5,"Petroleum, chemical, polymer, and rubber product manufacturing",Emissions intensity,Tonnes per $1million value added (constant prices),417,Carbon dioxide equivalents,Seasonally adjusted
2025.03,CC5,"Petroleum, chemical, polymer, and rubber product manufacturing",Emissions intensity,Tonnes per $1million value added (constant prices),414,Carbon dioxide equivalents,Seasonally adjusted
2025.06,CC5,"Petroleum, chemical, polymer, and rubber product manufacturing",Emissions intensity,Tonnes per $1million value added (constant prices),247,Carbon dioxide equivalents,Seasonally adjusted
2025.09,CC5,"Petroleum, chemical, polymer, and rubber product manufacturing",Emissions intensity,Tonnes per $1million value added (constant prices),369,Carbon dioxide equivalents,Seasonally adjusted
2025.12,CC5,"Petroleum, chemical, polymer, and rubber product manufacturing",Emissions intensity,Tonnes per $1million value added (constant prices),401,Carbon dioxide equivalents,Seasonally adjusted
2010.03,CCO,Other manufacturing nec,Emissions intensity,Tonnes per $1million value added (constant prices),142,Carbon dioxide equivalents,Seasonally adjusted
2010.06,CCO,Other manufacturing nec,Emissions intensity,Tonnes per $1million value added (constant prices),153,Carbon dioxide equivalents,Seasonally adjusted
2010.09,CCO,Other manufacturing nec,Emissions intensity,Tonnes per $1million value added (constant prices),143,Carbon dioxide equivalents,Seasonally adjusted
2010.12,CCO,Other manufacturing nec,Emissions intensity,Tonnes per $1million value added (constant prices),137,Carbon dioxide equivalents,Seasonally adjusted
2011.03,CCO,Other manufacturing nec,Emissions intensity,Tonnes per $1million value added (constant prices),125,Carbon dioxide equivalents,Seasonally adjusted
2011.06,CCO,Other manufacturing nec,Emissions intensity,Tonnes per $1million value added (constant prices),109,Carbon dioxide equivalents,Seasonally adjusted
2011.09,CCO,Other manufacturing nec,Emissions intensity,Tonnes per $1million value added (constant prices),110,Carbon dioxide equivalents,Seasonally adjusted
2011.12,CCO,Other manufacturing nec,Emissions intensity,Tonnes per $1million value added (constant prices),105,Carbon dioxide equivalents,Seasonally adjusted
2012.03,CCO,Other manufacturing nec,Emissions intensity,Tonnes per $1million value added (constant prices),103,Carbon dioxide equivalents,Seasonally adjusted
2012.06,CCO,Other manufacturing nec,Emissions intensity,Tonnes per $1million value added (constant prices),103,Carbon dioxide equivalents,Seasonally adjusted
2012.09,CCO,Other manufacturing nec,Emissions intensity,Tonnes per $1million value added (constant prices),104,Carbon dioxide equivalents,Seasonally adjusted
2012.12,CCO,Other manufacturing nec,Emissions intensity,Tonnes per $1million value added (constant prices),109,Carbon dioxide equivalents,Seasonally adjusted
2013.03,CCO,Other manufacturing nec,Emissions intensity,Tonnes per $1million value added (constant prices),121,Carbon dioxide equivalents,Seasonally adjusted
2013.06,CCO,Other manufacturing nec,Emissions intensity,Tonnes per $1million value added (constant prices),138,Carbon dioxide equivalents,Seasonally adjusted
2013.09,CCO,Other manufacturing nec,Emissions intensity,Tonnes per $1million value added (constant prices),134,Carbon dioxide equivalents,Seasonally adjusted
2013.12,CCO,Other manufacturing nec,Emissions intensity,Tonnes per $1million value added (constant prices),140,Carbon dioxide equivalents,Seasonally adjusted
2014.03,CCO,Other manufacturing nec,Emissions intensity,Tonnes per $1million value added (constant prices),131,Carbon dioxide equivalents,Seasonally adjusted
2014.06,CCO,Other manufacturing nec,Emissions intensity,Tonnes per $1million value added (constant prices),123,Carbon dioxide equivalents,Seasonally adjusted
2014.09,CCO,Other manufacturing nec,Emissions intensity,Tonnes per $1million value added (constant prices),126,Carbon dioxide equivalents,Seasonally adjusted
2014.12,CCO,Other manufacturing nec,Emissions intensity,Tonnes per $1million value added (constant prices),111,Carbon dioxide equivalents,Seasonally adjusted
2015.03,CCO,Other manufacturing nec,Emissions intensity,Tonnes per $1million value added (constant prices),99,Carbon dioxide equivalents,Seasonally adjusted
2015.06,CCO,Other manufacturing nec,Emissions intensity,Tonnes per $1million value added (constant prices),92,Carbon dioxide equivalents,Seasonally adjusted
2015.09,CCO,Other manufacturing nec,Emissions intensity,Tonnes per $1million value added (constant prices),89,Carbon dioxide equivalents,Seasonally adjusted
2015.12,CCO,Other manufacturing nec,Emissions intensity,Tonnes per $1million value added (constant prices),85,Carbon dioxide equivalents,Seasonally adjusted
2016.03,CCO,Other manufacturing nec,Emissions intensity,Tonnes per $1million value added (constant prices),93,Carbon dioxide equivalents,Seasonally adjusted
2016.06,CCO,Other manufacturing nec,Emissions intensity,Tonnes per $1million value added (constant prices),99,Carbon dioxide equivalents,Seasonally adjusted
2016.09,CCO,Other manufacturing nec,Emissions intensity,Tonnes per $1million value added (constant prices),102,Carbon dioxide equivalents,Seasonally adjusted
2016.12,CCO,Other manufacturing nec,Emissions intensity,Tonnes per $1million value added (constant prices),105,Carbon dioxide equivalents,Seasonally adjusted
2017.03,CCO,Other manufacturing nec,Emissions intensity,Tonnes per $1million value added (constant prices),114,Carbon dioxide equivalents,Seasonally adjusted
2017.06,CCO,Other manufacturing nec,Emissions intensity,Tonnes per $1million value added (constant prices),98,Carbon dioxide equivalents,Seasonally adjusted
2017.09,CCO,Other manufacturing nec,Emissions intensity,Tonnes per $1million value added (constant prices),94,Carbon dioxide equivalents,Seasonally adjusted
2017.12,CCO,Other manufacturing nec,Emissions intensity,Tonnes per $1million value added (constant prices),107,Carbon dioxide equivalents,Seasonally adjusted
2018.03,CCO,Other manufacturing nec,Emissions intensity,Tonnes per $1million value added (constant prices),102,Carbon dioxide equivalents,Seasonally adjusted
2018.06,CCO,Other manufacturing nec,Emissions intensity,Tonnes per $1million value added (constant prices),109,Carbon dioxide equivalents,Seasonally adjusted
2018.09,CCO,Other manufacturing nec,Emissions intensity,Tonnes per $1million value added (constant prices),103,Carbon dioxide equivalents,Seasonally adjusted
2018.12,CCO,Other manufacturing nec,Emissions intensity,Tonnes per $1million value added (constant prices),95,Carbon dioxide equivalents,Seasonally adjusted
2019.03,CCO,Other manufacturing nec,Emissions intensity,Tonnes per $1million value added (constant prices),90,Carbon dioxide equivalents,Seasonally adjusted
2019.06,CCO,Other manufacturing nec,Emissions intensity,Tonnes per $1million value added (constant prices),91,Carbon dioxide equivalents,Seasonally adjusted
2019.09,CCO,Other manufacturing nec,Emissions intensity,Tonnes per $1million value added (constant prices),87,Carbon dioxide equivalents,Seasonally adjusted
2019.12,CCO,Other manufacturing nec,Emissions intensity,Tonnes per $1million value added (constant prices),85,Carbon dioxide equivalents,Seasonally adjusted
2020.03,CCO,Other manufacturing nec,Emissions intensity,Tonnes per $1million value added (constant prices),82,Carbon dioxide equivalents,Seasonally adjusted
2020.06,CCO,Other manufacturing nec,Emissions intensity,Tonnes per $1million value added (constant prices),91,Carbon dioxide equivalents,Seasonally adjusted
2020.09,CCO,Other manufacturing nec,Emissions intensity,Tonnes per $1million value added (constant prices),93,Carbon dioxide equivalents,Seasonally adjusted
2020.12,CCO,Other manufacturing nec,Emissions intensity,Tonnes per $1million value added (constant prices),88,Carbon dioxide equivalents,Seasonally adjusted
2021.03,CCO,Other manufacturing nec,Emissions intensity,Tonnes per $1million value added (constant prices),94,Carbon dioxide equivalents,Seasonally adjusted
2021.06,CCO,Other manufacturing nec,Emissions intensity,Tonnes per $1million value added (constant prices),94,Carbon dioxide equivalents,Seasonally adjusted
2021.09,CCO,Other manufacturing nec,Emissions intensity,Tonnes per $1million value added (constant prices),90,Carbon dioxide equivalents,Seasonally adjusted
2021.12,CCO,Other manufacturing nec,Emissions intensity,Tonnes per $1million value added (constant prices),92,Carbon dioxide equivalents,Seasonally adjusted
2022.03,CCO,Other manufacturing nec,Emissions intensity,Tonnes per $1million value added (constant prices),90,Carbon dioxide equivalents,Seasonally adjusted
2022.06,CCO,Other manufacturing nec,Emissions intensity,Tonnes per $1million value added (constant prices),89,Carbon dioxide equivalents,Seasonally adjusted
2022.09,CCO,Other manufacturing nec,Emissions intensity,Tonnes per $1million value added (constant prices),84,Carbon dioxide equivalents,Seasonally adjusted
2022.12,CCO,Other manufacturing nec,Emissions intensity,Tonnes per $1million value added (constant prices),83,Carbon dioxide equivalents,Seasonally adjusted
2023.03,CCO,Other manufacturing nec,Emissions intensity,Tonnes per $1million value added (constant prices),85,Carbon dioxide equivalents,Seasonally adjusted
2023.06,CCO,Other manufacturing nec,Emissions intensity,Tonnes per $1million value added (constant prices),88,Carbon dioxide equivalents,Seasonally adjusted
2023.09,CCO,Other manufacturing nec,Emissions intensity,Tonnes per $1million value added (constant prices),90,Carbon dioxide equivalents,Seasonally adjusted
2023.12,CCO,Other manufacturing nec,Emissions intensity,Tonnes per $1million value added (constant prices),85,Carbon dioxide equivalents,Seasonally adjusted
2024.03,CCO,Other manufacturing nec,Emissions intensity,Tonnes per $1million value added (constant prices),86,Carbon dioxide equivalents,Seasonally adjusted
2024.06,CCO,Other manufacturing nec,Emissions intensity,Tonnes per $1million value added (constant prices),83,Carbon dioxide equivalents,Seasonally adjusted
2024.09,CCO,Other manufacturing nec,Emissions intensity,Tonnes per $1million value added (constant prices),84,Carbon dioxide equivalents,Seasonally adjusted
2024.12,CCO,Other manufacturing nec,Emissions intensity,Tonnes per $1million value added (constant prices),86,Carbon dioxide equivalents,Seasonally adjusted
2025.03,CCO,Other manufacturing nec,Emissions intensity,Tonnes per $1million value added (constant prices),82,Carbon dioxide equivalents,Seasonally adjusted
2025.06,CCO,Other manufacturing nec,Emissions intensity,Tonnes per $1million value added (constant prices),85,Carbon dioxide equivalents,Seasonally adjusted
2025.09,CCO,Other manufacturing nec,Emissions intensity,Tonnes per $1million value added (constant prices),87,Carbon dioxide equivalents,Seasonally adjusted
2025.12,CCO,Other manufacturing nec,Emissions intensity,Tonnes per $1million value added (constant prices),81,Carbon dioxide equivalents,Seasonally adjusted
2010.03,CCZ,Manufacturing,Emissions intensity,Tonnes per $1million value added (constant prices),465,Carbon dioxide equivalents,Seasonally adjusted
2010.06,CCZ,Manufacturing,Emissions intensity,Tonnes per $1million value added (constant prices),501,Carbon dioxide equivalents,Seasonally adjusted
2010.09,CCZ,Manufacturing,Emissions intensity,Tonnes per $1million value added (constant prices),480,Carbon dioxide equivalents,Seasonally adjusted
2010.12,CCZ,Manufacturing,Emissions intensity,Tonnes per $1million value added (constant prices),448,Carbon dioxide equivalents,Seasonally adjusted
2011.03,CCZ,Manufacturing,Emissions intensity,Tonnes per $1million value added (constant prices),470,Carbon dioxide equivalents,Seasonally adjusted
2011.06,CCZ,Manufacturing,Emissions intensity,Tonnes per $1million value added (constant prices),456,Carbon dioxide equivalents,Seasonally adjusted
2011.09,CCZ,Manufacturing,Emissions intensity,Tonnes per $1million value added (constant prices),449,Carbon dioxide equivalents,Seasonally adjusted
2011.12,CCZ,Manufacturing,Emissions intensity,Tonnes per $1million value added (constant prices),473,Carbon dioxide equivalents,Seasonally adjusted
2012.03,CCZ,Manufacturing,Emissions intensity,Tonnes per $1million value added (constant prices),461,Carbon dioxide equivalents,Seasonally adjusted
2012.06,CCZ,Manufacturing,Emissions intensity,Tonnes per $1million value added (constant prices),466,Carbon dioxide equivalents,Seasonally adjusted
2012.09,CCZ,Manufacturing,Emissions intensity,Tonnes per $1million value added (constant prices),487,Carbon dioxide equivalents,Seasonally adjusted
2012.12,CCZ,Manufacturing,Emissions intensity,Tonnes per $1million value added (constant prices),483,Carbon dioxide equivalents,Seasonally adjusted
2013.03,CCZ,Manufacturing,Emissions intensity,Tonnes per $1million value added (constant prices),472,Carbon dioxide equivalents,Seasonally adjusted
2013.06,CCZ,Manufacturing,Emissions intensity,Tonnes per $1million value added (constant prices),532,Carbon dioxide equivalents,Seasonally adjusted
2013.09,CCZ,Manufacturing,Emissions intensity,Tonnes per $1million value added (constant prices),509,Carbon dioxide equivalents,Seasonally adjusted
2013.12,CCZ,Manufacturing,Emissions intensity,Tonnes per $1million value added (constant prices),498,Carbon dioxide equivalents,Seasonally adjusted
2014.03,CCZ,Manufacturing,Emissions intensity,Tonnes per $1million value added (constant prices),501,Carbon dioxide equivalents,Seasonally adjusted
2014.06,CCZ,Manufacturing,Emissions intensity,Tonnes per $1million value added (constant prices),531,Carbon dioxide equivalents,Seasonally adjusted
2014.09,CCZ,Manufacturing,Emissions intensity,Tonnes per $1million value added (constant prices),547,Carbon dioxide equivalents,Seasonally adjusted
2014.12,CCZ,Manufacturing,Emissions intensity,Tonnes per $1million value added (constant prices),557,Carbon dioxide equivalents,Seasonally adjusted
2015.03,CCZ,Manufacturing,Emissions intensity,Tonnes per $1million value added (constant prices),541,Carbon dioxide equivalents,Seasonally adjusted
2015.06,CCZ,Manufacturing,Emissions intensity,Tonnes per $1million value added (constant prices),525,Carbon dioxide equivalents,Seasonally adjusted
2015.09,CCZ,Manufacturing,Emissions intensity,Tonnes per $1million value added (constant prices),514,Carbon dioxide equivalents,Seasonally adjusted
2015.12,CCZ,Manufacturing,Emissions intensity,Tonnes per $1million value added (constant prices),508,Carbon dioxide equivalents,Seasonally adjusted
2016.03,CCZ,Manufacturing,Emissions intensity,Tonnes per $1million value added (constant prices),514,Carbon dioxide equivalents,Seasonally adjusted
2016.06,CCZ,Manufacturing,Emissions intensity,Tonnes per $1million value added (constant prices),504,Carbon dioxide equivalents,Seasonally adjusted
2016.09,CCZ,Manufacturing,Emissions intensity,Tonnes per $1million value added (constant prices),497,Carbon dioxide equivalents,Seasonally adjusted
2016.12,CCZ,Manufacturing,Emissions intensity,Tonnes per $1million value added (constant prices),443,Carbon dioxide equivalents,Seasonally adjusted
2017.03,CCZ,Manufacturing,Emissions intensity,Tonnes per $1million value added (constant prices),499,Carbon dioxide equivalents,Seasonally adjusted
2017.06,CCZ,Manufacturing,Emissions intensity,Tonnes per $1million value added (constant prices),465,Carbon dioxide equivalents,Seasonally adjusted
2017.09,CCZ,Manufacturing,Emissions intensity,Tonnes per $1million value added (constant prices),466,Carbon dioxide equivalents,Seasonally adjusted
2017.12,CCZ,Manufacturing,Emissions intensity,Tonnes per $1million value added (constant prices),482,Carbon dioxide equivalents,Seasonally adjusted
2018.03,CCZ,Manufacturing,Emissions intensity,Tonnes per $1million value added (constant prices),450,Carbon dioxide equivalents,Seasonally adjusted
2018.06,CCZ,Manufacturing,Emissions intensity,Tonnes per $1million value added (constant prices),461,Carbon dioxide equivalents,Seasonally adjusted
2018.09,CCZ,Manufacturing,Emissions intensity,Tonnes per $1million value added (constant prices),484,Carbon dioxide equivalents,Seasonally adjusted
2018.12,CCZ,Manufacturing,Emissions intensity,Tonnes per $1million value added (constant prices),458,Carbon dioxide equivalents,Seasonally adjusted
2019.03,CCZ,Manufacturing,Emissions intensity,Tonnes per $1million value added (constant prices),474,Carbon dioxide equivalents,Seasonally adjusted
2019.06,CCZ,Manufacturing,Emissions intensity,Tonnes per $1million value added (constant prices),471,Carbon dioxide equivalents,Seasonally adjusted
2019.09,CCZ,Manufacturing,Emissions intensity,Tonnes per $1million value added (constant prices),464,Carbon dioxide equivalents,Seasonally adjusted
2019.12,CCZ,Manufacturing,Emissions intensity,Tonnes per $1million value added (constant prices),473,Carbon dioxide equivalents,Seasonally adjusted
2020.03,CCZ,Manufacturing,Emissions intensity,Tonnes per $1million value added (constant prices),434,Carbon dioxide equivalents,Seasonally adjusted
2020.06,CCZ,Manufacturing,Emissions intensity,Tonnes per $1million value added (constant prices),487,Carbon dioxide equivalents,Seasonally adjusted
2020.09,CCZ,Manufacturing,Emissions intensity,Tonnes per $1million value added (constant prices),425,Carbon dioxide equivalents,Seasonally adjusted
2020.12,CCZ,Manufacturing,Emissions intensity,Tonnes per $1million value added (constant prices),433,Carbon dioxide equivalents,Seasonally adjusted
2021.03,CCZ,Manufacturing,Emissions intensity,Tonnes per $1million value added (constant prices),416,Carbon dioxide equivalents,Seasonally adjusted
2021.06,CCZ,Manufacturing,Emissions intensity,Tonnes per $1million value added (constant prices),409,Carbon dioxide equivalents,Seasonally adjusted
2021.09,CCZ,Manufacturing,Emissions intensity,Tonnes per $1million value added (constant prices),427,Carbon dioxide equivalents,Seasonally adjusted
2021.12,CCZ,Manufacturing,Emissions intensity,Tonnes per $1million value added (constant prices),419,Carbon dioxide equivalents,Seasonally adjusted
2022.03,CCZ,Manufacturing,Emissions intensity,Tonnes per $1million value added (constant prices),431,Carbon dioxide equivalents,Seasonally adjusted
2022.06,CCZ,Manufacturing,Emissions intensity,Tonnes per $1million value added (constant prices),421,Carbon dioxide equivalents,Seasonally adjusted
2022.09,CCZ,Manufacturing,Emissions intensity,Tonnes per $1million value added (constant prices),389,Carbon dioxide equivalents,Seasonally adjusted
2022.12,CCZ,Manufacturing,Emissions intensity,Tonnes per $1million value added (constant prices),368,Carbon dioxide equivalents,Seasonally adjusted
2023.03,CCZ,Manufacturing,Emissions intensity,Tonnes per $1million value added (constant prices),390,Carbon dioxide equivalents,Seasonally adjusted
2023.06,CCZ,Manufacturing,Emissions intensity,Tonnes per $1million value added (constant prices),414,Carbon dioxide equivalents,Seasonally adjusted
2023.09,CCZ,Manufacturing,Emissions intensity,Tonnes per $1million value added (constant prices),414,Carbon dioxide equivalents,Seasonally adjusted
2023.12,CCZ,Manufacturing,Emissions intensity,Tonnes per $1million value added (constant prices),393,Carbon dioxide equivalents,Seasonally adjusted
2024.03,CCZ,Manufacturing,Emissions intensity,Tonnes per $1million value added (constant prices),389,Carbon dioxide equivalents,Seasonally adjusted
2024.06,CCZ,Manufacturing,Emissions intensity,Tonnes per $1million value added (constant prices),360,Carbon dioxide equivalents,Seasonally adjusted
2024.09,CCZ,Manufacturing,Emissions intensity,Tonnes per $1million value added (constant prices),338,Carbon dioxide equivalents,Seasonally adjusted
2024.12,CCZ,Manufacturing,Emissions intensity,Tonnes per $1million value added (constant prices),366,Carbon dioxide equivalents,Seasonally adjusted
2025.03,CCZ,Manufacturing,Emissions intensity,Tonnes per $1million value added (constant prices),340,Carbon dioxide equivalents,Seasonally adjusted
2025.06,CCZ,Manufacturing,Emissions intensity,Tonnes per $1million value added (constant prices),345,Carbon dioxide equivalents,Seasonally adjusted
2025.09,CCZ,Manufacturing,Emissions intensity,Tonnes per $1million value added (constant prices),365,Carbon dioxide equivalents,Seasonally adjusted
2025.12,CCZ,Manufacturing,Emissions intensity,Tonnes per $1million value added (constant prices),337,Carbon dioxide equivalents,Seasonally adjusted
2010.03,DD1,"Electricity, gas, water, and waste services",Emissions intensity,Tonnes per $1million value added (constant prices),1505,Carbon dioxide equivalents,Seasonally adjusted
2010.06,DD1,"Electricity, gas, water, and waste services",Emissions intensity,Tonnes per $1million value added (constant prices),1499,Carbon dioxide equivalents,Seasonally adjusted
2010.09,DD1,"Electricity, gas, water, and waste services",Emissions intensity,Tonnes per $1million value added (constant prices),1502,Carbon dioxide equivalents,Seasonally adjusted
2010.12,DD1,"Electricity, gas, water, and waste services",Emissions intensity,Tonnes per $1million value added (constant prices),1429,Carbon dioxide equivalents,Seasonally adjusted
2011.03,DD1,"Electricity, gas, water, and waste services",Emissions intensity,Tonnes per $1million value added (constant prices),1242,Carbon dioxide equivalents,Seasonally adjusted
2011.06,DD1,"Electricity, gas, water, and waste services",Emissions intensity,Tonnes per $1million value added (constant prices),1257,Carbon dioxide equivalents,Seasonally adjusted
2011.09,DD1,"Electricity, gas, water, and waste services",Emissions intensity,Tonnes per $1million value added (constant prices),1664,Carbon dioxide equivalents,Seasonally adjusted
2011.12,DD1,"Electricity, gas, water, and waste services",Emissions intensity,Tonnes per $1million value added (constant prices),1434,Carbon dioxide equivalents,Seasonally adjusted
2012.03,DD1,"Electricity, gas, water, and waste services",Emissions intensity,Tonnes per $1million value added (constant prices),1518,Carbon dioxide equivalents,Seasonally adjusted
2012.06,DD1,"Electricity, gas, water, and waste services",Emissions intensity,Tonnes per $1million value added (constant prices),2031,Carbon dioxide equivalents,Seasonally adjusted
2012.09,DD1,"Electricity, gas, water, and waste services",Emissions intensity,Tonnes per $1million value added (constant prices),1617,Carbon dioxide equivalents,Seasonally adjusted
2012.12,DD1,"Electricity, gas, water, and waste services",Emissions intensity,Tonnes per $1million value added (constant prices),1243,Carbon dioxide equivalents,Seasonally adjusted
2013.03,DD1,"Electricity, gas, water, and waste services",Emissions intensity,Tonnes per $1million value added (constant prices),1435,Carbon dioxide equivalents,Seasonally adjusted
2013.06,DD1,"Electricity, gas, water, and waste services",Emissions intensity,Tonnes per $1million value added (constant prices),1742,Carbon dioxide equivalents,Seasonally adjusted
2013.09,DD1,"Electricity, gas, water, and waste services",Emissions intensity,Tonnes per $1million value added (constant prices),1430,Carbon dioxide equivalents,Seasonally adjusted
2013.12,DD1,"Electricity, gas, water, and waste services",Emissions intensity,Tonnes per $1million value added (constant prices),1018,Carbon dioxide equivalents,Seasonally adjusted
2014.03,DD1,"Electricity, gas, water, and waste services",Emissions intensity,Tonnes per $1million value added (constant prices),1190,Carbon dioxide equivalents,Seasonally adjusted
2014.06,DD1,"Electricity, gas, water, and waste services",Emissions intensity,Tonnes per $1million value added (constant prices),1274,Carbon dioxide equivalents,Seasonally adjusted
2014.09,DD1,"Electricity, gas, water, and waste services",Emissions intensity,Tonnes per $1million value added (constant prices),1191,Carbon dioxide equivalents,Seasonally adjusted
2014.12,DD1,"Electricity, gas, water, and waste services",Emissions intensity,Tonnes per $1million value added (constant prices),1242,Carbon dioxide equivalents,Seasonally adjusted
2015.03,DD1,"Electricity, gas, water, and waste services",Emissions intensity,Tonnes per $1million value added (constant prices),1345,Carbon dioxide equivalents,Seasonally adjusted
2015.06,DD1,"Electricity, gas, water, and waste services",Emissions intensity,Tonnes per $1million value added (constant prices),1081,Carbon dioxide equivalents,Seasonally adjusted
2015.09,DD1,"Electricity, gas, water, and waste services",Emissions intensity,Tonnes per $1million value added (constant prices),1122,Carbon dioxide equivalents,Seasonally adjusted
2015.12,DD1,"Electricity, gas, water, and waste services",Emissions intensity,Tonnes per $1million value added (constant prices),1092,Carbon dioxide equivalents,Seasonally adjusted
2016.03,DD1,"Electricity, gas, water, and waste services",Emissions intensity,Tonnes per $1million value added (constant prices),1063,Carbon dioxide equivalents,Seasonally adjusted
2016.06,DD1,"Electricity, gas, water, and waste services",Emissions intensity,Tonnes per $1million value added (constant prices),1039,Carbon dioxide equivalents,Seasonally adjusted
2016.09,DD1,"Electricity, gas, water, and waste services",Emissions intensity,Tonnes per $1million value added (constant prices),935,Carbon dioxide equivalents,Seasonally adjusted
2016.12,DD1,"Electricity, gas, water, and waste services",Emissions intensity,Tonnes per $1million value added (constant prices),849,Carbon dioxide equivalents,Seasonally adjusted
2017.03,DD1,"Electricity, gas, water, and waste services",Emissions intensity,Tonnes per $1million value added (constant prices),852,Carbon dioxide equivalents,Seasonally adjusted
2017.06,DD1,"Electricity, gas, water, and waste services",Emissions intensity,Tonnes per $1million value added (constant prices),1145,Carbon dioxide equivalents,Seasonally adjusted
2017.09,DD1,"Electricity, gas, water, and waste services",Emissions intensity,Tonnes per $1million value added (constant prices),1195,Carbon dioxide equivalents,Seasonally adjusted
2017.12,DD1,"Electricity, gas, water, and waste services",Emissions intensity,Tonnes per $1million value added (constant prices),1120,Carbon dioxide equivalents,Seasonally adjusted
2018.03,DD1,"Electricity, gas, water, and waste services",Emissions intensity,Tonnes per $1million value added (constant prices),1095,Carbon dioxide equivalents,Seasonally adjusted
2018.06,DD1,"Electricity, gas, water, and waste services",Emissions intensity,Tonnes per $1million value added (constant prices),957,Carbon dioxide equivalents,Seasonally adjusted
2018.09,DD1,"Electricity, gas, water, and waste services",Emissions intensity,Tonnes per $1million value added (constant prices),998,Carbon dioxide equivalents,Seasonally adjusted
2018.12,DD1,"Electricity, gas, water, and waste services",Emissions intensity,Tonnes per $1million value added (constant prices),1131,Carbon dioxide equivalents,Seasonally adjusted
2019.03,DD1,"Electricity, gas, water, and waste services",Emissions intensity,Tonnes per $1million value added (constant prices),1155,Carbon dioxide equivalents,Seasonally adjusted
2019.06,DD1,"Electricity, gas, water, and waste services",Emissions intensity,Tonnes per $1million value added (constant prices),1008,Carbon dioxide equivalents,Seasonally adjusted
2019.09,DD1,"Electricity, gas, water, and waste services",Emissions intensity,Tonnes per $1million value added (constant prices),1128,Carbon dioxide equivalents,Seasonally adjusted
2019.12,DD1,"Electricity, gas, water, and waste services",Emissions intensity,Tonnes per $1million value added (constant prices),951,Carbon dioxide equivalents,Seasonally adjusted
2020.03,DD1,"Electricity, gas, water, and waste services",Emissions intensity,Tonnes per $1million value added (constant prices),1073,Carbon dioxide equivalents,Seasonally adjusted
2020.06,DD1,"Electricity, gas, water, and waste services",Emissions intensity,Tonnes per $1million value added (constant prices),1128,Carbon dioxide equivalents,Seasonally adjusted
2020.09,DD1,"Electricity, gas, water, and waste services",Emissions intensity,Tonnes per $1million value added (constant prices),1367,Carbon dioxide equivalents,Seasonally adjusted
2020.12,DD1,"Electricity, gas, water, and waste services",Emissions intensity,Tonnes per $1million value added (constant prices),1036,Carbon dioxide equivalents,Seasonally adjusted
2021.03,DD1,"Electricity, gas, water, and waste services",Emissions intensity,Tonnes per $1million value added (constant prices),1316,Carbon dioxide equivalents,Seasonally adjusted
2021.06,DD1,"Electricity, gas, water, and waste services",Emissions intensity,Tonnes per $1million value added (constant prices),1539,Carbon dioxide equivalents,Seasonally adjusted
2021.09,DD1,"Electricity, gas, water, and waste services",Emissions intensity,Tonnes per $1million value added (constant prices),1102,Carbon dioxide equivalents,Seasonally adjusted
2021.12,DD1,"Electricity, gas, water, and waste services",Emissions intensity,Tonnes per $1million value added (constant prices),768,Carbon dioxide equivalents,Seasonally adjusted
2022.03,DD1,"Electricity, gas, water, and waste services",Emissions intensity,Tonnes per $1million value added (constant prices),1054,Carbon dioxide equivalents,Seasonally adjusted
2022.06,DD1,"Electricity, gas, water, and waste services",Emissions intensity,Tonnes per $1million value added (constant prices),1151,Carbon dioxide equivalents,Seasonally adjusted
2022.09,DD1,"Electricity, gas, water, and waste services",Emissions intensity,Tonnes per $1million value added (constant prices),809,Carbon dioxide equivalents,Seasonally adjusted
2022.12,DD1,"Electricity, gas, water, and waste services",Emissions intensity,Tonnes per $1million value added (constant prices),633,Carbon dioxide equivalents,Seasonally adjusted
2023.03,DD1,"Electricity, gas, water, and waste services",Emissions intensity,Tonnes per $1million value added (constant prices),815,Carbon dioxide equivalents,Seasonally adjusted
2023.06,DD1,"Electricity, gas, water, and waste services",Emissions intensity,Tonnes per $1million value added (constant prices),690,Carbon dioxide equivalents,Seasonally adjusted
2023.09,DD1,"Electricity, gas, water, and waste services",Emissions intensity,Tonnes per $1million value added (constant prices),1015,Carbon dioxide equivalents,Seasonally adjusted
2023.12,DD1,"Electricity, gas, water, and waste services",Emissions intensity,Tonnes per $1million value added (constant prices),800,Carbon dioxide equivalents,Seasonally adjusted
2024.03,DD1,"Electricity, gas, water, and waste services",Emissions intensity,Tonnes per $1million value added (constant prices),857,Carbon dioxide equivalents,Seasonally adjusted
2024.06,DD1,"Electricity, gas, water, and waste services",Emissions intensity,Tonnes per $1million value added (constant prices),1184,Carbon dioxide equivalents,Seasonally adjusted
2024.09,DD1,"Electricity, gas, water, and waste services",Emissions intensity,Tonnes per $1million value added (constant prices),1222,Carbon dioxide equivalents,Seasonally adjusted
2024.12,DD1,"Electricity, gas, water, and waste services",Emissions intensity,Tonnes per $1million value added (constant prices),596,Carbon dioxide equivalents,Seasonally adjusted
2025.03,DD1,"Electricity, gas, water, and waste services",Emissions intensity,Tonnes per $1million value added (constant prices),1017,Carbon dioxide equivalents,Seasonally adjusted
2025.06,DD1,"Electricity, gas, water, and waste services",Emissions intensity,Tonnes per $1million value added (constant prices),1019,Carbon dioxide equivalents,Seasonally adjusted
2025.09,DD1,"Electricity, gas, water, and waste services",Emissions intensity,Tonnes per $1million value added (constant prices),781,Carbon dioxide equivalents,Seasonally adjusted
2025.12,DD1,"Electricity, gas, water, and waste services",Emissions intensity,Tonnes per $1million value added (constant prices),505,Carbon dioxide equivalents,Seasonally adjusted
2010.03,EE1,Construction,Emissions intensity,Tonnes per $1million value added (constant prices),92,Carbon dioxide equivalents,Seasonally adjusted
2010.06,EE1,Construction,Emissions intensity,Tonnes per $1million value added (constant prices),106,Carbon dioxide equivalents,Seasonally adjusted
2010.09,EE1,Construction,Emissions intensity,Tonnes per $1million value added (constant prices),103,Carbon dioxide equivalents,Seasonally adjusted
2010.12,EE1,Construction,Emissions intensity,Tonnes per $1million value added (constant prices),109,Carbon dioxide equivalents,Seasonally adjusted
2011.03,EE1,Construction,Emissions intensity,Tonnes per $1million value added (constant prices),106,Carbon dioxide equivalents,Seasonally adjusted
2011.06,EE1,Construction,Emissions intensity,Tonnes per $1million value added (constant prices),117,Carbon dioxide equivalents,Seasonally adjusted
2011.09,EE1,Construction,Emissions intensity,Tonnes per $1million value added (constant prices),111,Carbon dioxide equivalents,Seasonally adjusted
2011.12,EE1,Construction,Emissions intensity,Tonnes per $1million value added (constant prices),109,Carbon dioxide equivalents,Seasonally adjusted
2012.03,EE1,Construction,Emissions intensity,Tonnes per $1million value added (constant prices),104,Carbon dioxide equivalents,Seasonally adjusted
2012.06,EE1,Construction,Emissions intensity,Tonnes per $1million value added (constant prices),115,Carbon dioxide equivalents,Seasonally adjusted
2012.09,EE1,Construction,Emissions intensity,Tonnes per $1million value added (constant prices),109,Carbon dioxide equivalents,Seasonally adjusted
2012.12,EE1,Construction,Emissions intensity,Tonnes per $1million value added (constant prices),106,Carbon dioxide equivalents,Seasonally adjusted
2013.03,EE1,Construction,Emissions intensity,Tonnes per $1million value added (constant prices),98,Carbon dioxide equivalents,Seasonally adjusted
2013.06,EE1,Construction,Emissions intensity,Tonnes per $1million value added (constant prices),111,Carbon dioxide equivalents,Seasonally adjusted
2013.09,EE1,Construction,Emissions intensity,Tonnes per $1million value added (constant prices),106,Carbon dioxide equivalents,Seasonally adjusted
2013.12,EE1,Construction,Emissions intensity,Tonnes per $1million value added (constant prices),106,Carbon dioxide equivalents,Seasonally adjusted
2014.03,EE1,Construction,Emissions intensity,Tonnes per $1million value added (constant prices),96,Carbon dioxide equivalents,Seasonally adjusted
2014.06,EE1,Construction,Emissions intensity,Tonnes per $1million value added (constant prices),104,Carbon dioxide equivalents,Seasonally adjusted
2014.09,EE1,Construction,Emissions intensity,Tonnes per $1million value added (constant prices),108,Carbon dioxide equivalents,Seasonally adjusted
2014.12,EE1,Construction,Emissions intensity,Tonnes per $1million value added (constant prices),94,Carbon dioxide equivalents,Seasonally adjusted
2015.03,EE1,Construction,Emissions intensity,Tonnes per $1million value added (constant prices),93,Carbon dioxide equivalents,Seasonally adjusted
2015.06,EE1,Construction,Emissions intensity,Tonnes per $1million value added (constant prices),103,Carbon dioxide equivalents,Seasonally adjusted
2015.09,EE1,Construction,Emissions intensity,Tonnes per $1million value added (constant prices),95,Carbon dioxide equivalents,Seasonally adjusted
2015.12,EE1,Construction,Emissions intensity,Tonnes per $1million value added (constant prices),92,Carbon dioxide equivalents,Seasonally adjusted
2016.03,EE1,Construction,Emissions intensity,Tonnes per $1million value added (constant prices),87,Carbon dioxide equivalents,Seasonally adjusted
2016.06,EE1,Construction,Emissions intensity,Tonnes per $1million value added (constant prices),98,Carbon dioxide equivalents,Seasonally adjusted
2016.09,EE1,Construction,Emissions intensity,Tonnes per $1million value added (constant prices),94,Carbon dioxide equivalents,Seasonally adjusted
2016.12,EE1,Construction,Emissions intensity,Tonnes per $1million value added (constant prices),96,Carbon dioxide equivalents,Seasonally adjusted
2017.03,EE1,Construction,Emissions intensity,Tonnes per $1million value added (constant prices),97,Carbon dioxide equivalents,Seasonally adjusted
2017.06,EE1,Construction,Emissions intensity,Tonnes per $1million value added (constant prices),105,Carbon dioxide equivalents,Seasonally adjusted
2017.09,EE1,Construction,Emissions intensity,Tonnes per $1million value added (constant prices),105,Carbon dioxide equivalents,Seasonally adjusted
2017.12,EE1,Construction,Emissions intensity,Tonnes per $1million value added (constant prices),110,Carbon dioxide equivalents,Seasonally adjusted
2018.03,EE1,Construction,Emissions intensity,Tonnes per $1million value added (constant prices),107,Carbon dioxide equivalents,Seasonally adjusted
2018.06,EE1,Construction,Emissions intensity,Tonnes per $1million value added (constant prices),120,Carbon dioxide equivalents,Seasonally adjusted
2018.09,EE1,Construction,Emissions intensity,Tonnes per $1million value added (constant prices),116,Carbon dioxide equivalents,Seasonally adjusted
2018.12,EE1,Construction,Emissions intensity,Tonnes per $1million value added (constant prices),116,Carbon dioxide equivalents,Seasonally adjusted
2019.03,EE1,Construction,Emissions intensity,Tonnes per $1million value added (constant prices),101,Carbon dioxide equivalents,Seasonally adjusted
2019.06,EE1,Construction,Emissions intensity,Tonnes per $1million value added (constant prices),104,Carbon dioxide equivalents,Seasonally adjusted
2019.09,EE1,Construction,Emissions intensity,Tonnes per $1million value added (constant prices),100,Carbon dioxide equivalents,Seasonally adjusted
2019.12,EE1,Construction,Emissions intensity,Tonnes per $1million value added (constant prices),98,Carbon dioxide equivalents,Seasonally adjusted
2020.03,EE1,Construction,Emissions intensity,Tonnes per $1million value added (constant prices),91,Carbon dioxide equivalents,Seasonally adjusted
2020.06,EE1,Construction,Emissions intensity,Tonnes per $1million value added (constant prices),95,Carbon dioxide equivalents,Seasonally adjusted
2020.09,EE1,Construction,Emissions intensity,Tonnes per $1million value added (constant prices),90,Carbon dioxide equivalents,Seasonally adjusted
2020.12,EE1,Construction,Emissions intensity,Tonnes per $1million value added (constant prices),98,Carbon dioxide equivalents,Seasonally adjusted
2021.03,EE1,Construction,Emissions intensity,Tonnes per $1million value added (constant prices),98,Carbon dioxide equivalents,Seasonally adjusted
2021.06,EE1,Construction,Emissions intensity,Tonnes per $1million value added (constant prices),109,Carbon dioxide equivalents,Seasonally adjusted
2021.09,EE1,Construction,Emissions intensity,Tonnes per $1million value added (constant prices),115,Carbon dioxide equivalents,Seasonally adjusted
2021.12,EE1,Construction,Emissions intensity,Tonnes per $1million value added (constant prices),120,Carbon dioxide equivalents,Seasonally adjusted
2022.03,EE1,Construction,Emissions intensity,Tonnes per $1million value added (constant prices),116,Carbon dioxide equivalents,Seasonally adjusted
2022.06,EE1,Construction,Emissions intensity,Tonnes per $1million value added (constant prices),113,Carbon dioxide equivalents,Seasonally adjusted
2022.09,EE1,Construction,Emissions intensity,Tonnes per $1million value added (constant prices),115,Carbon dioxide equivalents,Seasonally adjusted
2022.12,EE1,Construction,Emissions intensity,Tonnes per $1million value added (constant prices),107,Carbon dioxide equivalents,Seasonally adjusted
2023.03,EE1,Construction,Emissions intensity,Tonnes per $1million value added (constant prices),100,Carbon dioxide equivalents,Seasonally adjusted
2023.06,EE1,Construction,Emissions intensity,Tonnes per $1million value added (constant prices),103,Carbon dioxide equivalents,Seasonally adjusted
2023.09,EE1,Construction,Emissions intensity,Tonnes per $1million value added (constant prices),103,Carbon dioxide equivalents,Seasonally adjusted
2023.12,EE1,Construction,Emissions intensity,Tonnes per $1million value added (constant prices),103,Carbon dioxide equivalents,Seasonally adjusted
2024.03,EE1,Construction,Emissions intensity,Tonnes per $1million value added (constant prices),97,Carbon dioxide equivalents,Seasonally adjusted
2024.06,EE1,Construction,Emissions intensity,Tonnes per $1million value added (constant prices),107,Carbon dioxide equivalents,Seasonally adjusted
2024.09,EE1,Construction,Emissions intensity,Tonnes per $1million value added (constant prices),111,Carbon dioxide equivalents,Seasonally adjusted
2024.12,EE1,Construction,Emissions intensity,Tonnes per $1million value added (constant prices),110,Carbon dioxide equivalents,Seasonally adjusted
2025.03,EE1,Construction,Emissions intensity,Tonnes per $1million value added (constant prices),104,Carbon dioxide equivalents,Seasonally adjusted
2025.06,EE1,Construction,Emissions intensity,Tonnes per $1million value added (constant prices),111,Carbon dioxide equivalents,Seasonally adjusted
2025.09,EE1,Construction,Emissions intensity,Tonnes per $1million value added (constant prices),113,Carbon dioxide equivalents,Seasonally adjusted
2025.12,EE1,Construction,Emissions intensity,Tonnes per $1million value added (constant prices),109,Carbon dioxide equivalents,Seasonally adjusted
2010.03,II1,"Transport, postal, and warehousing",Emissions intensity,Tonnes per $1million value added (constant prices),705,Carbon dioxide equivalents,Seasonally adjusted
2010.06,II1,"Transport, postal, and warehousing",Emissions intensity,Tonnes per $1million value added (constant prices),708,Carbon dioxide equivalents,Seasonally adjusted
2010.09,II1,"Transport, postal, and warehousing",Emissions intensity,Tonnes per $1million value added (constant prices),719,Carbon dioxide equivalents,Seasonally adjusted
2010.12,II1,"Transport, postal, and warehousing",Emissions intensity,Tonnes per $1million value added (constant prices),700,Carbon dioxide equivalents,Seasonally adjusted
2011.03,II1,"Transport, postal, and warehousing",Emissions intensity,Tonnes per $1million value added (constant prices),695,Carbon dioxide equivalents,Seasonally adjusted
2011.06,II1,"Transport, postal, and warehousing",Emissions intensity,Tonnes per $1million value added (constant prices),678,Carbon dioxide equivalents,Seasonally adjusted
2011.09,II1,"Transport, postal, and warehousing",Emissions intensity,Tonnes per $1million value added (constant prices),682,Carbon dioxide equivalents,Seasonally adjusted
2011.12,II1,"Transport, postal, and warehousing",Emissions intensity,Tonnes per $1million value added (constant prices),694,Carbon dioxide equivalents,Seasonally adjusted
2012.03,II1,"Transport, postal, and warehousing",Emissions intensity,Tonnes per $1million value added (constant prices),682,Carbon dioxide equivalents,Seasonally adjusted
2012.06,II1,"Transport, postal, and warehousing",Emissions intensity,Tonnes per $1million value added (constant prices),670,Carbon dioxide equivalents,Seasonally adjusted
2012.09,II1,"Transport, postal, and warehousing",Emissions intensity,Tonnes per $1million value added (constant prices),660,Carbon dioxide equivalents,Seasonally adjusted
2012.12,II1,"Transport, postal, and warehousing",Emissions intensity,Tonnes per $1million value added (constant prices),669,Carbon dioxide equivalents,Seasonally adjusted
2013.03,II1,"Transport, postal, and warehousing",Emissions intensity,Tonnes per $1million value added (constant prices),674,Carbon dioxide equivalents,Seasonally adjusted
2013.06,II1,"Transport, postal, and warehousing",Emissions intensity,Tonnes per $1million value added (constant prices),696,Carbon dioxide equivalents,Seasonally adjusted
2013.09,II1,"Transport, postal, and warehousing",Emissions intensity,Tonnes per $1million value added (constant prices),663,Carbon dioxide equivalents,Seasonally adjusted
2013.12,II1,"Transport, postal, and warehousing",Emissions intensity,Tonnes per $1million value added (constant prices),665,Carbon dioxide equivalents,Seasonally adjusted
2014.03,II1,"Transport, postal, and warehousing",Emissions intensity,Tonnes per $1million value added (constant prices),645,Carbon dioxide equivalents,Seasonally adjusted
2014.06,II1,"Transport, postal, and warehousing",Emissions intensity,Tonnes per $1million value added (constant prices),623,Carbon dioxide equivalents,Seasonally adjusted
2014.09,II1,"Transport, postal, and warehousing",Emissions intensity,Tonnes per $1million value added (constant prices),647,Carbon dioxide equivalents,Seasonally adjusted
2014.12,II1,"Transport, postal, and warehousing",Emissions intensity,Tonnes per $1million value added (constant prices),619,Carbon dioxide equivalents,Seasonally adjusted
2015.03,II1,"Transport, postal, and warehousing",Emissions intensity,Tonnes per $1million value added (constant prices),631,Carbon dioxide equivalents,Seasonally adjusted
2015.06,II1,"Transport, postal, and warehousing",Emissions intensity,Tonnes per $1million value added (constant prices),643,Carbon dioxide equivalents,Seasonally adjusted
2015.09,II1,"Transport, postal, and warehousing",Emissions intensity,Tonnes per $1million value added (constant prices),622,Carbon dioxide equivalents,Seasonally adjusted
2015.12,II1,"Transport, postal, and warehousing",Emissions intensity,Tonnes per $1million value added (constant prices),624,Carbon dioxide equivalents,Seasonally adjusted
2016.03,II1,"Transport, postal, and warehousing",Emissions intensity,Tonnes per $1million value added (constant prices),602,Carbon dioxide equivalents,Seasonally adjusted
2016.06,II1,"Transport, postal, and warehousing",Emissions intensity,Tonnes per $1million value added (constant prices),608,Carbon dioxide equivalents,Seasonally adjusted
2016.09,II1,"Transport, postal, and warehousing",Emissions intensity,Tonnes per $1million value added (constant prices),618,Carbon dioxide equivalents,Seasonally adjusted
2016.12,II1,"Transport, postal, and warehousing",Emissions intensity,Tonnes per $1million value added (constant prices),624,Carbon dioxide equivalents,Seasonally adjusted
2017.03,II1,"Transport, postal, and warehousing",Emissions intensity,Tonnes per $1million value added (constant prices),634,Carbon dioxide equivalents,Seasonally adjusted
2017.06,II1,"Transport, postal, and warehousing",Emissions intensity,Tonnes per $1million value added (constant prices),637,Carbon dioxide equivalents,Seasonally adjusted
2017.09,II1,"Transport, postal, and warehousing",Emissions intensity,Tonnes per $1million value added (constant prices),652,Carbon dioxide equivalents,Seasonally adjusted
2017.12,II1,"Transport, postal, and warehousing",Emissions intensity,Tonnes per $1million value added (constant prices),630,Carbon dioxide equivalents,Seasonally adjusted
2018.03,II1,"Transport, postal, and warehousing",Emissions intensity,Tonnes per $1million value added (constant prices),642,Carbon dioxide equivalents,Seasonally adjusted
2018.06,II1,"Transport, postal, and warehousing",Emissions intensity,Tonnes per $1million value added (constant prices),645,Carbon dioxide equivalents,Seasonally adjusted
2018.09,II1,"Transport, postal, and warehousing",Emissions intensity,Tonnes per $1million value added (constant prices),632,Carbon dioxide equivalents,Seasonally adjusted
2018.12,II1,"Transport, postal, and warehousing",Emissions intensity,Tonnes per $1million value added (constant prices),675,Carbon dioxide equivalents,Seasonally adjusted
2019.03,II1,"Transport, postal, and warehousing",Emissions intensity,Tonnes per $1million value added (constant prices),625,Carbon dioxide equivalents,Seasonally adjusted
2019.06,II1,"Transport, postal, and warehousing",Emissions intensity,Tonnes per $1million value added (constant prices),614,Carbon dioxide equivalents,Seasonally adjusted
2019.09,II1,"Transport, postal, and warehousing",Emissions intensity,Tonnes per $1million value added (constant prices),625,Carbon dioxide equivalents,Seasonally adjusted
2019.12,II1,"Transport, postal, and warehousing",Emissions intensity,Tonnes per $1million value added (constant prices),619,Carbon dioxide equivalents,Seasonally adjusted
2020.03,II1,"Transport, postal, and warehousing",Emissions intensity,Tonnes per $1million value added (constant prices),636,Carbon dioxide equivalents,Seasonally adjusted
2020.06,II1,"Transport, postal, and warehousing",Emissions intensity,Tonnes per $1million value added (constant prices),426,Carbon dioxide equivalents,Seasonally adjusted
2020.09,II1,"Transport, postal, and warehousing",Emissions intensity,Tonnes per $1million value added (constant prices),457,Carbon dioxide equivalents,Seasonally adjusted
2020.12,II1,"Transport, postal, and warehousing",Emissions intensity,Tonnes per $1million value added (constant prices),484,Carbon dioxide equivalents,Seasonally adjusted
2021.03,II1,"Transport, postal, and warehousing",Emissions intensity,Tonnes per $1million value added (constant prices),468,Carbon dioxide equivalents,Seasonally adjusted
2021.06,II1,"Transport, postal, and warehousing",Emissions intensity,Tonnes per $1million value added (constant prices),490,Carbon dioxide equivalents,Seasonally adjusted
2021.09,II1,"Transport, postal, and warehousing",Emissions intensity,Tonnes per $1million value added (constant prices),430,Carbon dioxide equivalents,Seasonally adjusted
2021.12,II1,"Transport, postal, and warehousing",Emissions intensity,Tonnes per $1million value added (constant prices),445,Carbon dioxide equivalents,Seasonally adjusted
2022.03,II1,"Transport, postal, and warehousing",Emissions intensity,Tonnes per $1million value added (constant prices),475,Carbon dioxide equivalents,Seasonally adjusted
2022.06,II1,"Transport, postal, and warehousing",Emissions intensity,Tonnes per $1million value added (constant prices),456,Carbon dioxide equivalents,Seasonally adjusted
2022.09,II1,"Transport, postal, and warehousing",Emissions intensity,Tonnes per $1million value added (constant prices),470,Carbon dioxide equivalents,Seasonally adjusted
2022.12,II1,"Transport, postal, and warehousing",Emissions intensity,Tonnes per $1million value added (constant prices),499,Carbon dioxide equivalents,Seasonally adjusted
2023.03,II1,"Transport, postal, and warehousing",Emissions intensity,Tonnes per $1million value added (constant prices),523,Carbon dioxide equivalents,Seasonally adjusted
2023.06,II1,"Transport, postal, and warehousing",Emissions intensity,Tonnes per $1million value added (constant prices),554,Carbon dioxide equivalents,Seasonally adjusted
2023.09,II1,"Transport, postal, and warehousing",Emissions intensity,Tonnes per $1million value added (constant prices),594,Carbon dioxide equivalents,Seasonally adjusted
2023.12,II1,"Transport, postal, and warehousing",Emissions intensity,Tonnes per $1million value added (constant prices),584,Carbon dioxide equivalents,Seasonally adjusted
2024.03,II1,"Transport, postal, and warehousing",Emissions intensity,Tonnes per $1million value added (constant prices),588,Carbon dioxide equivalents,Seasonally adjusted
2024.06,II1,"Transport, postal, and warehousing",Emissions intensity,Tonnes per $1million value added (constant prices),603,Carbon dioxide equivalents,Seasonally adjusted
2024.09,II1,"Transport, postal, and warehousing",Emissions intensity,Tonnes per $1million value added (constant prices),595,Carbon dioxide equivalents,Seasonally adjusted
2024.12,II1,"Transport, postal, and warehousing",Emissions intensity,Tonnes per $1million value added (constant prices),603,Carbon dioxide equivalents,Seasonally adjusted
2025.03,II1,"Transport, postal, and warehousing",Emissions intensity,Tonnes per $1million value added (constant prices),586,Carbon dioxide equivalents,Seasonally adjusted
2025.06,II1,"Transport, postal, and warehousing",Emissions intensity,Tonnes per $1million value added (constant prices),604,Carbon dioxide equivalents,Seasonally adjusted
2025.09,II1,"Transport, postal, and warehousing",Emissions intensity,Tonnes per $1million value added (constant prices),599,Carbon dioxide equivalents,Seasonally adjusted
2025.12,II1,"Transport, postal, and warehousing",Emissions intensity,Tonnes per $1million value added (constant prices),605,Carbon dioxide equivalents,Seasonally adjusted
2010.03,ZGZ,Goods-producing industries,Emissions intensity,Tonnes per $1million value added (constant prices),544,Carbon dioxide equivalents,Seasonally adjusted
2010.06,ZGZ,Goods-producing industries,Emissions intensity,Tonnes per $1million value added (constant prices),521,Carbon dioxide equivalents,Seasonally adjusted
2010.09,ZGZ,Goods-producing industries,Emissions intensity,Tonnes per $1million value added (constant prices),522,Carbon dioxide equivalents,Seasonally adjusted
2010.12,ZGZ,Goods-producing industries,Emissions intensity,Tonnes per $1million value added (constant prices),535,Carbon dioxide equivalents,Seasonally adjusted
2011.03,ZGZ,Goods-producing industries,Emissions intensity,Tonnes per $1million value added (constant prices),514,Carbon dioxide equivalents,Seasonally adjusted
2011.06,ZGZ,Goods-producing industries,Emissions intensity,Tonnes per $1million value added (constant prices),471,Carbon dioxide equivalents,Seasonally adjusted
2011.09,ZGZ,Goods-producing industries,Emissions intensity,Tonnes per $1million value added (constant prices),538,Carbon dioxide equivalents,Seasonally adjusted
2011.12,ZGZ,Goods-producing industries,Emissions intensity,Tonnes per $1million value added (constant prices),549,Carbon dioxide equivalents,Seasonally adjusted
2012.03,ZGZ,Goods-producing industries,Emissions intensity,Tonnes per $1million value added (constant prices),548,Carbon dioxide equivalents,Seasonally adjusted
2012.06,ZGZ,Goods-producing industries,Emissions intensity,Tonnes per $1million value added (constant prices),593,Carbon dioxide equivalents,Seasonally adjusted
2012.09,ZGZ,Goods-producing industries,Emissions intensity,Tonnes per $1million value added (constant prices),550,Carbon dioxide equivalents,Seasonally adjusted
2012.12,ZGZ,Goods-producing industries,Emissions intensity,Tonnes per $1million value added (constant prices),520,Carbon dioxide equivalents,Seasonally adjusted
2013.03,ZGZ,Goods-producing industries,Emissions intensity,Tonnes per $1million value added (constant prices),526,Carbon dioxide equivalents,Seasonally adjusted
2013.06,ZGZ,Goods-producing industries,Emissions intensity,Tonnes per $1million value added (constant prices),574,Carbon dioxide equivalents,Seasonally adjusted
2013.09,ZGZ,Goods-producing industries,Emissions intensity,Tonnes per $1million value added (constant prices),530,Carbon dioxide equivalents,Seasonally adjusted
2013.12,ZGZ,Goods-producing industries,Emissions intensity,Tonnes per $1million value added (constant prices),491,Carbon dioxide equivalents,Seasonally adjusted
2014.03,ZGZ,Goods-producing industries,Emissions intensity,Tonnes per $1million value added (constant prices),495,Carbon dioxide equivalents,Seasonally adjusted
2014.06,ZGZ,Goods-producing industries,Emissions intensity,Tonnes per $1million value added (constant prices),497,Carbon dioxide equivalents,Seasonally adjusted
2014.09,ZGZ,Goods-producing industries,Emissions intensity,Tonnes per $1million value added (constant prices),508,Carbon dioxide equivalents,Seasonally adjusted
2014.12,ZGZ,Goods-producing industries,Emissions intensity,Tonnes per $1million value added (constant prices),546,Carbon dioxide equivalents,Seasonally adjusted
2015.03,ZGZ,Goods-producing industries,Emissions intensity,Tonnes per $1million value added (constant prices),531,Carbon dioxide equivalents,Seasonally adjusted
2015.06,ZGZ,Goods-producing industries,Emissions intensity,Tonnes per $1million value added (constant prices),467,Carbon dioxide equivalents,Seasonally adjusted
2015.09,ZGZ,Goods-producing industries,Emissions intensity,Tonnes per $1million value added (constant prices),479,Carbon dioxide equivalents,Seasonally adjusted
2015.12,ZGZ,Goods-producing industries,Emissions intensity,Tonnes per $1million value added (constant prices),484,Carbon dioxide equivalents,Seasonally adjusted
2016.03,ZGZ,Goods-producing industries,Emissions intensity,Tonnes per $1million value added (constant prices),462,Carbon dioxide equivalents,Seasonally adjusted
2016.06,ZGZ,Goods-producing industries,Emissions intensity,Tonnes per $1million value added (constant prices),445,Carbon dioxide equivalents,Seasonally adjusted
2016.09,ZGZ,Goods-producing industries,Emissions intensity,Tonnes per $1million value added (constant prices),432,Carbon dioxide equivalents,Seasonally adjusted
2016.12,ZGZ,Goods-producing industries,Emissions intensity,Tonnes per $1million value added (constant prices),400,Carbon dioxide equivalents,Seasonally adjusted
2017.03,ZGZ,Goods-producing industries,Emissions intensity,Tonnes per $1million value added (constant prices),420,Carbon dioxide equivalents,Seasonally adjusted
2017.06,ZGZ,Goods-producing industries,Emissions intensity,Tonnes per $1million value added (constant prices),442,Carbon dioxide equivalents,Seasonally adjusted
2017.09,ZGZ,Goods-producing industries,Emissions intensity,Tonnes per $1million value added (constant prices),441,Carbon dioxide equivalents,Seasonally adjusted
2017.12,ZGZ,Goods-producing industries,Emissions intensity,Tonnes per $1million value added (constant prices),454,Carbon dioxide equivalents,Seasonally adjusted
2018.03,ZGZ,Goods-producing industries,Emissions intensity,Tonnes per $1million value added (constant prices),423,Carbon dioxide equivalents,Seasonally adjusted
2018.06,ZGZ,Goods-producing industries,Emissions intensity,Tonnes per $1million value added (constant prices),417,Carbon dioxide equivalents,Seasonally adjusted
2018.09,ZGZ,Goods-producing industries,Emissions intensity,Tonnes per $1million value added (constant prices),429,Carbon dioxide equivalents,Seasonally adjusted
2018.12,ZGZ,Goods-producing industries,Emissions intensity,Tonnes per $1million value added (constant prices),451,Carbon dioxide equivalents,Seasonally adjusted
2019.03,ZGZ,Goods-producing industries,Emissions intensity,Tonnes per $1million value added (constant prices),441,Carbon dioxide equivalents,Seasonally adjusted
2019.06,ZGZ,Goods-producing industries,Emissions intensity,Tonnes per $1million value added (constant prices),417,Carbon dioxide equivalents,Seasonally adjusted
2019.09,ZGZ,Goods-producing industries,Emissions intensity,Tonnes per $1million value added (constant prices),423,Carbon dioxide equivalents,Seasonally adjusted
2019.12,ZGZ,Goods-producing industries,Emissions intensity,Tonnes per $1million value added (constant prices),424,Carbon dioxide equivalents,Seasonally adjusted
2020.03,ZGZ,Goods-producing industries,Emissions intensity,Tonnes per $1million value added (constant prices),403,Carbon dioxide equivalents,Seasonally adjusted
2020.06,ZGZ,Goods-producing industries,Emissions intensity,Tonnes per $1million value added (constant prices),457,Carbon dioxide equivalents,Seasonally adjusted
2020.09,ZGZ,Goods-producing industries,Emissions intensity,Tonnes per $1million value added (constant prices),411,Carbon dioxide equivalents,Seasonally adjusted
2020.12,ZGZ,Goods-producing industries,Emissions intensity,Tonnes per $1million value added (constant prices),412,Carbon dioxide equivalents,Seasonally adjusted
2021.03,ZGZ,Goods-producing industries,Emissions intensity,Tonnes per $1million value added (constant prices),417,Carbon dioxide equivalents,Seasonally adjusted
2021.06,ZGZ,Goods-producing industries,Emissions intensity,Tonnes per $1million value added (constant prices),455,Carbon dioxide equivalents,Seasonally adjusted
2021.09,ZGZ,Goods-producing industries,Emissions intensity,Tonnes per $1million value added (constant prices),414,Carbon dioxide equivalents,Seasonally adjusted
2021.12,ZGZ,Goods-producing industries,Emissions intensity,Tonnes per $1million value added (constant prices),395,Carbon dioxide equivalents,Seasonally adjusted
2022.03,ZGZ,Goods-producing industries,Emissions intensity,Tonnes per $1million value added (constant prices),410,Carbon dioxide equivalents,Seasonally adjusted
2022.06,ZGZ,Goods-producing industries,Emissions intensity,Tonnes per $1million value added (constant prices),405,Carbon dioxide equivalents,Seasonally adjusted
2022.09,ZGZ,Goods-producing industries,Emissions intensity,Tonnes per $1million value added (constant prices),337,Carbon dioxide equivalents,Seasonally adjusted
2022.12,ZGZ,Goods-producing industries,Emissions intensity,Tonnes per $1million value added (constant prices),334,Carbon dioxide equivalents,Seasonally adjusted
2023.03,ZGZ,Goods-producing industries,Emissions intensity,Tonnes per $1million value added (constant prices),336,Carbon dioxide equivalents,Seasonally adjusted
2023.06,ZGZ,Goods-producing industries,Emissions intensity,Tonnes per $1million value added (constant prices),316,Carbon dioxide equivalents,Seasonally adjusted
2023.09,ZGZ,Goods-producing industries,Emissions intensity,Tonnes per $1million value added (constant prices),363,Carbon dioxide equivalents,Seasonally adjusted
2023.12,ZGZ,Goods-producing industries,Emissions intensity,Tonnes per $1million value added (constant prices),368,Carbon dioxide equivalents,Seasonally adjusted
2024.03,ZGZ,Goods-producing industries,Emissions intensity,Tonnes per $1million value added (constant prices),340,Carbon dioxide equivalents,Seasonally adjusted
2024.06,ZGZ,Goods-producing industries,Emissions intensity,Tonnes per $1million value added (constant prices),368,Carbon dioxide equivalents,Seasonally adjusted
2024.09,ZGZ,Goods-producing industries,Emissions intensity,Tonnes per $1million value added (constant prices),367,Carbon dioxide equivalents,Seasonally adjusted
2024.12,ZGZ,Goods-producing industries,Emissions intensity,Tonnes per $1million value added (constant prices),339,Carbon dioxide equivalents,Seasonally adjusted
2025.03,ZGZ,Goods-producing industries,Emissions intensity,Tonnes per $1million value added (constant prices),347,Carbon dioxide equivalents,Seasonally adjusted
2025.06,ZGZ,Goods-producing industries,Emissions intensity,Tonnes per $1million value added (constant prices),344,Carbon dioxide equivalents,Seasonally adjusted
2025.09,ZGZ,Goods-producing industries,Emissions intensity,Tonnes per $1million value added (constant prices),321,Carbon dioxide equivalents,Seasonally adjusted
2025.12,ZGZ,Goods-producing industries,Emissions intensity,Tonnes per $1million value added (constant prices),314,Carbon dioxide equivalents,Seasonally adjusted
2010.03,ZPZ,Primary industries,Emissions intensity,Tonnes per $1million value added (constant prices),3087,Carbon dioxide equivalents,Seasonally adjusted
2010.06,ZPZ,Primary industries,Emissions intensity,Tonnes per $1million value added (constant prices),3252,Carbon dioxide equivalents,Seasonally adjusted
2010.09,ZPZ,Primary industries,Emissions intensity,Tonnes per $1million value added (constant prices),3303,Carbon dioxide equivalents,Seasonally adjusted
2010.12,ZPZ,Primary industries,Emissions intensity,Tonnes per $1million value added (constant prices),3315,Carbon dioxide equivalents,Seasonally adjusted
2011.03,ZPZ,Primary industries,Emissions intensity,Tonnes per $1million value added (constant prices),3256,Carbon dioxide equivalents,Seasonally adjusted
2011.06,ZPZ,Primary industries,Emissions intensity,Tonnes per $1million value added (constant prices),3173,Carbon dioxide equivalents,Seasonally adjusted
2011.09,ZPZ,Primary industries,Emissions intensity,Tonnes per $1million value added (constant prices),3204,Carbon dioxide equivalents,Seasonally adjusted
2011.12,ZPZ,Primary industries,Emissions intensity,Tonnes per $1million value added (constant prices),3188,Carbon dioxide equivalents,Seasonally adjusted
2012.03,ZPZ,Primary industries,Emissions intensity,Tonnes per $1million value added (constant prices),3128,Carbon dioxide equivalents,Seasonally adjusted
2012.06,ZPZ,Primary industries,Emissions intensity,Tonnes per $1million value added (constant prices),3074,Carbon dioxide equivalents,Seasonally adjusted
2012.09,ZPZ,Primary industries,Emissions intensity,Tonnes per $1million value added (constant prices),3052,Carbon dioxide equivalents,Seasonally adjusted
2012.12,ZPZ,Primary industries,Emissions intensity,Tonnes per $1million value added (constant prices),3048,Carbon dioxide equivalents,Seasonally adjusted
2013.03,ZPZ,Primary industries,Emissions intensity,Tonnes per $1million value added (constant prices),3110,Carbon dioxide equivalents,Seasonally adjusted
2013.06,ZPZ,Primary industries,Emissions intensity,Tonnes per $1million value added (constant prices),3189,Carbon dioxide equivalents,Seasonally adjusted
2013.09,ZPZ,Primary industries,Emissions intensity,Tonnes per $1million value added (constant prices),3116,Carbon dioxide equivalents,Seasonally adjusted
2013.12,ZPZ,Primary industries,Emissions intensity,Tonnes per $1million value added (constant prices),3157,Carbon dioxide equivalents,Seasonally adjusted
2014.03,ZPZ,Primary industries,Emissions intensity,Tonnes per $1million value added (constant prices),2977,Carbon dioxide equivalents,Seasonally adjusted
2014.06,ZPZ,Primary industries,Emissions intensity,Tonnes per $1million value added (constant prices),2993,Carbon dioxide equivalents,Seasonally adjusted
2014.09,ZPZ,Primary industries,Emissions intensity,Tonnes per $1million value added (constant prices),2946,Carbon dioxide equivalents,Seasonally adjusted
2014.12,ZPZ,Primary industries,Emissions intensity,Tonnes per $1million value added (constant prices),2916,Carbon dioxide equivalents,Seasonally adjusted
2015.03,ZPZ,Primary industries,Emissions intensity,Tonnes per $1million value added (constant prices),2952,Carbon dioxide equivalents,Seasonally adjusted
2015.06,ZPZ,Primary industries,Emissions intensity,Tonnes per $1million value added (constant prices),2934,Carbon dioxide equivalents,Seasonally adjusted
2015.09,ZPZ,Primary industries,Emissions intensity,Tonnes per $1million value added (constant prices),2867,Carbon dioxide equivalents,Seasonally adjusted
2015.12,ZPZ,Primary industries,Emissions intensity,Tonnes per $1million value added (constant prices),2902,Carbon dioxide equivalents,Seasonally adjusted
2016.03,ZPZ,Primary industries,Emissions intensity,Tonnes per $1million value added (constant prices),2891,Carbon dioxide equivalents,Seasonally adjusted
2016.06,ZPZ,Primary industries,Emissions intensity,Tonnes per $1million value added (constant prices),2823,Carbon dioxide equivalents,Seasonally adjusted
2016.09,ZPZ,Primary industries,Emissions intensity,Tonnes per $1million value added (constant prices),2878,Carbon dioxide equivalents,Seasonally adjusted
2016.12,ZPZ,Primary industries,Emissions intensity,Tonnes per $1million value added (constant prices),2896,Carbon dioxide equivalents,Seasonally adjusted
2017.03,ZPZ,Primary industries,Emissions intensity,Tonnes per $1million value added (constant prices),2876,Carbon dioxide equivalents,Seasonally adjusted
2017.06,ZPZ,Primary industries,Emissions intensity,Tonnes per $1million value added (constant prices),3010,Carbon dioxide equivalents,Seasonally adjusted
2017.09,ZPZ,Primary industries,Emissions intensity,Tonnes per $1million value added (constant prices),3012,Carbon dioxide equivalents,Seasonally adjusted
2017.12,ZPZ,Primary industries,Emissions intensity,Tonnes per $1million value added (constant prices),2973,Carbon dioxide equivalents,Seasonally adjusted
2018.03,ZPZ,Primary industries,Emissions intensity,Tonnes per $1million value added (constant prices),2953,Carbon dioxide equivalents,Seasonally adjusted
2018.06,ZPZ,Primary industries,Emissions intensity,Tonnes per $1million value added (constant prices),2941,Carbon dioxide equivalents,Seasonally adjusted
2018.09,ZPZ,Primary industries,Emissions intensity,Tonnes per $1million value added (constant prices),2907,Carbon dioxide equivalents,Seasonally adjusted
2018.12,ZPZ,Primary industries,Emissions intensity,Tonnes per $1million value added (constant prices),2884,Carbon dioxide equivalents,Seasonally adjusted
2019.03,ZPZ,Primary industries,Emissions intensity,Tonnes per $1million value added (constant prices),2907,Carbon dioxide equivalents,Seasonally adjusted
2019.06,ZPZ,Primary industries,Emissions intensity,Tonnes per $1million value added (constant prices),2980,Carbon dioxide equivalents,Seasonally adjusted
2019.09,ZPZ,Primary industries,Emissions intensity,Tonnes per $1million value added (constant prices),2977,Carbon dioxide equivalents,Seasonally adjusted
2019.12,ZPZ,Primary industries,Emissions intensity,Tonnes per $1million value added (constant prices),2994,Carbon dioxide equivalents,Seasonally adjusted
2020.03,ZPZ,Primary industries,Emissions intensity,Tonnes per $1million value added (constant prices),2990,Carbon dioxide equivalents,Seasonally adjusted
2020.06,ZPZ,Primary industries,Emissions intensity,Tonnes per $1million value added (constant prices),3064,Carbon dioxide equivalents,Seasonally adjusted
2020.09,ZPZ,Primary industries,Emissions intensity,Tonnes per $1million value added (constant prices),2855,Carbon dioxide equivalents,Seasonally adjusted
2020.12,ZPZ,Primary industries,Emissions intensity,Tonnes per $1million value added (constant prices),2879,Carbon dioxide equivalents,Seasonally adjusted
2021.03,ZPZ,Primary industries,Emissions intensity,Tonnes per $1million value added (constant prices),2878,Carbon dioxide equivalents,Seasonally adjusted
2021.06,ZPZ,Primary industries,Emissions intensity,Tonnes per $1million value added (constant prices),2851,Carbon dioxide equivalents,Seasonally adjusted
2021.09,ZPZ,Primary industries,Emissions intensity,Tonnes per $1million value added (constant prices),2981,Carbon dioxide equivalents,Seasonally adjusted
2021.12,ZPZ,Primary industries,Emissions intensity,Tonnes per $1million value added (constant prices),2940,Carbon dioxide equivalents,Seasonally adjusted
2022.03,ZPZ,Primary industries,Emissions intensity,Tonnes per $1million value added (constant prices),2925,Carbon dioxide equivalents,Seasonally adjusted
2022.06,ZPZ,Primary industries,Emissions intensity,Tonnes per $1million value added (constant prices),2920,Carbon dioxide equivalents,Seasonally adjusted
2022.09,ZPZ,Primary industries,Emissions intensity,Tonnes per $1million value added (constant prices),2878,Carbon dioxide equivalents,Seasonally adjusted
2022.12,ZPZ,Primary industries,Emissions intensity,Tonnes per $1million value added (constant prices),2842,Carbon dioxide equivalents,Seasonally adjusted
2023.03,ZPZ,Primary industries,Emissions intensity,Tonnes per $1million value added (constant prices),2773,Carbon dioxide equivalents,Seasonally adjusted
2023.06,ZPZ,Primary industries,Emissions intensity,Tonnes per $1million value added (constant prices),2753,Carbon dioxide equivalents,Seasonally adjusted
2023.09,ZPZ,Primary industries,Emissions intensity,Tonnes per $1million value added (constant prices),2702,Carbon dioxide equivalents,Seasonally adjusted
2023.12,ZPZ,Primary industries,Emissions intensity,Tonnes per $1million value added (constant prices),2698,Carbon dioxide equivalents,Seasonally adjusted
2024.03,ZPZ,Primary industries,Emissions intensity,Tonnes per $1million value added (constant prices),2684,Carbon dioxide equivalents,Seasonally adjusted
2024.06,ZPZ,Primary industries,Emissions intensity,Tonnes per $1million value added (constant prices),2631,Carbon dioxide equivalents,Seasonally adjusted
2024.09,ZPZ,Primary industries,Emissions intensity,Tonnes per $1million value added (constant prices),2611,Carbon dioxide equivalents,Seasonally adjusted
2024.12,ZPZ,Primary industries,Emissions intensity,Tonnes per $1million value added (constant prices),2617,Carbon dioxide equivalents,Seasonally adjusted
2025.03,ZPZ,Primary industries,Emissions intensity,Tonnes per $1million value added (constant prices),2617,Carbon dioxide equivalents,Seasonally adjusted
2025.06,ZPZ,Primary industries,Emissions intensity,Tonnes per $1million value added (constant prices),2608,Carbon dioxide equivalents,Seasonally adjusted
2025.09,ZPZ,Primary industries,Emissions intensity,Tonnes per $1million value added (constant prices),2599,Carbon dioxide equivalents,Seasonally adjusted
2025.12,ZPZ,Primary industries,Emissions intensity,Tonnes per $1million value added (constant prices),2577,Carbon dioxide equivalents,Seasonally adjusted
2010.03,ZSX,"Services excluding transport, postal, and warehousing",Emissions intensity,Tonnes per $1million value added (constant prices),24,Carbon dioxide equivalents,Seasonally adjusted
2010.06,ZSX,"Services excluding transport, postal, and warehousing",Emissions intensity,Tonnes per $1million value added (constant prices),24,Carbon dioxide equivalents,Seasonally adjusted
2010.09,ZSX,"Services excluding transport, postal, and warehousing",Emissions intensity,Tonnes per $1million value added (constant prices),24,Carbon dioxide equivalents,Seasonally adjusted
2010.12,ZSX,"Services excluding transport, postal, and warehousing",Emissions intensity,Tonnes per $1million value added (constant prices),24,Carbon dioxide equivalents,Seasonally adjusted
2011.03,ZSX,"Services excluding transport, postal, and warehousing",Emissions intensity,Tonnes per $1million value added (constant prices),23,Carbon dioxide equivalents,Seasonally adjusted
2011.06,ZSX,"Services excluding transport, postal, and warehousing",Emissions intensity,Tonnes per $1million value added (constant prices),22,Carbon dioxide equivalents,Seasonally adjusted
2011.09,ZSX,"Services excluding transport, postal, and warehousing",Emissions intensity,Tonnes per $1million value added (constant prices),22,Carbon dioxide equivalents,Seasonally adjusted
2011.12,ZSX,"Services excluding transport, postal, and warehousing",Emissions intensity,Tonnes per $1million value added (constant prices),22,Carbon dioxide equivalents,Seasonally adjusted
2012.03,ZSX,"Services excluding transport, postal, and warehousing",Emissions intensity,Tonnes per $1million value added (constant prices),22,Carbon dioxide equivalents,Seasonally adjusted
2012.06,ZSX,"Services excluding transport, postal, and warehousing",Emissions intensity,Tonnes per $1million value added (constant prices),22,Carbon dioxide equivalents,Seasonally adjusted
2012.09,ZSX,"Services excluding transport, postal, and warehousing",Emissions intensity,Tonnes per $1million value added (constant prices),22,Carbon dioxide equivalents,Seasonally adjusted
2012.12,ZSX,"Services excluding transport, postal, and warehousing",Emissions intensity,Tonnes per $1million value added (constant prices),22,Carbon dioxide equivalents,Seasonally adjusted
2013.03,ZSX,"Services excluding transport, postal, and warehousing",Emissions intensity,Tonnes per $1million value added (constant prices),21,Carbon dioxide equivalents,Seasonally adjusted
2013.06,ZSX,"Services excluding transport, postal, and warehousing",Emissions intensity,Tonnes per $1million value added (constant prices),21,Carbon dioxide equivalents,Seasonally adjusted
2013.09,ZSX,"Services excluding transport, postal, and warehousing",Emissions intensity,Tonnes per $1million value added (constant prices),21,Carbon dioxide equivalents,Seasonally adjusted
2013.12,ZSX,"Services excluding transport, postal, and warehousing",Emissions intensity,Tonnes per $1million value added (constant prices),21,Carbon dioxide equivalents,Seasonally adjusted
2014.03,ZSX,"Services excluding transport, postal, and warehousing",Emissions intensity,Tonnes per $1million value added (constant prices),21,Carbon dioxide equivalents,Seasonally adjusted
2014.06,ZSX,"Services excluding transport, postal, and warehousing",Emissions intensity,Tonnes per $1million value added (constant prices),21,Carbon dioxide equivalents,Seasonally adjusted
2014.09,ZSX,"Services excluding transport, postal, and warehousing",Emissions intensity,Tonnes per $1million value added (constant prices),21,Carbon dioxide equivalents,Seasonally adjusted
2014.12,ZSX,"Services excluding transport, postal, and warehousing",Emissions intensity,Tonnes per $1million value added (constant prices),21,Carbon dioxide equivalents,Seasonally adjusted
2015.03,ZSX,"Services excluding transport, postal, and warehousing",Emissions intensity,Tonnes per $1million value added (constant prices),20,Carbon dioxide equivalents,Seasonally adjusted
2015.06,ZSX,"Services excluding transport, postal, and warehousing",Emissions intensity,Tonnes per $1million value added (constant prices),19,Carbon dioxide equivalents,Seasonally adjusted
2015.09,ZSX,"Services excluding transport, postal, and warehousing",Emissions intensity,Tonnes per $1million value added (constant prices),20,Carbon dioxide equivalents,Seasonally adjusted
2015.12,ZSX,"Services excluding transport, postal, and warehousing",Emissions intensity,Tonnes per $1million value added (constant prices),19,Carbon dioxide equivalents,Seasonally adjusted
2016.03,ZSX,"Services excluding transport, postal, and warehousing",Emissions intensity,Tonnes per $1million value added (constant prices),19,Carbon dioxide equivalents,Seasonally adjusted
2016.06,ZSX,"Services excluding transport, postal, and warehousing",Emissions intensity,Tonnes per $1million value added (constant prices),19,Carbon dioxide equivalents,Seasonally adjusted
2016.09,ZSX,"Services excluding transport, postal, and warehousing",Emissions intensity,Tonnes per $1million value added (constant prices),19,Carbon dioxide equivalents,Seasonally adjusted
2016.12,ZSX,"Services excluding transport, postal, and warehousing",Emissions intensity,Tonnes per $1million value added (constant prices),18,Carbon dioxide equivalents,Seasonally adjusted
2017.03,ZSX,"Services excluding transport, postal, and warehousing",Emissions intensity,Tonnes per $1million value added (constant prices),19,Carbon dioxide equivalents,Seasonally adjusted
2017.06,ZSX,"Services excluding transport, postal, and warehousing",Emissions intensity,Tonnes per $1million value added (constant prices),18,Carbon dioxide equivalents,Seasonally adjusted
2017.09,ZSX,"Services excluding transport, postal, and warehousing",Emissions intensity,Tonnes per $1million value added (constant prices),18,Carbon dioxide equivalents,Seasonally adjusted
2017.12,ZSX,"Services excluding transport, postal, and warehousing",Emissions intensity,Tonnes per $1million value added (constant prices),18,Carbon dioxide equivalents,Seasonally adjusted
2018.03,ZSX,"Services excluding transport, postal, and warehousing",Emissions intensity,Tonnes per $1million value added (constant prices),17,Carbon dioxide equivalents,Seasonally adjusted
2018.06,ZSX,"Services excluding transport, postal, and warehousing",Emissions intensity,Tonnes per $1million value added (constant prices),17,Carbon dioxide equivalents,Seasonally adjusted
2018.09,ZSX,"Services excluding transport, postal, and warehousing",Emissions intensity,Tonnes per $1million value added (constant prices),17,Carbon dioxide equivalents,Seasonally adjusted
2018.12,ZSX,"Services excluding transport, postal, and warehousing",Emissions intensity,Tonnes per $1million value added (constant prices),17,Carbon dioxide equivalents,Seasonally adjusted
2019.03,ZSX,"Services excluding transport, postal, and warehousing",Emissions intensity,Tonnes per $1million value added (constant prices),18,Carbon dioxide equivalents,Seasonally adjusted
2019.06,ZSX,"Services excluding transport, postal, and warehousing",Emissions intensity,Tonnes per $1million value added (constant prices),18,Carbon dioxide equivalents,Seasonally adjusted
2019.09,ZSX,"Services excluding transport, postal, and warehousing",Emissions intensity,Tonnes per $1million value added (constant prices),19,Carbon dioxide equivalents,Seasonally adjusted
2019.12,ZSX,"Services excluding transport, postal, and warehousing",Emissions intensity,Tonnes per $1million value added (constant prices),18,Carbon dioxide equivalents,Seasonally adjusted
2020.03,ZSX,"Services excluding transport, postal, and warehousing",Emissions intensity,Tonnes per $1million value added (constant prices),17,Carbon dioxide equivalents,Seasonally adjusted
2020.06,ZSX,"Services excluding transport, postal, and warehousing",Emissions intensity,Tonnes per $1million value added (constant prices),16,Carbon dioxide equivalents,Seasonally adjusted
2020.09,ZSX,"Services excluding transport, postal, and warehousing",Emissions intensity,Tonnes per $1million value added (constant prices),16,Carbon dioxide equivalents,Seasonally adjusted
2020.12,ZSX,"Services excluding transport, postal, and warehousing",Emissions intensity,Tonnes per $1million value added (constant prices),16,Carbon dioxide equivalents,Seasonally adjusted
2021.03,ZSX,"Services excluding transport, postal, and warehousing",Emissions intensity,Tonnes per $1million value added (constant prices),16,Carbon dioxide equivalents,Seasonally adjusted
2021.06,ZSX,"Services excluding transport, postal, and warehousing",Emissions intensity,Tonnes per $1million value added (constant prices),15,Carbon dioxide equivalents,Seasonally adjusted
2021.09,ZSX,"Services excluding transport, postal, and warehousing",Emissions intensity,Tonnes per $1million value added (constant prices),15,Carbon dioxide equivalents,Seasonally adjusted
2021.12,ZSX,"Services excluding transport, postal, and warehousing",Emissions intensity,Tonnes per $1million value added (constant prices),15,Carbon dioxide equivalents,Seasonally adjusted
2022.03,ZSX,"Services excluding transport, postal, and warehousing",Emissions intensity,Tonnes per $1million value added (constant prices),16,Carbon dioxide equivalents,Seasonally adjusted
2022.06,ZSX,"Services excluding transport, postal, and warehousing",Emissions intensity,Tonnes per $1million value added (constant prices),15,Carbon dioxide equivalents,Seasonally adjusted
2022.09,ZSX,"Services excluding transport, postal, and warehousing",Emissions intensity,Tonnes per $1million value added (constant prices),14,Carbon dioxide equivalents,Seasonally adjusted
2022.12,ZSX,"Services excluding transport, postal, and warehousing",Emissions intensity,Tonnes per $1million value added (constant prices),14,Carbon dioxide equivalents,Seasonally adjusted
2023.03,ZSX,"Services excluding transport, postal, and warehousing",Emissions intensity,Tonnes per $1million value added (constant prices),14,Carbon dioxide equivalents,Seasonally adjusted
2023.06,ZSX,"Services excluding transport, postal, and warehousing",Emissions intensity,Tonnes per $1million value added (constant prices),14,Carbon dioxide equivalents,Seasonally adjusted
2023.09,ZSX,"Services excluding transport, postal, and warehousing",Emissions intensity,Tonnes per $1million value added (constant prices),14,Carbon dioxide equivalents,Seasonally adjusted
2023.12,ZSX,"Services excluding transport, postal, and warehousing",Emissions intensity,Tonnes per $1million value added (constant prices),13,Carbon dioxide equivalents,Seasonally adjusted
2024.03,ZSX,"Services excluding transport, postal, and warehousing",Emissions intensity,Tonnes per $1million value added (constant prices),12,Carbon dioxide equivalents,Seasonally adjusted
2024.06,ZSX,"Services excluding transport, postal, and warehousing",Emissions intensity,Tonnes per $1million value added (constant prices),12,Carbon dioxide equivalents,Seasonally adjusted
2024.09,ZSX,"Services excluding transport, postal, and warehousing",Emissions intensity,Tonnes per $1million value added (constant prices),12,Carbon dioxide equivalents,Seasonally adjusted
2024.12,ZSX,"Services excluding transport, postal, and warehousing",Emissions intensity,Tonnes per $1million value added (constant prices),12,Carbon dioxide equivalents,Seasonally adjusted
2025.03,ZSX,"Services excluding transport, postal, and warehousing",Emissions intensity,Tonnes per $1million value added (constant prices),12,Carbon dioxide equivalents,Seasonally adjusted
2025.06,ZSX,"Services excluding transport, postal, and warehousing",Emissions intensity,Tonnes per $1million value added (constant prices),12,Carbon dioxide equivalents,Seasonally adjusted
2025.09,ZSX,"Services excluding transport, postal, and warehousing",Emissions intensity,Tonnes per $1million value added (constant prices),12,Carbon dioxide equivalents,Seasonally adjusted
2025.12,ZSX,"Services excluding transport, postal, and warehousing",Emissions intensity,Tonnes per $1million value added (constant prices),12,Carbon dioxide equivalents,Seasonally adjusted
2010.03,ZSZ,Service industries,Emissions intensity,Tonnes per $1million value added (constant prices),68,Carbon dioxide equivalents,Seasonally adjusted
2010.06,ZSZ,Service industries,Emissions intensity,Tonnes per $1million value added (constant prices),69,Carbon dioxide equivalents,Seasonally adjusted
2010.09,ZSZ,Service industries,Emissions intensity,Tonnes per $1million value added (constant prices),70,Carbon dioxide equivalents,Seasonally adjusted
2010.12,ZSZ,Service industries,Emissions intensity,Tonnes per $1million value added (constant prices),69,Carbon dioxide equivalents,Seasonally adjusted
2011.03,ZSZ,Service industries,Emissions intensity,Tonnes per $1million value added (constant prices),68,Carbon dioxide equivalents,Seasonally adjusted
2011.06,ZSZ,Service industries,Emissions intensity,Tonnes per $1million value added (constant prices),65,Carbon dioxide equivalents,Seasonally adjusted
2011.09,ZSZ,Service industries,Emissions intensity,Tonnes per $1million value added (constant prices),65,Carbon dioxide equivalents,Seasonally adjusted
2011.12,ZSZ,Service industries,Emissions intensity,Tonnes per $1million value added (constant prices),66,Carbon dioxide equivalents,Seasonally adjusted
2012.03,ZSZ,Service industries,Emissions intensity,Tonnes per $1million value added (constant prices),65,Carbon dioxide equivalents,Seasonally adjusted
2012.06,ZSZ,Service industries,Emissions intensity,Tonnes per $1million value added (constant prices),65,Carbon dioxide equivalents,Seasonally adjusted
2012.09,ZSZ,Service industries,Emissions intensity,Tonnes per $1million value added (constant prices),63,Carbon dioxide equivalents,Seasonally adjusted
2012.12,ZSZ,Service industries,Emissions intensity,Tonnes per $1million value added (constant prices),63,Carbon dioxide equivalents,Seasonally adjusted
2013.03,ZSZ,Service industries,Emissions intensity,Tonnes per $1million value added (constant prices),63,Carbon dioxide equivalents,Seasonally adjusted
2013.06,ZSZ,Service industries,Emissions intensity,Tonnes per $1million value added (constant prices),64,Carbon dioxide equivalents,Seasonally adjusted
2013.09,ZSZ,Service industries,Emissions intensity,Tonnes per $1million value added (constant prices),62,Carbon dioxide equivalents,Seasonally adjusted
2013.12,ZSZ,Service industries,Emissions intensity,Tonnes per $1million value added (constant prices),62,Carbon dioxide equivalents,Seasonally adjusted
2014.03,ZSZ,Service industries,Emissions intensity,Tonnes per $1million value added (constant prices),62,Carbon dioxide equivalents,Seasonally adjusted
2014.06,ZSZ,Service industries,Emissions intensity,Tonnes per $1million value added (constant prices),61,Carbon dioxide equivalents,Seasonally adjusted
2014.09,ZSZ,Service industries,Emissions intensity,Tonnes per $1million value added (constant prices),62,Carbon dioxide equivalents,Seasonally adjusted
2014.12,ZSZ,Service industries,Emissions intensity,Tonnes per $1million value added (constant prices),60,Carbon dioxide equivalents,Seasonally adjusted
2015.03,ZSZ,Service industries,Emissions intensity,Tonnes per $1million value added (constant prices),61,Carbon dioxide equivalents,Seasonally adjusted
2015.06,ZSZ,Service industries,Emissions intensity,Tonnes per $1million value added (constant prices),61,Carbon dioxide equivalents,Seasonally adjusted
2015.09,ZSZ,Service industries,Emissions intensity,Tonnes per $1million value added (constant prices),60,Carbon dioxide equivalents,Seasonally adjusted
2015.12,ZSZ,Service industries,Emissions intensity,Tonnes per $1million value added (constant prices),60,Carbon dioxide equivalents,Seasonally adjusted
2016.03,ZSZ,Service industries,Emissions intensity,Tonnes per $1million value added (constant prices),58,Carbon dioxide equivalents,Seasonally adjusted
2016.06,ZSZ,Service industries,Emissions intensity,Tonnes per $1million value added (constant prices),58,Carbon dioxide equivalents,Seasonally adjusted
2016.09,ZSZ,Service industries,Emissions intensity,Tonnes per $1million value added (constant prices),59,Carbon dioxide equivalents,Seasonally adjusted
2016.12,ZSZ,Service industries,Emissions intensity,Tonnes per $1million value added (constant prices),59,Carbon dioxide equivalents,Seasonally adjusted
2017.03,ZSZ,Service industries,Emissions intensity,Tonnes per $1million value added (constant prices),59,Carbon dioxide equivalents,Seasonally adjusted
2017.06,ZSZ,Service industries,Emissions intensity,Tonnes per $1million value added (constant prices),59,Carbon dioxide equivalents,Seasonally adjusted
2017.09,ZSZ,Service industries,Emissions intensity,Tonnes per $1million value added (constant prices),59,Carbon dioxide equivalents,Seasonally adjusted
2017.12,ZSZ,Service industries,Emissions intensity,Tonnes per $1million value added (constant prices),58,Carbon dioxide equivalents,Seasonally adjusted
2018.03,ZSZ,Service industries,Emissions intensity,Tonnes per $1million value added (constant prices),58,Carbon dioxide equivalents,Seasonally adjusted
2018.06,ZSZ,Service industries,Emissions intensity,Tonnes per $1million value added (constant prices),58,Carbon dioxide equivalents,Seasonally adjusted
2018.09,ZSZ,Service industries,Emissions intensity,Tonnes per $1million value added (constant prices),56,Carbon dioxide equivalents,Seasonally adjusted
2018.12,ZSZ,Service industries,Emissions intensity,Tonnes per $1million value added (constant prices),59,Carbon dioxide equivalents,Seasonally adjusted
2019.03,ZSZ,Service industries,Emissions intensity,Tonnes per $1million value added (constant prices),58,Carbon dioxide equivalents,Seasonally adjusted
2019.06,ZSZ,Service industries,Emissions intensity,Tonnes per $1million value added (constant prices),57,Carbon dioxide equivalents,Seasonally adjusted
2019.09,ZSZ,Service industries,Emissions intensity,Tonnes per $1million value added (constant prices),57,Carbon dioxide equivalents,Seasonally adjusted
2019.12,ZSZ,Service industries,Emissions intensity,Tonnes per $1million value added (constant prices),58,Carbon dioxide equivalents,Seasonally adjusted
2020.03,ZSZ,Service industries,Emissions intensity,Tonnes per $1million value added (constant prices),55,Carbon dioxide equivalents,Seasonally adjusted
2020.06,ZSZ,Service industries,Emissions intensity,Tonnes per $1million value added (constant prices),37,Carbon dioxide equivalents,Seasonally adjusted
2020.09,ZSZ,Service industries,Emissions intensity,Tonnes per $1million value added (constant prices),39,Carbon dioxide equivalents,Seasonally adjusted
2020.12,ZSZ,Service industries,Emissions intensity,Tonnes per $1million value added (constant prices),41,Carbon dioxide equivalents,Seasonally adjusted
2021.03,ZSZ,Service industries,Emissions intensity,Tonnes per $1million value added (constant prices),39,Carbon dioxide equivalents,Seasonally adjusted
2021.06,ZSZ,Service industries,Emissions intensity,Tonnes per $1million value added (constant prices),41,Carbon dioxide equivalents,Seasonally adjusted
2021.09,ZSZ,Service industries,Emissions intensity,Tonnes per $1million value added (constant prices),37,Carbon dioxide equivalents,Seasonally adjusted
2021.12,ZSZ,Service industries,Emissions intensity,Tonnes per $1million value added (constant prices),38,Carbon dioxide equivalents,Seasonally adjusted
2022.03,ZSZ,Service industries,Emissions intensity,Tonnes per $1million value added (constant prices),39,Carbon dioxide equivalents,Seasonally adjusted
2022.06,ZSZ,Service industries,Emissions intensity,Tonnes per $1million value added (constant prices),41,Carbon dioxide equivalents,Seasonally adjusted
2022.09,ZSZ,Service industries,Emissions intensity,Tonnes per $1million value added (constant prices),42,Carbon dioxide equivalents,Seasonally adjusted
2022.12,ZSZ,Service industries,Emissions intensity,Tonnes per $1million value added (constant prices),43,Carbon dioxide equivalents,Seasonally adjusted
2023.03,ZSZ,Service industries,Emissions intensity,Tonnes per $1million value added (constant prices),45,Carbon dioxide equivalents,Seasonally adjusted
2023.06,ZSZ,Service industries,Emissions intensity,Tonnes per $1million value added (constant prices),46,Carbon dioxide equivalents,Seasonally adjusted
2023.09,ZSZ,Service industries,Emissions intensity,Tonnes per $1million value added (constant prices),48,Carbon dioxide equivalents,Seasonally adjusted
2023.12,ZSZ,Service industries,Emissions intensity,Tonnes per $1million value added (constant prices),47,Carbon dioxide equivalents,Seasonally adjusted
2024.03,ZSZ,Service industries,Emissions intensity,Tonnes per $1million value added (constant prices),47,Carbon dioxide equivalents,Seasonally adjusted
2024.06,ZSZ,Service industries,Emissions intensity,Tonnes per $1million value added (constant prices),47,Carbon dioxide equivalents,Seasonally adjusted
2024.09,ZSZ,Service industries,Emissions intensity,Tonnes per $1million value added (constant prices),46,Carbon dioxide equivalents,Seasonally adjusted
2024.12,ZSZ,Service industries,Emissions intensity,Tonnes per $1million value added (constant prices),47,Carbon dioxide equivalents,Seasonally adjusted
2025.03,ZSZ,Service industries,Emissions intensity,Tonnes per $1million value added (constant prices),46,Carbon dioxide equivalents,Seasonally adjusted
2025.06,ZSZ,Service industries,Emissions intensity,Tonnes per $1million value added (constant prices),47,Carbon dioxide equivalents,Seasonally adjusted
2025.09,ZSZ,Service industries,Emissions intensity,Tonnes per $1million value added (constant prices),46,Carbon dioxide equivalents,Seasonally adjusted
2025.12,ZSZ,Service industries,Emissions intensity,Tonnes per $1million value added (constant prices),47,Carbon dioxide equivalents,Seasonally adjusted
2010.03,ZZ9,Total industry,Emissions intensity,Tonnes per $1million value added (constant prices),388,Carbon dioxide equivalents,Seasonally adjusted
2010.06,ZZ9,Total industry,Emissions intensity,Tonnes per $1million value added (constant prices),382,Carbon dioxide equivalents,Seasonally adjusted
2010.09,ZZ9,Total industry,Emissions intensity,Tonnes per $1million value added (constant prices),380,Carbon dioxide equivalents,Seasonally adjusted
2010.12,ZZ9,Total industry,Emissions intensity,Tonnes per $1million value added (constant prices),383,Carbon dioxide equivalents,Seasonally adjusted
2011.03,ZZ9,Total industry,Emissions intensity,Tonnes per $1million value added (constant prices),374,Carbon dioxide equivalents,Seasonally adjusted
2011.06,ZZ9,Total industry,Emissions intensity,Tonnes per $1million value added (constant prices),365,Carbon dioxide equivalents,Seasonally adjusted
2011.09,ZZ9,Total industry,Emissions intensity,Tonnes per $1million value added (constant prices),381,Carbon dioxide equivalents,Seasonally adjusted
2011.12,ZZ9,Total industry,Emissions intensity,Tonnes per $1million value added (constant prices),380,Carbon dioxide equivalents,Seasonally adjusted
2012.03,ZZ9,Total industry,Emissions intensity,Tonnes per $1million value added (constant prices),382,Carbon dioxide equivalents,Seasonally adjusted
2012.06,ZZ9,Total industry,Emissions intensity,Tonnes per $1million value added (constant prices),394,Carbon dioxide equivalents,Seasonally adjusted
2012.09,ZZ9,Total industry,Emissions intensity,Tonnes per $1million value added (constant prices),376,Carbon dioxide equivalents,Seasonally adjusted
2012.12,ZZ9,Total industry,Emissions intensity,Tonnes per $1million value added (constant prices),365,Carbon dioxide equivalents,Seasonally adjusted
2013.03,ZZ9,Total industry,Emissions intensity,Tonnes per $1million value added (constant prices),366,Carbon dioxide equivalents,Seasonally adjusted
2013.06,ZZ9,Total industry,Emissions intensity,Tonnes per $1million value added (constant prices),373,Carbon dioxide equivalents,Seasonally adjusted
2013.09,ZZ9,Total industry,Emissions intensity,Tonnes per $1million value added (constant prices),366,Carbon dioxide equivalents,Seasonally adjusted
2013.12,ZZ9,Total industry,Emissions intensity,Tonnes per $1million value added (constant prices),362,Carbon dioxide equivalents,Seasonally adjusted
2014.03,ZZ9,Total industry,Emissions intensity,Tonnes per $1million value added (constant prices),357,Carbon dioxide equivalents,Seasonally adjusted
2014.06,ZZ9,Total industry,Emissions intensity,Tonnes per $1million value added (constant prices),353,Carbon dioxide equivalents,Seasonally adjusted
2014.09,ZZ9,Total industry,Emissions intensity,Tonnes per $1million value added (constant prices),356,Carbon dioxide equivalents,Seasonally adjusted
2014.12,ZZ9,Total industry,Emissions intensity,Tonnes per $1million value added (constant prices),356,Carbon dioxide equivalents,Seasonally adjusted
2015.03,ZZ9,Total industry,Emissions intensity,Tonnes per $1million value added (constant prices),352,Carbon dioxide equivalents,Seasonally adjusted
2015.06,ZZ9,Total industry,Emissions intensity,Tonnes per $1million value added (constant prices),341,Carbon dioxide equivalents,Seasonally adjusted
2015.09,ZZ9,Total industry,Emissions intensity,Tonnes per $1million value added (constant prices),336,Carbon dioxide equivalents,Seasonally adjusted
2015.12,ZZ9,Total industry,Emissions intensity,Tonnes per $1million value added (constant prices),336,Carbon dioxide equivalents,Seasonally adjusted
2016.03,ZZ9,Total industry,Emissions intensity,Tonnes per $1million value added (constant prices),329,Carbon dioxide equivalents,Seasonally adjusted
2016.06,ZZ9,Total industry,Emissions intensity,Tonnes per $1million value added (constant prices),319,Carbon dioxide equivalents,Seasonally adjusted
2016.09,ZZ9,Total industry,Emissions intensity,Tonnes per $1million value added (constant prices),318,Carbon dioxide equivalents,Seasonally adjusted
2016.12,ZZ9,Total industry,Emissions intensity,Tonnes per $1million value added (constant prices),310,Carbon dioxide equivalents,Seasonally adjusted
2017.03,ZZ9,Total industry,Emissions intensity,Tonnes per $1million value added (constant prices),313,Carbon dioxide equivalents,Seasonally adjusted
2017.06,ZZ9,Total industry,Emissions intensity,Tonnes per $1million value added (constant prices),316,Carbon dioxide equivalents,Seasonally adjusted
2017.09,ZZ9,Total industry,Emissions intensity,Tonnes per $1million value added (constant prices),316,Carbon dioxide equivalents,Seasonally adjusted
2017.12,ZZ9,Total industry,Emissions intensity,Tonnes per $1million value added (constant prices),313,Carbon dioxide equivalents,Seasonally adjusted
2018.03,ZZ9,Total industry,Emissions intensity,Tonnes per $1million value added (constant prices),305,Carbon dioxide equivalents,Seasonally adjusted
2018.06,ZZ9,Total industry,Emissions intensity,Tonnes per $1million value added (constant prices),304,Carbon dioxide equivalents,Seasonally adjusted
2018.09,ZZ9,Total industry,Emissions intensity,Tonnes per $1million value added (constant prices),308,Carbon dioxide equivalents,Seasonally adjusted
2018.12,ZZ9,Total industry,Emissions intensity,Tonnes per $1million value added (constant prices),309,Carbon dioxide equivalents,Seasonally adjusted
2019.03,ZZ9,Total industry,Emissions intensity,Tonnes per $1million value added (constant prices),306,Carbon dioxide equivalents,Seasonally adjusted
2019.06,ZZ9,Total industry,Emissions intensity,Tonnes per $1million value added (constant prices),301,Carbon dioxide equivalents,Seasonally adjusted
2019.09,ZZ9,Total industry,Emissions intensity,Tonnes per $1million value added (constant prices),303,Carbon dioxide equivalents,Seasonally adjusted
2019.12,ZZ9,Total industry,Emissions intensity,Tonnes per $1million value added (constant prices),299,Carbon dioxide equivalents,Seasonally adjusted
2020.03,ZZ9,Total industry,Emissions intensity,Tonnes per $1million value added (constant prices),294,Carbon dioxide equivalents,Seasonally adjusted
2020.06,ZZ9,Total industry,Emissions intensity,Tonnes per $1million value added (constant prices),301,Carbon dioxide equivalents,Seasonally adjusted
2020.09,ZZ9,Total industry,Emissions intensity,Tonnes per $1million value added (constant prices),286,Carbon dioxide equivalents,Seasonally adjusted
2020.12,ZZ9,Total industry,Emissions intensity,Tonnes per $1million value added (constant prices),284,Carbon dioxide equivalents,Seasonally adjusted
2021.03,ZZ9,Total industry,Emissions intensity,Tonnes per $1million value added (constant prices),280,Carbon dioxide equivalents,Seasonally adjusted
2021.06,ZZ9,Total industry,Emissions intensity,Tonnes per $1million value added (constant prices),283,Carbon dioxide equivalents,Seasonally adjusted
2021.09,ZZ9,Total industry,Emissions intensity,Tonnes per $1million value added (constant prices),276,Carbon dioxide equivalents,Seasonally adjusted
2021.12,ZZ9,Total industry,Emissions intensity,Tonnes per $1million value added (constant prices),266,Carbon dioxide equivalents,Seasonally adjusted
2022.03,ZZ9,Total industry,Emissions intensity,Tonnes per $1million value added (constant prices),270,Carbon dioxide equivalents,Seasonally adjusted
2022.06,ZZ9,Total industry,Emissions intensity,Tonnes per $1million value added (constant prices),264,Carbon dioxide equivalents,Seasonally adjusted
2022.09,ZZ9,Total industry,Emissions intensity,Tonnes per $1million value added (constant prices),250,Carbon dioxide equivalents,Seasonally adjusted
2022.12,ZZ9,Total industry,Emissions intensity,Tonnes per $1million value added (constant prices),250,Carbon dioxide equivalents,Seasonally adjusted
2023.03,ZZ9,Total industry,Emissions intensity,Tonnes per $1million value added (constant prices),250,Carbon dioxide equivalents,Seasonally adjusted
2023.06,ZZ9,Total industry,Emissions intensity,Tonnes per $1million value added (constant prices),245,Carbon dioxide equivalents,Seasonally adjusted
2023.09,ZZ9,Total industry,Emissions intensity,Tonnes per $1million value added (constant prices),254,Carbon dioxide equivalents,Seasonally adjusted
2023.12,ZZ9,Total industry,Emissions intensity,Tonnes per $1million value added (constant prices),253,Carbon dioxide equivalents,Seasonally adjusted
2024.03,ZZ9,Total industry,Emissions intensity,Tonnes per $1million value added (constant prices),247,Carbon dioxide equivalents,Seasonally adjusted
2024.06,ZZ9,Total industry,Emissions intensity,Tonnes per $1million value added (constant prices),252,Carbon dioxide equivalents,Seasonally adjusted
2024.09,ZZ9,Total industry,Emissions intensity,Tonnes per $1million value added (constant prices),252,Carbon dioxide equivalents,Seasonally adjusted
2024.12,ZZ9,Total industry,Emissions intensity,Tonnes per $1million value added (constant prices),246,Carbon dioxide equivalents,Seasonally adjusted
2025.03,ZZ9,Total industry,Emissions intensity,Tonnes per $1million value added (constant prices),247,Carbon dioxide equivalents,Seasonally adjusted
2025.06,ZZ9,Total industry,Emissions intensity,Tonnes per $1million value added (constant prices),245,Carbon dioxide equivalents,Seasonally adjusted
2025.09,ZZ9,Total industry,Emissions intensity,Tonnes per $1million value added (constant prices),240,Carbon dioxide equivalents,Seasonally adjusted
2025.12,ZZ9,Total industry,Emissions intensity,Tonnes per $1million value added (constant prices),240,Carbon dioxide equivalents,Seasonally adjusted
2010.03,A23,"Forestry, fishing, and support services to agriculture, forestry, and fishing",Emissions,Tonnes,206854,Carbon dioxide equivalents,Seasonally adjusted
2010.06,A23,"Forestry, fishing, and support services to agriculture, forestry, and fishing",Emissions,Tonnes,214177.8,Carbon dioxide equivalents,Seasonally adjusted
2010.09,A23,"Forestry, fishing, and support services to agriculture, forestry, and fishing",Emissions,Tonnes,213835.8,Carbon dioxide equivalents,Seasonally adjusted
2010.12,A23,"Forestry, fishing, and support services to agriculture, forestry, and fishing",Emissions,Tonnes,218491.6,Carbon dioxide equivalents,Seasonally adjusted
2011.03,A23,"Forestry, fishing, and support services to agriculture, forestry, and fishing",Emissions,Tonnes,225850.4,Carbon dioxide equivalents,Seasonally adjusted
2011.06,A23,"Forestry, fishing, and support services to agriculture, forestry, and fishing",Emissions,Tonnes,213893.9,Carbon dioxide equivalents,Seasonally adjusted
2011.09,A23,"Forestry, fishing, and support services to agriculture, forestry, and fishing",Emissions,Tonnes,218328.6,Carbon dioxide equivalents,Seasonally adjusted
2011.12,A23,"Forestry, fishing, and support services to agriculture, forestry, and fishing",Emissions,Tonnes,206286.8,Carbon dioxide equivalents,Seasonally adjusted
2012.03,A23,"Forestry, fishing, and support services to agriculture, forestry, and fishing",Emissions,Tonnes,203388.3,Carbon dioxide equivalents,Seasonally adjusted
2012.06,A23,"Forestry, fishing, and support services to agriculture, forestry, and fishing",Emissions,Tonnes,212214.7,Carbon dioxide equivalents,Seasonally adjusted
2012.09,A23,"Forestry, fishing, and support services to agriculture, forestry, and fishing",Emissions,Tonnes,207987.6,Carbon dioxide equivalents,Seasonally adjusted
2012.12,A23,"Forestry, fishing, and support services to agriculture, forestry, and fishing",Emissions,Tonnes,210801.6,Carbon dioxide equivalents,Seasonally adjusted
2013.03,A23,"Forestry, fishing, and support services to agriculture, forestry, and fishing",Emissions,Tonnes,226278.8,Carbon dioxide equivalents,Seasonally adjusted
2013.06,A23,"Forestry, fishing, and support services to agriculture, forestry, and fishing",Emissions,Tonnes,229685,Carbon dioxide equivalents,Seasonally adjusted
2013.09,A23,"Forestry, fishing, and support services to agriculture, forestry, and fishing",Emissions,Tonnes,223226.1,Carbon dioxide equivalents,Seasonally adjusted
2013.12,A23,"Forestry, fishing, and support services to agriculture, forestry, and fishing",Emissions,Tonnes,226880.4,Carbon dioxide equivalents,Seasonally adjusted
2014.03,A23,"Forestry, fishing, and support services to agriculture, forestry, and fishing",Emissions,Tonnes,213730.2,Carbon dioxide equivalents,Seasonally adjusted
2014.06,A23,"Forestry, fishing, and support services to agriculture, forestry, and fishing",Emissions,Tonnes,221151.4,Carbon dioxide equivalents,Seasonally adjusted
2014.09,A23,"Forestry, fishing, and support services to agriculture, forestry, and fishing",Emissions,Tonnes,203281.4,Carbon dioxide equivalents,Seasonally adjusted
2014.12,A23,"Forestry, fishing, and support services to agriculture, forestry, and fishing",Emissions,Tonnes,219052.9,Carbon dioxide equivalents,Seasonally adjusted
2015.03,A23,"Forestry, fishing, and support services to agriculture, forestry, and fishing",Emissions,Tonnes,209674.8,Carbon dioxide equivalents,Seasonally adjusted
2015.06,A23,"Forestry, fishing, and support services to agriculture, forestry, and fishing",Emissions,Tonnes,198231.1,Carbon dioxide equivalents,Seasonally adjusted
2015.09,A23,"Forestry, fishing, and support services to agriculture, forestry, and fishing",Emissions,Tonnes,213689,Carbon dioxide equivalents,Seasonally adjusted
2015.12,A23,"Forestry, fishing, and support services to agriculture, forestry, and fishing",Emissions,Tonnes,200735.2,Carbon dioxide equivalents,Seasonally adjusted
2016.03,A23,"Forestry, fishing, and support services to agriculture, forestry, and fishing",Emissions,Tonnes,201418.6,Carbon dioxide equivalents,Seasonally adjusted
2016.06,A23,"Forestry, fishing, and support services to agriculture, forestry, and fishing",Emissions,Tonnes,182130.7,Carbon dioxide equivalents,Seasonally adjusted
2016.09,A23,"Forestry, fishing, and support services to agriculture, forestry, and fishing",Emissions,Tonnes,184690.4,Carbon dioxide equivalents,Seasonally adjusted
2016.12,A23,"Forestry, fishing, and support services to agriculture, forestry, and fishing",Emissions,Tonnes,172369.1,Carbon dioxide equivalents,Seasonally adjusted
2017.03,A23,"Forestry, fishing, and support services to agriculture, forestry, and fishing",Emissions,Tonnes,160013.4,Carbon dioxide equivalents,Seasonally adjusted
2017.06,A23,"Forestry, fishing, and support services to agriculture, forestry, and fishing",Emissions,Tonnes,169378.5,Carbon dioxide equivalents,Seasonally adjusted
2017.09,A23,"Forestry, fishing, and support services to agriculture, forestry, and fishing",Emissions,Tonnes,172758.6,Carbon dioxide equivalents,Seasonally adjusted
2017.12,A23,"Forestry, fishing, and support services to agriculture, forestry, and fishing",Emissions,Tonnes,181624.6,Carbon dioxide equivalents,Seasonally adjusted
2018.03,A23,"Forestry, fishing, and support services to agriculture, forestry, and fishing",Emissions,Tonnes,188334.7,Carbon dioxide equivalents,Seasonally adjusted
2018.06,A23,"Forestry, fishing, and support services to agriculture, forestry, and fishing",Emissions,Tonnes,191061.9,Carbon dioxide equivalents,Seasonally adjusted
2018.09,A23,"Forestry, fishing, and support services to agriculture, forestry, and fishing",Emissions,Tonnes,196274.3,Carbon dioxide equivalents,Seasonally adjusted
2018.12,A23,"Forestry, fishing, and support services to agriculture, forestry, and fishing",Emissions,Tonnes,181109.5,Carbon dioxide equivalents,Seasonally adjusted
2019.03,A23,"Forestry, fishing, and support services to agriculture, forestry, and fishing",Emissions,Tonnes,187493.6,Carbon dioxide equivalents,Seasonally adjusted
2019.06,A23,"Forestry, fishing, and support services to agriculture, forestry, and fishing",Emissions,Tonnes,187836.1,Carbon dioxide equivalents,Seasonally adjusted
2019.09,A23,"Forestry, fishing, and support services to agriculture, forestry, and fishing",Emissions,Tonnes,185795.6,Carbon dioxide equivalents,Seasonally adjusted
2019.12,A23,"Forestry, fishing, and support services to agriculture, forestry, and fishing",Emissions,Tonnes,186457.3,Carbon dioxide equivalents,Seasonally adjusted
2020.03,A23,"Forestry, fishing, and support services to agriculture, forestry, and fishing",Emissions,Tonnes,197805.3,Carbon dioxide equivalents,Seasonally adjusted
2020.06,A23,"Forestry, fishing, and support services to agriculture, forestry, and fishing",Emissions,Tonnes,179629.9,Carbon dioxide equivalents,Seasonally adjusted
2020.09,A23,"Forestry, fishing, and support services to agriculture, forestry, and fishing",Emissions,Tonnes,210259.2,Carbon dioxide equivalents,Seasonally adjusted
2020.12,A23,"Forestry, fishing, and support services to agriculture, forestry, and fishing",Emissions,Tonnes,207039.9,Carbon dioxide equivalents,Seasonally adjusted
2021.03,A23,"Forestry, fishing, and support services to agriculture, forestry, and fishing",Emissions,Tonnes,198699.2,Carbon dioxide equivalents,Seasonally adjusted
2021.06,A23,"Forestry, fishing, and support services to agriculture, forestry, and fishing",Emissions,Tonnes,201016.7,Carbon dioxide equivalents,Seasonally adjusted
2021.09,A23,"Forestry, fishing, and support services to agriculture, forestry, and fishing",Emissions,Tonnes,186710.9,Carbon dioxide equivalents,Seasonally adjusted
2021.12,A23,"Forestry, fishing, and support services to agriculture, forestry, and fishing",Emissions,Tonnes,191001.4,Carbon dioxide equivalents,Seasonally adjusted
2022.03,A23,"Forestry, fishing, and support services to agriculture, forestry, and fishing",Emissions,Tonnes,188312.4,Carbon dioxide equivalents,Seasonally adjusted
2022.06,A23,"Forestry, fishing, and support services to agriculture, forestry, and fishing",Emissions,Tonnes,188546.7,Carbon dioxide equivalents,Seasonally adjusted
2022.09,A23,"Forestry, fishing, and support services to agriculture, forestry, and fishing",Emissions,Tonnes,183996.2,Carbon dioxide equivalents,Seasonally adjusted
2022.12,A23,"Forestry, fishing, and support services to agriculture, forestry, and fishing",Emissions,Tonnes,178773.9,Carbon dioxide equivalents,Seasonally adjusted
2023.03,A23,"Forestry, fishing, and support services to agriculture, forestry, and fishing",Emissions,Tonnes,175991.2,Carbon dioxide equivalents,Seasonally adjusted
2023.06,A23,"Forestry, fishing, and support services to agriculture, forestry, and fishing",Emissions,Tonnes,179988.8,Carbon dioxide equivalents,Seasonally adjusted
2023.09,A23,"Forestry, fishing, and support services to agriculture, forestry, and fishing",Emissions,Tonnes,175146.1,Carbon dioxide equivalents,Seasonally adjusted
2023.12,A23,"Forestry, fishing, and support services to agriculture, forestry, and fishing",Emissions,Tonnes,181996.8,Carbon dioxide equivalents,Seasonally adjusted
2024.03,A23,"Forestry, fishing, and support services to agriculture, forestry, and fishing",Emissions,Tonnes,183764.8,Carbon dioxide equivalents,Seasonally adjusted
2024.06,A23,"Forestry, fishing, and support services to agriculture, forestry, and fishing",Emissions,Tonnes,180373,Carbon dioxide equivalents,Seasonally adjusted
2024.09,A23,"Forestry, fishing, and support services to agriculture, forestry, and fishing",Emissions,Tonnes,185255.9,Carbon dioxide equivalents,Seasonally adjusted
2024.12,A23,"Forestry, fishing, and support services to agriculture, forestry, and fishing",Emissions,Tonnes,189824.1,Carbon dioxide equivalents,Seasonally adjusted
2025.03,A23,"Forestry, fishing, and support services to agriculture, forestry, and fishing",Emissions,Tonnes,192064.6,Carbon dioxide equivalents,Seasonally adjusted
2025.06,A23,"Forestry, fishing, and support services to agriculture, forestry, and fishing",Emissions,Tonnes,185901.7,Carbon dioxide equivalents,Seasonally adjusted
2025.09,A23,"Forestry, fishing, and support services to agriculture, forestry, and fishing",Emissions,Tonnes,190137.3,Carbon dioxide equivalents,Seasonally adjusted
2025.12,A23,"Forestry, fishing, and support services to agriculture, forestry, and fishing",Emissions,Tonnes,193813.2,Carbon dioxide equivalents,Seasonally adjusted
2010.03,AA1,Agriculture,Emissions,Tonnes,10884546.7,Carbon dioxide equivalents,Seasonally adjusted
2010.06,AA1,Agriculture,Emissions,Tonnes,10768640.9,Carbon dioxide equivalents,Seasonally adjusted
2010.09,AA1,Agriculture,Emissions,Tonnes,10646055.9,Carbon dioxide equivalents,Seasonally adjusted
2010.12,AA1,Agriculture,Emissions,Tonnes,10607956.2,Carbon dioxide equivalents,Seasonally adjusted
2011.03,AA1,Agriculture,Emissions,Tonnes,10632141.4,Carbon dioxide equivalents,Seasonally adjusted
2011.06,AA1,Agriculture,Emissions,Tonnes,10779016.2,Carbon dioxide equivalents,Seasonally adjusted
2011.09,AA1,Agriculture,Emissions,Tonnes,11027482.3,Carbon dioxide equivalents,Seasonally adjusted
2011.12,AA1,Agriculture,Emissions,Tonnes,11140104.5,Carbon dioxide equivalents,Seasonally adjusted
2012.03,AA1,Agriculture,Emissions,Tonnes,11325566.9,Carbon dioxide equivalents,Seasonally adjusted
2012.06,AA1,Agriculture,Emissions,Tonnes,11453017.2,Carbon dioxide equivalents,Seasonally adjusted
2012.09,AA1,Agriculture,Emissions,Tonnes,11120017.7,Carbon dioxide equivalents,Seasonally adjusted
2012.12,AA1,Agriculture,Emissions,Tonnes,11080029.7,Carbon dioxide equivalents,Seasonally adjusted
2013.03,AA1,Agriculture,Emissions,Tonnes,11037445.5,Carbon dioxide equivalents,Seasonally adjusted
2013.06,AA1,Agriculture,Emissions,Tonnes,10973880.5,Carbon dioxide equivalents,Seasonally adjusted
2013.09,AA1,Agriculture,Emissions,Tonnes,11398121.7,Carbon dioxide equivalents,Seasonally adjusted
2013.12,AA1,Agriculture,Emissions,Tonnes,11464898.6,Carbon dioxide equivalents,Seasonally adjusted
2014.03,AA1,Agriculture,Emissions,Tonnes,11358254.4,Carbon dioxide equivalents,Seasonally adjusted
2014.06,AA1,Agriculture,Emissions,Tonnes,11185438.2,Carbon dioxide equivalents,Seasonally adjusted
2014.09,AA1,Agriculture,Emissions,Tonnes,11359074,Carbon dioxide equivalents,Seasonally adjusted
2014.12,AA1,Agriculture,Emissions,Tonnes,11363651.7,Carbon dioxide equivalents,Seasonally adjusted
2015.03,AA1,Agriculture,Emissions,Tonnes,11279463.7,Carbon dioxide equivalents,Seasonally adjusted
2015.06,AA1,Agriculture,Emissions,Tonnes,11348286.4,Carbon dioxide equivalents,Seasonally adjusted
2015.09,AA1,Agriculture,Emissions,Tonnes,11024959.9,Carbon dioxide equivalents,Seasonally adjusted
2015.12,AA1,Agriculture,Emissions,Tonnes,11146140.3,Carbon dioxide equivalents,Seasonally adjusted
2016.03,AA1,Agriculture,Emissions,Tonnes,11182336.4,Carbon dioxide equivalents,Seasonally adjusted
2016.06,AA1,Agriculture,Emissions,Tonnes,10990271.4,Carbon dioxide equivalents,Seasonally adjusted
2016.09,AA1,Agriculture,Emissions,Tonnes,11072310.6,Carbon dioxide equivalents,Seasonally adjusted
2016.12,AA1,Agriculture,Emissions,Tonnes,11032078.3,Carbon dioxide equivalents,Seasonally adjusted
2017.03,AA1,Agriculture,Emissions,Tonnes,11159823.2,Carbon dioxide equivalents,Seasonally adjusted
2017.06,AA1,Agriculture,Emissions,Tonnes,11202139.9,Carbon dioxide equivalents,Seasonally adjusted
2017.09,AA1,Agriculture,Emissions,Tonnes,11114406.6,Carbon dioxide equivalents,Seasonally adjusted
2017.12,AA1,Agriculture,Emissions,Tonnes,11037182.6,Carbon dioxide equivalents,Seasonally adjusted
2018.03,AA1,Agriculture,Emissions,Tonnes,11023665.2,Carbon dioxide equivalents,Seasonally adjusted
2018.06,AA1,Agriculture,Emissions,Tonnes,11159939.1,Carbon dioxide equivalents,Seasonally adjusted
2018.09,AA1,Agriculture,Emissions,Tonnes,11287596,Carbon dioxide equivalents,Seasonally adjusted
2018.12,AA1,Agriculture,Emissions,Tonnes,11256837.2,Carbon dioxide equivalents,Seasonally adjusted
2019.03,AA1,Agriculture,Emissions,Tonnes,11262787.3,Carbon dioxide equivalents,Seasonally adjusted
2019.06,AA1,Agriculture,Emissions,Tonnes,11304677.6,Carbon dioxide equivalents,Seasonally adjusted
2019.09,AA1,Agriculture,Emissions,Tonnes,11276990.1,Carbon dioxide equivalents,Seasonally adjusted
2019.12,AA1,Agriculture,Emissions,Tonnes,11283109.7,Carbon dioxide equivalents,Seasonally adjusted
2020.03,AA1,Agriculture,Emissions,Tonnes,11235049.7,Carbon dioxide equivalents,Seasonally adjusted
2020.06,AA1,Agriculture,Emissions,Tonnes,11038056.8,Carbon dioxide equivalents,Seasonally adjusted
2020.09,AA1,Agriculture,Emissions,Tonnes,11330300.7,Carbon dioxide equivalents,Seasonally adjusted
2020.12,AA1,Agriculture,Emissions,Tonnes,11301357.5,Carbon dioxide equivalents,Seasonally adjusted
2021.03,AA1,Agriculture,Emissions,Tonnes,11318747.4,Carbon dioxide equivalents,Seasonally adjusted
2021.06,AA1,Agriculture,Emissions,Tonnes,11286127.7,Carbon dioxide equivalents,Seasonally adjusted
2021.09,AA1,Agriculture,Emissions,Tonnes,11135971.5,Carbon dioxide equivalents,Seasonally adjusted
2021.12,AA1,Agriculture,Emissions,Tonnes,11011293.5,Carbon dioxide equivalents,Seasonally adjusted
2022.03,AA1,Agriculture,Emissions,Tonnes,10958605,Carbon dioxide equivalents,Seasonally adjusted
2022.06,AA1,Agriculture,Emissions,Tonnes,10837219.9,Carbon dioxide equivalents,Seasonally adjusted
2022.09,AA1,Agriculture,Emissions,Tonnes,10813193.2,Carbon dioxide equivalents,Seasonally adjusted
2022.12,AA1,Agriculture,Emissions,Tonnes,10781069.8,Carbon dioxide equivalents,Seasonally adjusted
2023.03,AA1,Agriculture,Emissions,Tonnes,10673301.2,Carbon dioxide equivalents,Seasonally adjusted
2023.06,AA1,Agriculture,Emissions,Tonnes,10679796.3,Carbon dioxide equivalents,Seasonally adjusted
2023.09,AA1,Agriculture,Emissions,Tonnes,10596929,Carbon dioxide equivalents,Seasonally adjusted
2023.12,AA1,Agriculture,Emissions,Tonnes,10600868.1,Carbon dioxide equivalents,Seasonally adjusted
2024.03,AA1,Agriculture,Emissions,Tonnes,10565528.6,Carbon dioxide equivalents,Seasonally adjusted
2024.06,AA1,Agriculture,Emissions,Tonnes,10534865.4,Carbon dioxide equivalents,Seasonally adjusted
2024.09,AA1,Agriculture,Emissions,Tonnes,10485504.5,Carbon dioxide equivalents,Seasonally adjusted
2024.12,AA1,Agriculture,Emissions,Tonnes,10492624.4,Carbon dioxide equivalents,Seasonally adjusted
2025.03,AA1,Agriculture,Emissions,Tonnes,10539927.5,Carbon dioxide equivalents,Seasonally adjusted
2025.06,AA1,Agriculture,Emissions,Tonnes,10524707.2,Carbon dioxide equivalents,Seasonally adjusted
2025.09,AA1,Agriculture,Emissions,Tonnes,10485218.1,Carbon dioxide equivalents,Seasonally adjusted
2025.12,AA1,Agriculture,Emissions,Tonnes,10487901.8,Carbon dioxide equivalents,Seasonally adjusted
2010.03,AAZ,"Agriculture, forestry, and fishing",Emissions,Tonnes,11091084.2,Carbon dioxide equivalents,Seasonally adjusted
2010.06,AAZ,"Agriculture, forestry, and fishing",Emissions,Tonnes,10981623.8,Carbon dioxide equivalents,Seasonally adjusted
2010.09,AAZ,"Agriculture, forestry, and fishing",Emissions,Tonnes,10860484,Carbon dioxide equivalents,Seasonally adjusted
2010.12,AAZ,"Agriculture, forestry, and fishing",Emissions,Tonnes,10826958.2,Carbon dioxide equivalents,Seasonally adjusted
2011.03,AAZ,"Agriculture, forestry, and fishing",Emissions,Tonnes,10856516.1,Carbon dioxide equivalents,Seasonally adjusted
2011.06,AAZ,"Agriculture, forestry, and fishing",Emissions,Tonnes,10990425.9,Carbon dioxide equivalents,Seasonally adjusted
2011.09,AAZ,"Agriculture, forestry, and fishing",Emissions,Tonnes,11247682.2,Carbon dioxide equivalents,Seasonally adjusted
2011.12,AAZ,"Agriculture, forestry, and fishing",Emissions,Tonnes,11348882.5,Carbon dioxide equivalents,Seasonally adjusted
2012.03,AAZ,"Agriculture, forestry, and fishing",Emissions,Tonnes,11529624,Carbon dioxide equivalents,Seasonally adjusted
2012.06,AAZ,"Agriculture, forestry, and fishing",Emissions,Tonnes,11659047.6,Carbon dioxide equivalents,Seasonally adjusted
2012.09,AAZ,"Agriculture, forestry, and fishing",Emissions,Tonnes,11331466.3,Carbon dioxide equivalents,Seasonally adjusted
2012.12,AAZ,"Agriculture, forestry, and fishing",Emissions,Tonnes,11291403.2,Carbon dioxide equivalents,Seasonally adjusted
2013.03,AAZ,"Agriculture, forestry, and fishing",Emissions,Tonnes,11262231.8,Carbon dioxide equivalents,Seasonally adjusted
2013.06,AAZ,"Agriculture, forestry, and fishing",Emissions,Tonnes,11202743.5,Carbon dioxide equivalents,Seasonally adjusted
2013.09,AAZ,"Agriculture, forestry, and fishing",Emissions,Tonnes,11627273.2,Carbon dioxide equivalents,Seasonally adjusted
2013.12,AAZ,"Agriculture, forestry, and fishing",Emissions,Tonnes,11689778.5,Carbon dioxide equivalents,Seasonally adjusted
2014.03,AAZ,"Agriculture, forestry, and fishing",Emissions,Tonnes,11571086.8,Carbon dioxide equivalents,Seasonally adjusted
2014.06,AAZ,"Agriculture, forestry, and fishing",Emissions,Tonnes,11405536.9,Carbon dioxide equivalents,Seasonally adjusted
2014.09,AAZ,"Agriculture, forestry, and fishing",Emissions,Tonnes,11567944.9,Carbon dioxide equivalents,Seasonally adjusted
2014.12,AAZ,"Agriculture, forestry, and fishing",Emissions,Tonnes,11579476.7,Carbon dioxide equivalents,Seasonally adjusted
2015.03,AAZ,"Agriculture, forestry, and fishing",Emissions,Tonnes,11488161.4,Carbon dioxide equivalents,Seasonally adjusted
2015.06,AAZ,"Agriculture, forestry, and fishing",Emissions,Tonnes,11543707.7,Carbon dioxide equivalents,Seasonally adjusted
2015.09,AAZ,"Agriculture, forestry, and fishing",Emissions,Tonnes,11244793,Carbon dioxide equivalents,Seasonally adjusted
2015.12,AAZ,"Agriculture, forestry, and fishing",Emissions,Tonnes,11344419.9,Carbon dioxide equivalents,Seasonally adjusted
2016.03,AAZ,"Agriculture, forestry, and fishing",Emissions,Tonnes,11382702.7,Carbon dioxide equivalents,Seasonally adjusted
2016.06,AAZ,"Agriculture, forestry, and fishing",Emissions,Tonnes,11170550.2,Carbon dioxide equivalents,Seasonally adjusted
2016.09,AAZ,"Agriculture, forestry, and fishing",Emissions,Tonnes,11259434.5,Carbon dioxide equivalents,Seasonally adjusted
2016.12,AAZ,"Agriculture, forestry, and fishing",Emissions,Tonnes,11205244.6,Carbon dioxide equivalents,Seasonally adjusted
2017.03,AAZ,"Agriculture, forestry, and fishing",Emissions,Tonnes,11320560.6,Carbon dioxide equivalents,Seasonally adjusted
2017.06,AAZ,"Agriculture, forestry, and fishing",Emissions,Tonnes,11369186.8,Carbon dioxide equivalents,Seasonally adjusted
2017.09,AAZ,"Agriculture, forestry, and fishing",Emissions,Tonnes,11286773.3,Carbon dioxide equivalents,Seasonally adjusted
2017.12,AAZ,"Agriculture, forestry, and fishing",Emissions,Tonnes,11219687.1,Carbon dioxide equivalents,Seasonally adjusted
2018.03,AAZ,"Agriculture, forestry, and fishing",Emissions,Tonnes,11210604.2,Carbon dioxide equivalents,Seasonally adjusted
2018.06,AAZ,"Agriculture, forestry, and fishing",Emissions,Tonnes,11351722.7,Carbon dioxide equivalents,Seasonally adjusted
2018.09,AAZ,"Agriculture, forestry, and fishing",Emissions,Tonnes,11484738.1,Carbon dioxide equivalents,Seasonally adjusted
2018.12,AAZ,"Agriculture, forestry, and fishing",Emissions,Tonnes,11439511.2,Carbon dioxide equivalents,Seasonally adjusted
2019.03,AAZ,"Agriculture, forestry, and fishing",Emissions,Tonnes,11449434.3,Carbon dioxide equivalents,Seasonally adjusted
2019.06,AAZ,"Agriculture, forestry, and fishing",Emissions,Tonnes,11491623.2,Carbon dioxide equivalents,Seasonally adjusted
2019.09,AAZ,"Agriculture, forestry, and fishing",Emissions,Tonnes,11463210.2,Carbon dioxide equivalents,Seasonally adjusted
2019.12,AAZ,"Agriculture, forestry, and fishing",Emissions,Tonnes,11470617.6,Carbon dioxide equivalents,Seasonally adjusted
2020.03,AAZ,"Agriculture, forestry, and fishing",Emissions,Tonnes,11431771.9,Carbon dioxide equivalents,Seasonally adjusted
2020.06,AAZ,"Agriculture, forestry, and fishing",Emissions,Tonnes,11215276.2,Carbon dioxide equivalents,Seasonally adjusted
2020.09,AAZ,"Agriculture, forestry, and fishing",Emissions,Tonnes,11543499.2,Carbon dioxide equivalents,Seasonally adjusted
2020.12,AAZ,"Agriculture, forestry, and fishing",Emissions,Tonnes,11507242.8,Carbon dioxide equivalents,Seasonally adjusted
2021.03,AAZ,"Agriculture, forestry, and fishing",Emissions,Tonnes,11516436.6,Carbon dioxide equivalents,Seasonally adjusted
2021.06,AAZ,"Agriculture, forestry, and fishing",Emissions,Tonnes,11487231.2,Carbon dioxide equivalents,Seasonally adjusted
2021.09,AAZ,"Agriculture, forestry, and fishing",Emissions,Tonnes,11324436,Carbon dioxide equivalents,Seasonally adjusted
2021.12,AAZ,"Agriculture, forestry, and fishing",Emissions,Tonnes,11201660.6,Carbon dioxide equivalents,Seasonally adjusted
2022.03,AAZ,"Agriculture, forestry, and fishing",Emissions,Tonnes,11146451.5,Carbon dioxide equivalents,Seasonally adjusted
2022.06,AAZ,"Agriculture, forestry, and fishing",Emissions,Tonnes,11025336.5,Carbon dioxide equivalents,Seasonally adjusted
2022.09,AAZ,"Agriculture, forestry, and fishing",Emissions,Tonnes,10999297.9,Carbon dioxide equivalents,Seasonally adjusted
2022.12,AAZ,"Agriculture, forestry, and fishing",Emissions,Tonnes,10959466.7,Carbon dioxide equivalents,Seasonally adjusted
2023.03,AAZ,"Agriculture, forestry, and fishing",Emissions,Tonnes,10849308.9,Carbon dioxide equivalents,Seasonally adjusted
2023.06,AAZ,"Agriculture, forestry, and fishing",Emissions,Tonnes,10859257.7,Carbon dioxide equivalents,Seasonally adjusted
2023.09,AAZ,"Agriculture, forestry, and fishing",Emissions,Tonnes,10773331.9,Carbon dioxide equivalents,Seasonally adjusted
2023.12,AAZ,"Agriculture, forestry, and fishing",Emissions,Tonnes,10782116.7,Carbon dioxide equivalents,Seasonally adjusted
2024.03,AAZ,"Agriculture, forestry, and fishing",Emissions,Tonnes,10748428.9,Carbon dioxide equivalents,Seasonally adjusted
2024.06,AAZ,"Agriculture, forestry, and fishing",Emissions,Tonnes,10715918.7,Carbon dioxide equivalents,Seasonally adjusted
2024.09,AAZ,"Agriculture, forestry, and fishing",Emissions,Tonnes,10672003.1,Carbon dioxide equivalents,Seasonally adjusted
2024.12,AAZ,"Agriculture, forestry, and fishing",Emissions,Tonnes,10681317.5,Carbon dioxide equivalents,Seasonally adjusted
2025.03,AAZ,"Agriculture, forestry, and fishing",Emissions,Tonnes,10730269.7,Carbon dioxide equivalents,Seasonally adjusted
2025.06,AAZ,"Agriculture, forestry, and fishing",Emissions,Tonnes,10712646.6,Carbon dioxide equivalents,Seasonally adjusted
2025.09,AAZ,"Agriculture, forestry, and fishing",Emissions,Tonnes,10676319.3,Carbon dioxide equivalents,Seasonally adjusted
2025.12,AAZ,"Agriculture, forestry, and fishing",Emissions,Tonnes,10680474.6,Carbon dioxide equivalents,Seasonally adjusted
2010.03,BB1,Mining,Emissions,Tonnes,576604.7,Carbon dioxide equivalents,Seasonally adjusted
2010.06,BB1,Mining,Emissions,Tonnes,599289.2,Carbon dioxide equivalents,Seasonally adjusted
2010.09,BB1,Mining,Emissions,Tonnes,625028.2,Carbon dioxide equivalents,Seasonally adjusted
2010.12,BB1,Mining,Emissions,Tonnes,622958.7,Carbon dioxide equivalents,Seasonally adjusted
2011.03,BB1,Mining,Emissions,Tonnes,578402.9,Carbon dioxide equivalents,Seasonally adjusted
2011.06,BB1,Mining,Emissions,Tonnes,582707.9,Carbon dioxide equivalents,Seasonally adjusted
2011.09,BB1,Mining,Emissions,Tonnes,597185.1,Carbon dioxide equivalents,Seasonally adjusted
2011.12,BB1,Mining,Emissions,Tonnes,550175.9,Carbon dioxide equivalents,Seasonally adjusted
2012.03,BB1,Mining,Emissions,Tonnes,494064.2,Carbon dioxide equivalents,Seasonally adjusted
2012.06,BB1,Mining,Emissions,Tonnes,476893.2,Carbon dioxide equivalents,Seasonally adjusted
2012.09,BB1,Mining,Emissions,Tonnes,446974.6,Carbon dioxide equivalents,Seasonally adjusted
2012.12,BB1,Mining,Emissions,Tonnes,389707.7,Carbon dioxide equivalents,Seasonally adjusted
2013.03,BB1,Mining,Emissions,Tonnes,377634.4,Carbon dioxide equivalents,Seasonally adjusted
2013.06,BB1,Mining,Emissions,Tonnes,405199.2,Carbon dioxide equivalents,Seasonally adjusted
2013.09,BB1,Mining,Emissions,Tonnes,335506.8,Carbon dioxide equivalents,Seasonally adjusted
2013.12,BB1,Mining,Emissions,Tonnes,356618.4,Carbon dioxide equivalents,Seasonally adjusted
2014.03,BB1,Mining,Emissions,Tonnes,391050.1,Carbon dioxide equivalents,Seasonally adjusted
2014.06,BB1,Mining,Emissions,Tonnes,371727.1,Carbon dioxide equivalents,Seasonally adjusted
2014.09,BB1,Mining,Emissions,Tonnes,395694.3,Carbon dioxide equivalents,Seasonally adjusted
2014.12,BB1,Mining,Emissions,Tonnes,349628.5,Carbon dioxide equivalents,Seasonally adjusted
2015.03,BB1,Mining,Emissions,Tonnes,350278.8,Carbon dioxide equivalents,Seasonally adjusted
2015.06,BB1,Mining,Emissions,Tonnes,421235.2,Carbon dioxide equivalents,Seasonally adjusted
2015.09,BB1,Mining,Emissions,Tonnes,448272.7,Carbon dioxide equivalents,Seasonally adjusted
2015.12,BB1,Mining,Emissions,Tonnes,412637,Carbon dioxide equivalents,Seasonally adjusted
2016.03,BB1,Mining,Emissions,Tonnes,394823.4,Carbon dioxide equivalents,Seasonally adjusted
2016.06,BB1,Mining,Emissions,Tonnes,355570.9,Carbon dioxide equivalents,Seasonally adjusted
2016.09,BB1,Mining,Emissions,Tonnes,387125.8,Carbon dioxide equivalents,Seasonally adjusted
2016.12,BB1,Mining,Emissions,Tonnes,331645.9,Carbon dioxide equivalents,Seasonally adjusted
2017.03,BB1,Mining,Emissions,Tonnes,319837.1,Carbon dioxide equivalents,Seasonally adjusted
2017.06,BB1,Mining,Emissions,Tonnes,334951.5,Carbon dioxide equivalents,Seasonally adjusted
2017.09,BB1,Mining,Emissions,Tonnes,347238,Carbon dioxide equivalents,Seasonally adjusted
2017.12,BB1,Mining,Emissions,Tonnes,364234.4,Carbon dioxide equivalents,Seasonally adjusted
2018.03,BB1,Mining,Emissions,Tonnes,337705.1,Carbon dioxide equivalents,Seasonally adjusted
2018.06,BB1,Mining,Emissions,Tonnes,322253.1,Carbon dioxide equivalents,Seasonally adjusted
2018.09,BB1,Mining,Emissions,Tonnes,328519.6,Carbon dioxide equivalents,Seasonally adjusted
2018.12,BB1,Mining,Emissions,Tonnes,306213.2,Carbon dioxide equivalents,Seasonally adjusted
2019.03,BB1,Mining,Emissions,Tonnes,314370.6,Carbon dioxide equivalents,Seasonally adjusted
2019.06,BB1,Mining,Emissions,Tonnes,336033.3,Carbon dioxide equivalents,Seasonally adjusted
2019.09,BB1,Mining,Emissions,Tonnes,337216.5,Carbon dioxide equivalents,Seasonally adjusted
2019.12,BB1,Mining,Emissions,Tonnes,324917.8,Carbon dioxide equivalents,Seasonally adjusted
2020.03,BB1,Mining,Emissions,Tonnes,302559.2,Carbon dioxide equivalents,Seasonally adjusted
2020.06,BB1,Mining,Emissions,Tonnes,252735,Carbon dioxide equivalents,Seasonally adjusted
2020.09,BB1,Mining,Emissions,Tonnes,278810.1,Carbon dioxide equivalents,Seasonally adjusted
2020.12,BB1,Mining,Emissions,Tonnes,272198.4,Carbon dioxide equivalents,Seasonally adjusted
2021.03,BB1,Mining,Emissions,Tonnes,281058.9,Carbon dioxide equivalents,Seasonally adjusted
2021.06,BB1,Mining,Emissions,Tonnes,280016.1,Carbon dioxide equivalents,Seasonally adjusted
2021.09,BB1,Mining,Emissions,Tonnes,273000.6,Carbon dioxide equivalents,Seasonally adjusted
2021.12,BB1,Mining,Emissions,Tonnes,271448.4,Carbon dioxide equivalents,Seasonally adjusted
2022.03,BB1,Mining,Emissions,Tonnes,313287.3,Carbon dioxide equivalents,Seasonally adjusted
2022.06,BB1,Mining,Emissions,Tonnes,335604.7,Carbon dioxide equivalents,Seasonally adjusted
2022.09,BB1,Mining,Emissions,Tonnes,315380.6,Carbon dioxide equivalents,Seasonally adjusted
2022.12,BB1,Mining,Emissions,Tonnes,320946.1,Carbon dioxide equivalents,Seasonally adjusted
2023.03,BB1,Mining,Emissions,Tonnes,286290.8,Carbon dioxide equivalents,Seasonally adjusted
2023.06,BB1,Mining,Emissions,Tonnes,289358.1,Carbon dioxide equivalents,Seasonally adjusted
2023.09,BB1,Mining,Emissions,Tonnes,268751.5,Carbon dioxide equivalents,Seasonally adjusted
2023.12,BB1,Mining,Emissions,Tonnes,289414.9,Carbon dioxide equivalents,Seasonally adjusted
2024.03,BB1,Mining,Emissions,Tonnes,276015.7,Carbon dioxide equivalents,Seasonally adjusted
2024.06,BB1,Mining,Emissions,Tonnes,269299.6,Carbon dioxide equivalents,Seasonally adjusted
2024.09,BB1,Mining,Emissions,Tonnes,281781.1,Carbon dioxide equivalents,Seasonally adjusted
2024.12,BB1,Mining,Emissions,Tonnes,248512.4,Carbon dioxide equivalents,Seasonally adjusted
2025.03,BB1,Mining,Emissions,Tonnes,246206.7,Carbon dioxide equivalents,Seasonally adjusted
2025.06,BB1,Mining,Emissions,Tonnes,235326.6,Carbon dioxide equivalents,Seasonally adjusted
2025.09,BB1,Mining,Emissions,Tonnes,244582.1,Carbon dioxide equivalents,Seasonally adjusted
2025.12,BB1,Mining,Emissions,Tonnes,224500.3,Carbon dioxide equivalents,Seasonally adjusted
2010.03,C34,Wood and paper products manufacturing and printing,Emissions,Tonnes,145995.6,Carbon dioxide equivalents,Seasonally adjusted
2010.06,C34,Wood and paper products manufacturing and printing,Emissions,Tonnes,153949.1,Carbon dioxide equivalents,Seasonally adjusted
2010.09,C34,Wood and paper products manufacturing and printing,Emissions,Tonnes,152597.9,Carbon dioxide equivalents,Seasonally adjusted
2010.12,C34,Wood and paper products manufacturing and printing,Emissions,Tonnes,144846.1,Carbon dioxide equivalents,Seasonally adjusted
2011.03,C34,Wood and paper products manufacturing and printing,Emissions,Tonnes,151835.1,Carbon dioxide equivalents,Seasonally adjusted
2011.06,C34,Wood and paper products manufacturing and printing,Emissions,Tonnes,153609.5,Carbon dioxide equivalents,Seasonally adjusted
2011.09,C34,Wood and paper products manufacturing and printing,Emissions,Tonnes,146051.6,Carbon dioxide equivalents,Seasonally adjusted
2011.12,C34,Wood and paper products manufacturing and printing,Emissions,Tonnes,156952,Carbon dioxide equivalents,Seasonally adjusted
2012.03,C34,Wood and paper products manufacturing and printing,Emissions,Tonnes,159793.3,Carbon dioxide equivalents,Seasonally adjusted
2012.06,C34,Wood and paper products manufacturing and printing,Emissions,Tonnes,164556.3,Carbon dioxide equivalents,Seasonally adjusted
2012.09,C34,Wood and paper products manufacturing and printing,Emissions,Tonnes,162917.7,Carbon dioxide equivalents,Seasonally adjusted
2012.12,C34,Wood and paper products manufacturing and printing,Emissions,Tonnes,150152.9,Carbon dioxide equivalents,Seasonally adjusted
2013.03,C34,Wood and paper products manufacturing and printing,Emissions,Tonnes,147474.6,Carbon dioxide equivalents,Seasonally adjusted
2013.06,C34,Wood and paper products manufacturing and printing,Emissions,Tonnes,139287.4,Carbon dioxide equivalents,Seasonally adjusted
2013.09,C34,Wood and paper products manufacturing and printing,Emissions,Tonnes,139169.7,Carbon dioxide equivalents,Seasonally adjusted
2013.12,C34,Wood and paper products manufacturing and printing,Emissions,Tonnes,139620,Carbon dioxide equivalents,Seasonally adjusted
2014.03,C34,Wood and paper products manufacturing and printing,Emissions,Tonnes,132679.3,Carbon dioxide equivalents,Seasonally adjusted
2014.06,C34,Wood and paper products manufacturing and printing,Emissions,Tonnes,136381.7,Carbon dioxide equivalents,Seasonally adjusted
2014.09,C34,Wood and paper products manufacturing and printing,Emissions,Tonnes,150154.7,Carbon dioxide equivalents,Seasonally adjusted
2014.12,C34,Wood and paper products manufacturing and printing,Emissions,Tonnes,143743.1,Carbon dioxide equivalents,Seasonally adjusted
2015.03,C34,Wood and paper products manufacturing and printing,Emissions,Tonnes,135766.4,Carbon dioxide equivalents,Seasonally adjusted
2015.06,C34,Wood and paper products manufacturing and printing,Emissions,Tonnes,131911.2,Carbon dioxide equivalents,Seasonally adjusted
2015.09,C34,Wood and paper products manufacturing and printing,Emissions,Tonnes,135970.1,Carbon dioxide equivalents,Seasonally adjusted
2015.12,C34,Wood and paper products manufacturing and printing,Emissions,Tonnes,150088.1,Carbon dioxide equivalents,Seasonally adjusted
2016.03,C34,Wood and paper products manufacturing and printing,Emissions,Tonnes,161204.8,Carbon dioxide equivalents,Seasonally adjusted
2016.06,C34,Wood and paper products manufacturing and printing,Emissions,Tonnes,155305.7,Carbon dioxide equivalents,Seasonally adjusted
2016.09,C34,Wood and paper products manufacturing and printing,Emissions,Tonnes,166676.7,Carbon dioxide equivalents,Seasonally adjusted
2016.12,C34,Wood and paper products manufacturing and printing,Emissions,Tonnes,86413.4,Carbon dioxide equivalents,Seasonally adjusted
2017.03,C34,Wood and paper products manufacturing and printing,Emissions,Tonnes,165403.5,Carbon dioxide equivalents,Seasonally adjusted
2017.06,C34,Wood and paper products manufacturing and printing,Emissions,Tonnes,153443.4,Carbon dioxide equivalents,Seasonally adjusted
2017.09,C34,Wood and paper products manufacturing and printing,Emissions,Tonnes,155705.1,Carbon dioxide equivalents,Seasonally adjusted
2017.12,C34,Wood and paper products manufacturing and printing,Emissions,Tonnes,165968,Carbon dioxide equivalents,Seasonally adjusted
2018.03,C34,Wood and paper products manufacturing and printing,Emissions,Tonnes,157447.8,Carbon dioxide equivalents,Seasonally adjusted
2018.06,C34,Wood and paper products manufacturing and printing,Emissions,Tonnes,159285.6,Carbon dioxide equivalents,Seasonally adjusted
2018.09,C34,Wood and paper products manufacturing and printing,Emissions,Tonnes,150424.8,Carbon dioxide equivalents,Seasonally adjusted
2018.12,C34,Wood and paper products manufacturing and printing,Emissions,Tonnes,152742.9,Carbon dioxide equivalents,Seasonally adjusted
2019.03,C34,Wood and paper products manufacturing and printing,Emissions,Tonnes,149366.7,Carbon dioxide equivalents,Seasonally adjusted
2019.06,C34,Wood and paper products manufacturing and printing,Emissions,Tonnes,148906.9,Carbon dioxide equivalents,Seasonally adjusted
2019.09,C34,Wood and paper products manufacturing and printing,Emissions,Tonnes,151760.4,Carbon dioxide equivalents,Seasonally adjusted
2019.12,C34,Wood and paper products manufacturing and printing,Emissions,Tonnes,153427.1,Carbon dioxide equivalents,Seasonally adjusted
2020.03,C34,Wood and paper products manufacturing and printing,Emissions,Tonnes,137283.6,Carbon dioxide equivalents,Seasonally adjusted
2020.06,C34,Wood and paper products manufacturing and printing,Emissions,Tonnes,122129.2,Carbon dioxide equivalents,Seasonally adjusted
2020.09,C34,Wood and paper products manufacturing and printing,Emissions,Tonnes,146431.2,Carbon dioxide equivalents,Seasonally adjusted
2020.12,C34,Wood and paper products manufacturing and printing,Emissions,Tonnes,145853.7,Carbon dioxide equivalents,Seasonally adjusted
2021.03,C34,Wood and paper products manufacturing and printing,Emissions,Tonnes,148262.3,Carbon dioxide equivalents,Seasonally adjusted
2021.06,C34,Wood and paper products manufacturing and printing,Emissions,Tonnes,146249.4,Carbon dioxide equivalents,Seasonally adjusted
2021.09,C34,Wood and paper products manufacturing and printing,Emissions,Tonnes,127035,Carbon dioxide equivalents,Seasonally adjusted
2021.12,C34,Wood and paper products manufacturing and printing,Emissions,Tonnes,113127.7,Carbon dioxide equivalents,Seasonally adjusted
2022.03,C34,Wood and paper products manufacturing and printing,Emissions,Tonnes,125568.5,Carbon dioxide equivalents,Seasonally adjusted
2022.06,C34,Wood and paper products manufacturing and printing,Emissions,Tonnes,115832.9,Carbon dioxide equivalents,Seasonally adjusted
2022.09,C34,Wood and paper products manufacturing and printing,Emissions,Tonnes,135978.7,Carbon dioxide equivalents,Seasonally adjusted
2022.12,C34,Wood and paper products manufacturing and printing,Emissions,Tonnes,141604,Carbon dioxide equivalents,Seasonally adjusted
2023.03,C34,Wood and paper products manufacturing and printing,Emissions,Tonnes,124620.3,Carbon dioxide equivalents,Seasonally adjusted
2023.06,C34,Wood and paper products manufacturing and printing,Emissions,Tonnes,130001,Carbon dioxide equivalents,Seasonally adjusted
2023.09,C34,Wood and paper products manufacturing and printing,Emissions,Tonnes,114663.2,Carbon dioxide equivalents,Seasonally adjusted
2023.12,C34,Wood and paper products manufacturing and printing,Emissions,Tonnes,130500.3,Carbon dioxide equivalents,Seasonally adjusted
2024.03,C34,Wood and paper products manufacturing and printing,Emissions,Tonnes,128052.9,Carbon dioxide equivalents,Seasonally adjusted
2024.06,C34,Wood and paper products manufacturing and printing,Emissions,Tonnes,124118.9,Carbon dioxide equivalents,Seasonally adjusted
2024.09,C34,Wood and paper products manufacturing and printing,Emissions,Tonnes,117860.5,Carbon dioxide equivalents,Seasonally adjusted
2024.12,C34,Wood and paper products manufacturing and printing,Emissions,Tonnes,130759.7,Carbon dioxide equivalents,Seasonally adjusted
2025.03,C34,Wood and paper products manufacturing and printing,Emissions,Tonnes,146375.3,Carbon dioxide equivalents,Seasonally adjusted
2025.06,C34,Wood and paper products manufacturing and printing,Emissions,Tonnes,156745,Carbon dioxide equivalents,Seasonally adjusted
2025.09,C34,Wood and paper products manufacturing and printing,Emissions,Tonnes,146364.5,Carbon dioxide equivalents,Seasonally adjusted
2025.12,C34,Wood and paper products manufacturing and printing,Emissions,Tonnes,130838.7,Carbon dioxide equivalents,Seasonally adjusted
2010.03,C67,Non-metallic mineral and metallic product manufacturing,Emissions,Tonnes,954692.5,Carbon dioxide equivalents,Seasonally adjusted
2010.06,C67,Non-metallic mineral and metallic product manufacturing,Emissions,Tonnes,1034649.5,Carbon dioxide equivalents,Seasonally adjusted
2010.09,C67,Non-metallic mineral and metallic product manufacturing,Emissions,Tonnes,959957.5,Carbon dioxide equivalents,Seasonally adjusted
2010.12,C67,Non-metallic mineral and metallic product manufacturing,Emissions,Tonnes,958127.9,Carbon dioxide equivalents,Seasonally adjusted
2011.03,C67,Non-metallic mineral and metallic product manufacturing,Emissions,Tonnes,958592.9,Carbon dioxide equivalents,Seasonally adjusted
2011.06,C67,Non-metallic mineral and metallic product manufacturing,Emissions,Tonnes,967307.7,Carbon dioxide equivalents,Seasonally adjusted
2011.09,C67,Non-metallic mineral and metallic product manufacturing,Emissions,Tonnes,939655.4,Carbon dioxide equivalents,Seasonally adjusted
2011.12,C67,Non-metallic mineral and metallic product manufacturing,Emissions,Tonnes,956440.8,Carbon dioxide equivalents,Seasonally adjusted
2012.03,C67,Non-metallic mineral and metallic product manufacturing,Emissions,Tonnes,918805.7,Carbon dioxide equivalents,Seasonally adjusted
2012.06,C67,Non-metallic mineral and metallic product manufacturing,Emissions,Tonnes,981877.4,Carbon dioxide equivalents,Seasonally adjusted
2012.09,C67,Non-metallic mineral and metallic product manufacturing,Emissions,Tonnes,937143.3,Carbon dioxide equivalents,Seasonally adjusted
2012.12,C67,Non-metallic mineral and metallic product manufacturing,Emissions,Tonnes,969622.5,Carbon dioxide equivalents,Seasonally adjusted
2013.03,C67,Non-metallic mineral and metallic product manufacturing,Emissions,Tonnes,995428.8,Carbon dioxide equivalents,Seasonally adjusted
2013.06,C67,Non-metallic mineral and metallic product manufacturing,Emissions,Tonnes,1065110.1,Carbon dioxide equivalents,Seasonally adjusted
2013.09,C67,Non-metallic mineral and metallic product manufacturing,Emissions,Tonnes,1053022.9,Carbon dioxide equivalents,Seasonally adjusted
2013.12,C67,Non-metallic mineral and metallic product manufacturing,Emissions,Tonnes,1111652.2,Carbon dioxide equivalents,Seasonally adjusted
2014.03,C67,Non-metallic mineral and metallic product manufacturing,Emissions,Tonnes,1023863.6,Carbon dioxide equivalents,Seasonally adjusted
2014.06,C67,Non-metallic mineral and metallic product manufacturing,Emissions,Tonnes,1018681.7,Carbon dioxide equivalents,Seasonally adjusted
2014.09,C67,Non-metallic mineral and metallic product manufacturing,Emissions,Tonnes,1051452.9,Carbon dioxide equivalents,Seasonally adjusted
2014.12,C67,Non-metallic mineral and metallic product manufacturing,Emissions,Tonnes,1112254.5,Carbon dioxide equivalents,Seasonally adjusted
2015.03,C67,Non-metallic mineral and metallic product manufacturing,Emissions,Tonnes,1026672.1,Carbon dioxide equivalents,Seasonally adjusted
2015.06,C67,Non-metallic mineral and metallic product manufacturing,Emissions,Tonnes,1050747.8,Carbon dioxide equivalents,Seasonally adjusted
2015.09,C67,Non-metallic mineral and metallic product manufacturing,Emissions,Tonnes,1031221.3,Carbon dioxide equivalents,Seasonally adjusted
2015.12,C67,Non-metallic mineral and metallic product manufacturing,Emissions,Tonnes,1069687.9,Carbon dioxide equivalents,Seasonally adjusted
2016.03,C67,Non-metallic mineral and metallic product manufacturing,Emissions,Tonnes,951021.8,Carbon dioxide equivalents,Seasonally adjusted
2016.06,C67,Non-metallic mineral and metallic product manufacturing,Emissions,Tonnes,942691.4,Carbon dioxide equivalents,Seasonally adjusted
2016.09,C67,Non-metallic mineral and metallic product manufacturing,Emissions,Tonnes,981566.9,Carbon dioxide equivalents,Seasonally adjusted
2016.12,C67,Non-metallic mineral and metallic product manufacturing,Emissions,Tonnes,946370.5,Carbon dioxide equivalents,Seasonally adjusted
2017.03,C67,Non-metallic mineral and metallic product manufacturing,Emissions,Tonnes,945492.3,Carbon dioxide equivalents,Seasonally adjusted
2017.06,C67,Non-metallic mineral and metallic product manufacturing,Emissions,Tonnes,986136,Carbon dioxide equivalents,Seasonally adjusted
2017.09,C67,Non-metallic mineral and metallic product manufacturing,Emissions,Tonnes,967979.6,Carbon dioxide equivalents,Seasonally adjusted
2017.12,C67,Non-metallic mineral and metallic product manufacturing,Emissions,Tonnes,1008732,Carbon dioxide equivalents,Seasonally adjusted
2018.03,C67,Non-metallic mineral and metallic product manufacturing,Emissions,Tonnes,913634.5,Carbon dioxide equivalents,Seasonally adjusted
2018.06,C67,Non-metallic mineral and metallic product manufacturing,Emissions,Tonnes,977087.3,Carbon dioxide equivalents,Seasonally adjusted
2018.09,C67,Non-metallic mineral and metallic product manufacturing,Emissions,Tonnes,963276.8,Carbon dioxide equivalents,Seasonally adjusted
2018.12,C67,Non-metallic mineral and metallic product manufacturing,Emissions,Tonnes,993797.6,Carbon dioxide equivalents,Seasonally adjusted
2019.03,C67,Non-metallic mineral and metallic product manufacturing,Emissions,Tonnes,976449.8,Carbon dioxide equivalents,Seasonally adjusted
2019.06,C67,Non-metallic mineral and metallic product manufacturing,Emissions,Tonnes,976541.1,Carbon dioxide equivalents,Seasonally adjusted
2019.09,C67,Non-metallic mineral and metallic product manufacturing,Emissions,Tonnes,987512.9,Carbon dioxide equivalents,Seasonally adjusted
2019.12,C67,Non-metallic mineral and metallic product manufacturing,Emissions,Tonnes,1022235.2,Carbon dioxide equivalents,Seasonally adjusted
2020.03,C67,Non-metallic mineral and metallic product manufacturing,Emissions,Tonnes,851866.1,Carbon dioxide equivalents,Seasonally adjusted
2020.06,C67,Non-metallic mineral and metallic product manufacturing,Emissions,Tonnes,750451.9,Carbon dioxide equivalents,Seasonally adjusted
2020.09,C67,Non-metallic mineral and metallic product manufacturing,Emissions,Tonnes,940463.8,Carbon dioxide equivalents,Seasonally adjusted
2020.12,C67,Non-metallic mineral and metallic product manufacturing,Emissions,Tonnes,931392.1,Carbon dioxide equivalents,Seasonally adjusted
2021.03,C67,Non-metallic mineral and metallic product manufacturing,Emissions,Tonnes,879237.8,Carbon dioxide equivalents,Seasonally adjusted
2021.06,C67,Non-metallic mineral and metallic product manufacturing,Emissions,Tonnes,929592.5,Carbon dioxide equivalents,Seasonally adjusted
2021.09,C67,Non-metallic mineral and metallic product manufacturing,Emissions,Tonnes,952398.5,Carbon dioxide equivalents,Seasonally adjusted
2021.12,C67,Non-metallic mineral and metallic product manufacturing,Emissions,Tonnes,939078.9,Carbon dioxide equivalents,Seasonally adjusted
2022.03,C67,Non-metallic mineral and metallic product manufacturing,Emissions,Tonnes,979436.7,Carbon dioxide equivalents,Seasonally adjusted
2022.06,C67,Non-metallic mineral and metallic product manufacturing,Emissions,Tonnes,937651,Carbon dioxide equivalents,Seasonally adjusted
2022.09,C67,Non-metallic mineral and metallic product manufacturing,Emissions,Tonnes,920048.1,Carbon dioxide equivalents,Seasonally adjusted
2022.12,C67,Non-metallic mineral and metallic product manufacturing,Emissions,Tonnes,806424,Carbon dioxide equivalents,Seasonally adjusted
2023.03,C67,Non-metallic mineral and metallic product manufacturing,Emissions,Tonnes,816655.5,Carbon dioxide equivalents,Seasonally adjusted
2023.06,C67,Non-metallic mineral and metallic product manufacturing,Emissions,Tonnes,883077.9,Carbon dioxide equivalents,Seasonally adjusted
2023.09,C67,Non-metallic mineral and metallic product manufacturing,Emissions,Tonnes,905503.4,Carbon dioxide equivalents,Seasonally adjusted
2023.12,C67,Non-metallic mineral and metallic product manufacturing,Emissions,Tonnes,862184.1,Carbon dioxide equivalents,Seasonally adjusted
2024.03,C67,Non-metallic mineral and metallic product manufacturing,Emissions,Tonnes,844316.1,Carbon dioxide equivalents,Seasonally adjusted
2024.06,C67,Non-metallic mineral and metallic product manufacturing,Emissions,Tonnes,796345,Carbon dioxide equivalents,Seasonally adjusted
2024.09,C67,Non-metallic mineral and metallic product manufacturing,Emissions,Tonnes,758774.4,Carbon dioxide equivalents,Seasonally adjusted
2024.12,C67,Non-metallic mineral and metallic product manufacturing,Emissions,Tonnes,790484.6,Carbon dioxide equivalents,Seasonally adjusted
2025.03,C67,Non-metallic mineral and metallic product manufacturing,Emissions,Tonnes,776490.6,Carbon dioxide equivalents,Seasonally adjusted
2025.06,C67,Non-metallic mineral and metallic product manufacturing,Emissions,Tonnes,747204.4,Carbon dioxide equivalents,Seasonally adjusted
2025.09,C67,Non-metallic mineral and metallic product manufacturing,Emissions,Tonnes,749916.9,Carbon dioxide equivalents,Seasonally adjusted
2025.12,C67,Non-metallic mineral and metallic product manufacturing,Emissions,Tonnes,757345,Carbon dioxide equivalents,Seasonally adjusted
2010.03,CC1,"Food, beverage, and tobacco product manufacturing",Emissions,Tonnes,644856.4,Carbon dioxide equivalents,Seasonally adjusted
2010.06,CC1,"Food, beverage, and tobacco product manufacturing",Emissions,Tonnes,785985.2,Carbon dioxide equivalents,Seasonally adjusted
2010.09,CC1,"Food, beverage, and tobacco product manufacturing",Emissions,Tonnes,655091.8,Carbon dioxide equivalents,Seasonally adjusted
2010.12,CC1,"Food, beverage, and tobacco product manufacturing",Emissions,Tonnes,619780.4,Carbon dioxide equivalents,Seasonally adjusted
2011.03,CC1,"Food, beverage, and tobacco product manufacturing",Emissions,Tonnes,657242.5,Carbon dioxide equivalents,Seasonally adjusted
2011.06,CC1,"Food, beverage, and tobacco product manufacturing",Emissions,Tonnes,616217.7,Carbon dioxide equivalents,Seasonally adjusted
2011.09,CC1,"Food, beverage, and tobacco product manufacturing",Emissions,Tonnes,645597.1,Carbon dioxide equivalents,Seasonally adjusted
2011.12,CC1,"Food, beverage, and tobacco product manufacturing",Emissions,Tonnes,704429.2,Carbon dioxide equivalents,Seasonally adjusted
2012.03,CC1,"Food, beverage, and tobacco product manufacturing",Emissions,Tonnes,716778.3,Carbon dioxide equivalents,Seasonally adjusted
2012.06,CC1,"Food, beverage, and tobacco product manufacturing",Emissions,Tonnes,755847.9,Carbon dioxide equivalents,Seasonally adjusted
2012.09,CC1,"Food, beverage, and tobacco product manufacturing",Emissions,Tonnes,712427.6,Carbon dioxide equivalents,Seasonally adjusted
2012.12,CC1,"Food, beverage, and tobacco product manufacturing",Emissions,Tonnes,690412,Carbon dioxide equivalents,Seasonally adjusted
2013.03,CC1,"Food, beverage, and tobacco product manufacturing",Emissions,Tonnes,628880.5,Carbon dioxide equivalents,Seasonally adjusted
2013.06,CC1,"Food, beverage, and tobacco product manufacturing",Emissions,Tonnes,759943.4,Carbon dioxide equivalents,Seasonally adjusted
2013.09,CC1,"Food, beverage, and tobacco product manufacturing",Emissions,Tonnes,710692.5,Carbon dioxide equivalents,Seasonally adjusted
2013.12,CC1,"Food, beverage, and tobacco product manufacturing",Emissions,Tonnes,673737.6,Carbon dioxide equivalents,Seasonally adjusted
2014.03,CC1,"Food, beverage, and tobacco product manufacturing",Emissions,Tonnes,660152.5,Carbon dioxide equivalents,Seasonally adjusted
2014.06,CC1,"Food, beverage, and tobacco product manufacturing",Emissions,Tonnes,722822.2,Carbon dioxide equivalents,Seasonally adjusted
2014.09,CC1,"Food, beverage, and tobacco product manufacturing",Emissions,Tonnes,790600.9,Carbon dioxide equivalents,Seasonally adjusted
2014.12,CC1,"Food, beverage, and tobacco product manufacturing",Emissions,Tonnes,892032.5,Carbon dioxide equivalents,Seasonally adjusted
2015.03,CC1,"Food, beverage, and tobacco product manufacturing",Emissions,Tonnes,893137.9,Carbon dioxide equivalents,Seasonally adjusted
2015.06,CC1,"Food, beverage, and tobacco product manufacturing",Emissions,Tonnes,795565.8,Carbon dioxide equivalents,Seasonally adjusted
2015.09,CC1,"Food, beverage, and tobacco product manufacturing",Emissions,Tonnes,872739.4,Carbon dioxide equivalents,Seasonally adjusted
2015.12,CC1,"Food, beverage, and tobacco product manufacturing",Emissions,Tonnes,898982.5,Carbon dioxide equivalents,Seasonally adjusted
2016.03,CC1,"Food, beverage, and tobacco product manufacturing",Emissions,Tonnes,908791.1,Carbon dioxide equivalents,Seasonally adjusted
2016.06,CC1,"Food, beverage, and tobacco product manufacturing",Emissions,Tonnes,756094.5,Carbon dioxide equivalents,Seasonally adjusted
2016.09,CC1,"Food, beverage, and tobacco product manufacturing",Emissions,Tonnes,881241.5,Carbon dioxide equivalents,Seasonally adjusted
2016.12,CC1,"Food, beverage, and tobacco product manufacturing",Emissions,Tonnes,692825.7,Carbon dioxide equivalents,Seasonally adjusted
2017.03,CC1,"Food, beverage, and tobacco product manufacturing",Emissions,Tonnes,870903.7,Carbon dioxide equivalents,Seasonally adjusted
2017.06,CC1,"Food, beverage, and tobacco product manufacturing",Emissions,Tonnes,745998.1,Carbon dioxide equivalents,Seasonally adjusted
2017.09,CC1,"Food, beverage, and tobacco product manufacturing",Emissions,Tonnes,794169.5,Carbon dioxide equivalents,Seasonally adjusted
2017.12,CC1,"Food, beverage, and tobacco product manufacturing",Emissions,Tonnes,826423.7,Carbon dioxide equivalents,Seasonally adjusted
2018.03,CC1,"Food, beverage, and tobacco product manufacturing",Emissions,Tonnes,743835.7,Carbon dioxide equivalents,Seasonally adjusted
2018.06,CC1,"Food, beverage, and tobacco product manufacturing",Emissions,Tonnes,945504.8,Carbon dioxide equivalents,Seasonally adjusted
2018.09,CC1,"Food, beverage, and tobacco product manufacturing",Emissions,Tonnes,923322.6,Carbon dioxide equivalents,Seasonally adjusted
2018.12,CC1,"Food, beverage, and tobacco product manufacturing",Emissions,Tonnes,931106.8,Carbon dioxide equivalents,Seasonally adjusted
2019.03,CC1,"Food, beverage, and tobacco product manufacturing",Emissions,Tonnes,969917.1,Carbon dioxide equivalents,Seasonally adjusted
2019.06,CC1,"Food, beverage, and tobacco product manufacturing",Emissions,Tonnes,818304.8,Carbon dioxide equivalents,Seasonally adjusted
2019.09,CC1,"Food, beverage, and tobacco product manufacturing",Emissions,Tonnes,834360.9,Carbon dioxide equivalents,Seasonally adjusted
2019.12,CC1,"Food, beverage, and tobacco product manufacturing",Emissions,Tonnes,885962.6,Carbon dioxide equivalents,Seasonally adjusted
2020.03,CC1,"Food, beverage, and tobacco product manufacturing",Emissions,Tonnes,761935.1,Carbon dioxide equivalents,Seasonally adjusted
2020.06,CC1,"Food, beverage, and tobacco product manufacturing",Emissions,Tonnes,918342,Carbon dioxide equivalents,Seasonally adjusted
2020.09,CC1,"Food, beverage, and tobacco product manufacturing",Emissions,Tonnes,800189.7,Carbon dioxide equivalents,Seasonally adjusted
2020.12,CC1,"Food, beverage, and tobacco product manufacturing",Emissions,Tonnes,815594.2,Carbon dioxide equivalents,Seasonally adjusted
2021.03,CC1,"Food, beverage, and tobacco product manufacturing",Emissions,Tonnes,847341,Carbon dioxide equivalents,Seasonally adjusted
2021.06,CC1,"Food, beverage, and tobacco product manufacturing",Emissions,Tonnes,760773.2,Carbon dioxide equivalents,Seasonally adjusted
2021.09,CC1,"Food, beverage, and tobacco product manufacturing",Emissions,Tonnes,736818.8,Carbon dioxide equivalents,Seasonally adjusted
2021.12,CC1,"Food, beverage, and tobacco product manufacturing",Emissions,Tonnes,826979.3,Carbon dioxide equivalents,Seasonally adjusted
2022.03,CC1,"Food, beverage, and tobacco product manufacturing",Emissions,Tonnes,796127.9,Carbon dioxide equivalents,Seasonally adjusted
2022.06,CC1,"Food, beverage, and tobacco product manufacturing",Emissions,Tonnes,899442.3,Carbon dioxide equivalents,Seasonally adjusted
2022.09,CC1,"Food, beverage, and tobacco product manufacturing",Emissions,Tonnes,742694.7,Carbon dioxide equivalents,Seasonally adjusted
2022.12,CC1,"Food, beverage, and tobacco product manufacturing",Emissions,Tonnes,653359.9,Carbon dioxide equivalents,Seasonally adjusted
2023.03,CC1,"Food, beverage, and tobacco product manufacturing",Emissions,Tonnes,739633.3,Carbon dioxide equivalents,Seasonally adjusted
2023.06,CC1,"Food, beverage, and tobacco product manufacturing",Emissions,Tonnes,741769.3,Carbon dioxide equivalents,Seasonally adjusted
2023.09,CC1,"Food, beverage, and tobacco product manufacturing",Emissions,Tonnes,831030,Carbon dioxide equivalents,Seasonally adjusted
2023.12,CC1,"Food, beverage, and tobacco product manufacturing",Emissions,Tonnes,753699.7,Carbon dioxide equivalents,Seasonally adjusted
2024.03,CC1,"Food, beverage, and tobacco product manufacturing",Emissions,Tonnes,777244.6,Carbon dioxide equivalents,Seasonally adjusted
2024.06,CC1,"Food, beverage, and tobacco product manufacturing",Emissions,Tonnes,706028.4,Carbon dioxide equivalents,Seasonally adjusted
2024.09,CC1,"Food, beverage, and tobacco product manufacturing",Emissions,Tonnes,681817.5,Carbon dioxide equivalents,Seasonally adjusted
2024.12,CC1,"Food, beverage, and tobacco product manufacturing",Emissions,Tonnes,769068.7,Carbon dioxide equivalents,Seasonally adjusted
2025.03,CC1,"Food, beverage, and tobacco product manufacturing",Emissions,Tonnes,664058,Carbon dioxide equivalents,Seasonally adjusted
2025.06,CC1,"Food, beverage, and tobacco product manufacturing",Emissions,Tonnes,657706.7,Carbon dioxide equivalents,Seasonally adjusted
2025.09,CC1,"Food, beverage, and tobacco product manufacturing",Emissions,Tonnes,741611.9,Carbon dioxide equivalents,Seasonally adjusted
2025.12,CC1,"Food, beverage, and tobacco product manufacturing",Emissions,Tonnes,660711.8,Carbon dioxide equivalents,Seasonally adjusted
2010.03,CC5,"Petroleum, chemical, polymer, and rubber product manufacturing",Emissions,Tonnes,549534,Carbon dioxide equivalents,Seasonally adjusted
2010.06,CC5,"Petroleum, chemical, polymer, and rubber product manufacturing",Emissions,Tonnes,523490,Carbon dioxide equivalents,Seasonally adjusted
2010.09,CC5,"Petroleum, chemical, polymer, and rubber product manufacturing",Emissions,Tonnes,561955.7,Carbon dioxide equivalents,Seasonally adjusted
2010.12,CC5,"Petroleum, chemical, polymer, and rubber product manufacturing",Emissions,Tonnes,552278.3,Carbon dioxide equivalents,Seasonally adjusted
2011.03,CC5,"Petroleum, chemical, polymer, and rubber product manufacturing",Emissions,Tonnes,541355.2,Carbon dioxide equivalents,Seasonally adjusted
2011.06,CC5,"Petroleum, chemical, polymer, and rubber product manufacturing",Emissions,Tonnes,567592,Carbon dioxide equivalents,Seasonally adjusted
2011.09,CC5,"Petroleum, chemical, polymer, and rubber product manufacturing",Emissions,Tonnes,548359.4,Carbon dioxide equivalents,Seasonally adjusted
2011.12,CC5,"Petroleum, chemical, polymer, and rubber product manufacturing",Emissions,Tonnes,517111.2,Carbon dioxide equivalents,Seasonally adjusted
2012.03,CC5,"Petroleum, chemical, polymer, and rubber product manufacturing",Emissions,Tonnes,495711.3,Carbon dioxide equivalents,Seasonally adjusted
2012.06,CC5,"Petroleum, chemical, polymer, and rubber product manufacturing",Emissions,Tonnes,525127.9,Carbon dioxide equivalents,Seasonally adjusted
2012.09,CC5,"Petroleum, chemical, polymer, and rubber product manufacturing",Emissions,Tonnes,658102.3,Carbon dioxide equivalents,Seasonally adjusted
2012.12,CC5,"Petroleum, chemical, polymer, and rubber product manufacturing",Emissions,Tonnes,696582.5,Carbon dioxide equivalents,Seasonally adjusted
2013.03,CC5,"Petroleum, chemical, polymer, and rubber product manufacturing",Emissions,Tonnes,589908,Carbon dioxide equivalents,Seasonally adjusted
2013.06,CC5,"Petroleum, chemical, polymer, and rubber product manufacturing",Emissions,Tonnes,708587.1,Carbon dioxide equivalents,Seasonally adjusted
2013.09,CC5,"Petroleum, chemical, polymer, and rubber product manufacturing",Emissions,Tonnes,700662.1,Carbon dioxide equivalents,Seasonally adjusted
2013.12,CC5,"Petroleum, chemical, polymer, and rubber product manufacturing",Emissions,Tonnes,677002.9,Carbon dioxide equivalents,Seasonally adjusted
2014.03,CC5,"Petroleum, chemical, polymer, and rubber product manufacturing",Emissions,Tonnes,748661.1,Carbon dioxide equivalents,Seasonally adjusted
2014.06,CC5,"Petroleum, chemical, polymer, and rubber product manufacturing",Emissions,Tonnes,845312.9,Carbon dioxide equivalents,Seasonally adjusted
2014.09,CC5,"Petroleum, chemical, polymer, and rubber product manufacturing",Emissions,Tonnes,892533.2,Carbon dioxide equivalents,Seasonally adjusted
2014.12,CC5,"Petroleum, chemical, polymer, and rubber product manufacturing",Emissions,Tonnes,872448.5,Carbon dioxide equivalents,Seasonally adjusted
2015.03,CC5,"Petroleum, chemical, polymer, and rubber product manufacturing",Emissions,Tonnes,787720.9,Carbon dioxide equivalents,Seasonally adjusted
2015.06,CC5,"Petroleum, chemical, polymer, and rubber product manufacturing",Emissions,Tonnes,800851.7,Carbon dioxide equivalents,Seasonally adjusted
2015.09,CC5,"Petroleum, chemical, polymer, and rubber product manufacturing",Emissions,Tonnes,820986.5,Carbon dioxide equivalents,Seasonally adjusted
2015.12,CC5,"Petroleum, chemical, polymer, and rubber product manufacturing",Emissions,Tonnes,732325.9,Carbon dioxide equivalents,Seasonally adjusted
2016.03,CC5,"Petroleum, chemical, polymer, and rubber product manufacturing",Emissions,Tonnes,764502.3,Carbon dioxide equivalents,Seasonally adjusted
2016.06,CC5,"Petroleum, chemical, polymer, and rubber product manufacturing",Emissions,Tonnes,834571.7,Carbon dioxide equivalents,Seasonally adjusted
2016.09,CC5,"Petroleum, chemical, polymer, and rubber product manufacturing",Emissions,Tonnes,822671.2,Carbon dioxide equivalents,Seasonally adjusted
2016.12,CC5,"Petroleum, chemical, polymer, and rubber product manufacturing",Emissions,Tonnes,782743.1,Carbon dioxide equivalents,Seasonally adjusted
2017.03,CC5,"Petroleum, chemical, polymer, and rubber product manufacturing",Emissions,Tonnes,741334,Carbon dioxide equivalents,Seasonally adjusted
2017.06,CC5,"Petroleum, chemical, polymer, and rubber product manufacturing",Emissions,Tonnes,643058.7,Carbon dioxide equivalents,Seasonally adjusted
2017.09,CC5,"Petroleum, chemical, polymer, and rubber product manufacturing",Emissions,Tonnes,780443.7,Carbon dioxide equivalents,Seasonally adjusted
2017.12,CC5,"Petroleum, chemical, polymer, and rubber product manufacturing",Emissions,Tonnes,783006.7,Carbon dioxide equivalents,Seasonally adjusted
2018.03,CC5,"Petroleum, chemical, polymer, and rubber product manufacturing",Emissions,Tonnes,708782.9,Carbon dioxide equivalents,Seasonally adjusted
2018.06,CC5,"Petroleum, chemical, polymer, and rubber product manufacturing",Emissions,Tonnes,491094,Carbon dioxide equivalents,Seasonally adjusted
2018.09,CC5,"Petroleum, chemical, polymer, and rubber product manufacturing",Emissions,Tonnes,776121,Carbon dioxide equivalents,Seasonally adjusted
2018.12,CC5,"Petroleum, chemical, polymer, and rubber product manufacturing",Emissions,Tonnes,636837,Carbon dioxide equivalents,Seasonally adjusted
2019.03,CC5,"Petroleum, chemical, polymer, and rubber product manufacturing",Emissions,Tonnes,662696,Carbon dioxide equivalents,Seasonally adjusted
2019.06,CC5,"Petroleum, chemical, polymer, and rubber product manufacturing",Emissions,Tonnes,695897.8,Carbon dioxide equivalents,Seasonally adjusted
2019.09,CC5,"Petroleum, chemical, polymer, and rubber product manufacturing",Emissions,Tonnes,732435.5,Carbon dioxide equivalents,Seasonally adjusted
2019.12,CC5,"Petroleum, chemical, polymer, and rubber product manufacturing",Emissions,Tonnes,766110.1,Carbon dioxide equivalents,Seasonally adjusted
2020.03,CC5,"Petroleum, chemical, polymer, and rubber product manufacturing",Emissions,Tonnes,701252.5,Carbon dioxide equivalents,Seasonally adjusted
2020.06,CC5,"Petroleum, chemical, polymer, and rubber product manufacturing",Emissions,Tonnes,611618.3,Carbon dioxide equivalents,Seasonally adjusted
2020.09,CC5,"Petroleum, chemical, polymer, and rubber product manufacturing",Emissions,Tonnes,542055.7,Carbon dioxide equivalents,Seasonally adjusted
2020.12,CC5,"Petroleum, chemical, polymer, and rubber product manufacturing",Emissions,Tonnes,672616.8,Carbon dioxide equivalents,Seasonally adjusted
2021.03,CC5,"Petroleum, chemical, polymer, and rubber product manufacturing",Emissions,Tonnes,546950.5,Carbon dioxide equivalents,Seasonally adjusted
2021.06,CC5,"Petroleum, chemical, polymer, and rubber product manufacturing",Emissions,Tonnes,527127.1,Carbon dioxide equivalents,Seasonally adjusted
2021.09,CC5,"Petroleum, chemical, polymer, and rubber product manufacturing",Emissions,Tonnes,487857.5,Carbon dioxide equivalents,Seasonally adjusted
2021.12,CC5,"Petroleum, chemical, polymer, and rubber product manufacturing",Emissions,Tonnes,620400.5,Carbon dioxide equivalents,Seasonally adjusted
2022.03,CC5,"Petroleum, chemical, polymer, and rubber product manufacturing",Emissions,Tonnes,604431.3,Carbon dioxide equivalents,Seasonally adjusted
2022.06,CC5,"Petroleum, chemical, polymer, and rubber product manufacturing",Emissions,Tonnes,303641.4,Carbon dioxide equivalents,Seasonally adjusted
2022.09,CC5,"Petroleum, chemical, polymer, and rubber product manufacturing",Emissions,Tonnes,279236.4,Carbon dioxide equivalents,Seasonally adjusted
2022.12,CC5,"Petroleum, chemical, polymer, and rubber product manufacturing",Emissions,Tonnes,412935.1,Carbon dioxide equivalents,Seasonally adjusted
2023.03,CC5,"Petroleum, chemical, polymer, and rubber product manufacturing",Emissions,Tonnes,409129.9,Carbon dioxide equivalents,Seasonally adjusted
2023.06,CC5,"Petroleum, chemical, polymer, and rubber product manufacturing",Emissions,Tonnes,412728.6,Carbon dioxide equivalents,Seasonally adjusted
2023.09,CC5,"Petroleum, chemical, polymer, and rubber product manufacturing",Emissions,Tonnes,279979.3,Carbon dioxide equivalents,Seasonally adjusted
2023.12,CC5,"Petroleum, chemical, polymer, and rubber product manufacturing",Emissions,Tonnes,380556.4,Carbon dioxide equivalents,Seasonally adjusted
2024.03,CC5,"Petroleum, chemical, polymer, and rubber product manufacturing",Emissions,Tonnes,289436.3,Carbon dioxide equivalents,Seasonally adjusted
2024.06,CC5,"Petroleum, chemical, polymer, and rubber product manufacturing",Emissions,Tonnes,230954.1,Carbon dioxide equivalents,Seasonally adjusted
2024.09,CC5,"Petroleum, chemical, polymer, and rubber product manufacturing",Emissions,Tonnes,134667.2,Carbon dioxide equivalents,Seasonally adjusted
2024.12,CC5,"Petroleum, chemical, polymer, and rubber product manufacturing",Emissions,Tonnes,198662.1,Carbon dioxide equivalents,Seasonally adjusted
2025.03,CC5,"Petroleum, chemical, polymer, and rubber product manufacturing",Emissions,Tonnes,207726.9,Carbon dioxide equivalents,Seasonally adjusted
2025.06,CC5,"Petroleum, chemical, polymer, and rubber product manufacturing",Emissions,Tonnes,121803.9,Carbon dioxide equivalents,Seasonally adjusted
2025.09,CC5,"Petroleum, chemical, polymer, and rubber product manufacturing",Emissions,Tonnes,192526.8,Carbon dioxide equivalents,Seasonally adjusted
2025.12,CC5,"Petroleum, chemical, polymer, and rubber product manufacturing",Emissions,Tonnes,213326.7,Carbon dioxide equivalents,Seasonally adjusted
2010.03,CCO,Other manufacturing nec,Emissions,Tonnes,182429.5,Carbon dioxide equivalents,Seasonally adjusted
2010.06,CCO,Other manufacturing nec,Emissions,Tonnes,192498.3,Carbon dioxide equivalents,Seasonally adjusted
2010.09,CCO,Other manufacturing nec,Emissions,Tonnes,176200.1,Carbon dioxide equivalents,Seasonally adjusted
2010.12,CCO,Other manufacturing nec,Emissions,Tonnes,174189,Carbon dioxide equivalents,Seasonally adjusted
2011.03,CCO,Other manufacturing nec,Emissions,Tonnes,173650.8,Carbon dioxide equivalents,Seasonally adjusted
2011.06,CCO,Other manufacturing nec,Emissions,Tonnes,143610.6,Carbon dioxide equivalents,Seasonally adjusted
2011.09,CCO,Other manufacturing nec,Emissions,Tonnes,143636.5,Carbon dioxide equivalents,Seasonally adjusted
2011.12,CCO,Other manufacturing nec,Emissions,Tonnes,128125.4,Carbon dioxide equivalents,Seasonally adjusted
2012.03,CCO,Other manufacturing nec,Emissions,Tonnes,126731.1,Carbon dioxide equivalents,Seasonally adjusted
2012.06,CCO,Other manufacturing nec,Emissions,Tonnes,129355,Carbon dioxide equivalents,Seasonally adjusted
2012.09,CCO,Other manufacturing nec,Emissions,Tonnes,129006.8,Carbon dioxide equivalents,Seasonally adjusted
2012.12,CCO,Other manufacturing nec,Emissions,Tonnes,133463.3,Carbon dioxide equivalents,Seasonally adjusted
2013.03,CCO,Other manufacturing nec,Emissions,Tonnes,147363,Carbon dioxide equivalents,Seasonally adjusted
2013.06,CCO,Other manufacturing nec,Emissions,Tonnes,169263.7,Carbon dioxide equivalents,Seasonally adjusted
2013.09,CCO,Other manufacturing nec,Emissions,Tonnes,162366.4,Carbon dioxide equivalents,Seasonally adjusted
2013.12,CCO,Other manufacturing nec,Emissions,Tonnes,175556.3,Carbon dioxide equivalents,Seasonally adjusted
2014.03,CCO,Other manufacturing nec,Emissions,Tonnes,163205.1,Carbon dioxide equivalents,Seasonally adjusted
2014.06,CCO,Other manufacturing nec,Emissions,Tonnes,157315.9,Carbon dioxide equivalents,Seasonally adjusted
2014.09,CCO,Other manufacturing nec,Emissions,Tonnes,163788.6,Carbon dioxide equivalents,Seasonally adjusted
2014.12,CCO,Other manufacturing nec,Emissions,Tonnes,144672,Carbon dioxide equivalents,Seasonally adjusted
2015.03,CCO,Other manufacturing nec,Emissions,Tonnes,127028.2,Carbon dioxide equivalents,Seasonally adjusted
2015.06,CCO,Other manufacturing nec,Emissions,Tonnes,117692.4,Carbon dioxide equivalents,Seasonally adjusted
2015.09,CCO,Other manufacturing nec,Emissions,Tonnes,115805.5,Carbon dioxide equivalents,Seasonally adjusted
2015.12,CCO,Other manufacturing nec,Emissions,Tonnes,112668.3,Carbon dioxide equivalents,Seasonally adjusted
2016.03,CCO,Other manufacturing nec,Emissions,Tonnes,124226.8,Carbon dioxide equivalents,Seasonally adjusted
2016.06,CCO,Other manufacturing nec,Emissions,Tonnes,133197.9,Carbon dioxide equivalents,Seasonally adjusted
2016.09,CCO,Other manufacturing nec,Emissions,Tonnes,140212.5,Carbon dioxide equivalents,Seasonally adjusted
2016.12,CCO,Other manufacturing nec,Emissions,Tonnes,143723.7,Carbon dioxide equivalents,Seasonally adjusted
2017.03,CCO,Other manufacturing nec,Emissions,Tonnes,161680.8,Carbon dioxide equivalents,Seasonally adjusted
2017.06,CCO,Other manufacturing nec,Emissions,Tonnes,134608.2,Carbon dioxide equivalents,Seasonally adjusted
2017.09,CCO,Other manufacturing nec,Emissions,Tonnes,137994.9,Carbon dioxide equivalents,Seasonally adjusted
2017.12,CCO,Other manufacturing nec,Emissions,Tonnes,153258.5,Carbon dioxide equivalents,Seasonally adjusted
2018.03,CCO,Other manufacturing nec,Emissions,Tonnes,152530.1,Carbon dioxide equivalents,Seasonally adjusted
2018.06,CCO,Other manufacturing nec,Emissions,Tonnes,168972.7,Carbon dioxide equivalents,Seasonally adjusted
2018.09,CCO,Other manufacturing nec,Emissions,Tonnes,152330.8,Carbon dioxide equivalents,Seasonally adjusted
2018.12,CCO,Other manufacturing nec,Emissions,Tonnes,141650.5,Carbon dioxide equivalents,Seasonally adjusted
2019.03,CCO,Other manufacturing nec,Emissions,Tonnes,133214.6,Carbon dioxide equivalents,Seasonally adjusted
2019.06,CCO,Other manufacturing nec,Emissions,Tonnes,133271.6,Carbon dioxide equivalents,Seasonally adjusted
2019.09,CCO,Other manufacturing nec,Emissions,Tonnes,133479.2,Carbon dioxide equivalents,Seasonally adjusted
2019.12,CCO,Other manufacturing nec,Emissions,Tonnes,130709.8,Carbon dioxide equivalents,Seasonally adjusted
2020.03,CCO,Other manufacturing nec,Emissions,Tonnes,120847.8,Carbon dioxide equivalents,Seasonally adjusted
2020.06,CCO,Other manufacturing nec,Emissions,Tonnes,112321,Carbon dioxide equivalents,Seasonally adjusted
2020.09,CCO,Other manufacturing nec,Emissions,Tonnes,145320.2,Carbon dioxide equivalents,Seasonally adjusted
2020.12,CCO,Other manufacturing nec,Emissions,Tonnes,138972.4,Carbon dioxide equivalents,Seasonally adjusted
2021.03,CCO,Other manufacturing nec,Emissions,Tonnes,162450.6,Carbon dioxide equivalents,Seasonally adjusted
2021.06,CCO,Other manufacturing nec,Emissions,Tonnes,159289.8,Carbon dioxide equivalents,Seasonally adjusted
2021.09,CCO,Other manufacturing nec,Emissions,Tonnes,137211.3,Carbon dioxide equivalents,Seasonally adjusted
2021.12,CCO,Other manufacturing nec,Emissions,Tonnes,159040.6,Carbon dioxide equivalents,Seasonally adjusted
2022.03,CCO,Other manufacturing nec,Emissions,Tonnes,150095.4,Carbon dioxide equivalents,Seasonally adjusted
2022.06,CCO,Other manufacturing nec,Emissions,Tonnes,145607.4,Carbon dioxide equivalents,Seasonally adjusted
2022.09,CCO,Other manufacturing nec,Emissions,Tonnes,140586.4,Carbon dioxide equivalents,Seasonally adjusted
2022.12,CCO,Other manufacturing nec,Emissions,Tonnes,136455.8,Carbon dioxide equivalents,Seasonally adjusted
2023.03,CCO,Other manufacturing nec,Emissions,Tonnes,141949.1,Carbon dioxide equivalents,Seasonally adjusted
2023.06,CCO,Other manufacturing nec,Emissions,Tonnes,148217.6,Carbon dioxide equivalents,Seasonally adjusted
2023.09,CCO,Other manufacturing nec,Emissions,Tonnes,148190.3,Carbon dioxide equivalents,Seasonally adjusted
2023.12,CCO,Other manufacturing nec,Emissions,Tonnes,140302.8,Carbon dioxide equivalents,Seasonally adjusted
2024.03,CCO,Other manufacturing nec,Emissions,Tonnes,134426.4,Carbon dioxide equivalents,Seasonally adjusted
2024.06,CCO,Other manufacturing nec,Emissions,Tonnes,140780.9,Carbon dioxide equivalents,Seasonally adjusted
2024.09,CCO,Other manufacturing nec,Emissions,Tonnes,138619,Carbon dioxide equivalents,Seasonally adjusted
2024.12,CCO,Other manufacturing nec,Emissions,Tonnes,140968.8,Carbon dioxide equivalents,Seasonally adjusted
2025.03,CCO,Other manufacturing nec,Emissions,Tonnes,140858.7,Carbon dioxide equivalents,Seasonally adjusted
2025.06,CCO,Other manufacturing nec,Emissions,Tonnes,138430.3,Carbon dioxide equivalents,Seasonally adjusted
2025.09,CCO,Other manufacturing nec,Emissions,Tonnes,145870.8,Carbon dioxide equivalents,Seasonally adjusted
2025.12,CCO,Other manufacturing nec,Emissions,Tonnes,135783.6,Carbon dioxide equivalents,Seasonally adjusted
2010.03,CCZ,Manufacturing,Emissions,Tonnes,2511090,Carbon dioxide equivalents,Seasonally adjusted
2010.06,CCZ,Manufacturing,Emissions,Tonnes,2660727.9,Carbon dioxide equivalents,Seasonally adjusted
2010.09,CCZ,Manufacturing,Emissions,Tonnes,2506038.3,Carbon dioxide equivalents,Seasonally adjusted
2010.12,CCZ,Manufacturing,Emissions,Tonnes,2428410.1,Carbon dioxide equivalents,Seasonally adjusted
2011.03,CCZ,Manufacturing,Emissions,Tonnes,2520159.4,Carbon dioxide equivalents,Seasonally adjusted
2011.06,CCZ,Manufacturing,Emissions,Tonnes,2432968.3,Carbon dioxide equivalents,Seasonally adjusted
2011.09,CCZ,Manufacturing,Emissions,Tonnes,2422333,Carbon dioxide equivalents,Seasonally adjusted
2011.12,CCZ,Manufacturing,Emissions,Tonnes,2451882.4,Carbon dioxide equivalents,Seasonally adjusted
2012.03,CCZ,Manufacturing,Emissions,Tonnes,2463598.4,Carbon dioxide equivalents,Seasonally adjusted
2012.06,CCZ,Manufacturing,Emissions,Tonnes,2530186.8,Carbon dioxide equivalents,Seasonally adjusted
2012.09,CCZ,Manufacturing,Emissions,Tonnes,2594015.8,Carbon dioxide equivalents,Seasonally adjusted
2012.12,CCZ,Manufacturing,Emissions,Tonnes,2606583.7,Carbon dioxide equivalents,Seasonally adjusted
2013.03,CCZ,Manufacturing,Emissions,Tonnes,2547733.9,Carbon dioxide equivalents,Seasonally adjusted
2013.06,CCZ,Manufacturing,Emissions,Tonnes,2843945.4,Carbon dioxide equivalents,Seasonally adjusted
2013.09,CCZ,Manufacturing,Emissions,Tonnes,2755058.2,Carbon dioxide equivalents,Seasonally adjusted
2013.12,CCZ,Manufacturing,Emissions,Tonnes,2724661,Carbon dioxide equivalents,Seasonally adjusted
2014.03,CCZ,Manufacturing,Emissions,Tonnes,2766703.6,Carbon dioxide equivalents,Seasonally adjusted
2014.06,CCZ,Manufacturing,Emissions,Tonnes,2919464,Carbon dioxide equivalents,Seasonally adjusted
2014.09,CCZ,Manufacturing,Emissions,Tonnes,3021876.4,Carbon dioxide equivalents,Seasonally adjusted
2014.12,CCZ,Manufacturing,Emissions,Tonnes,3116303.9,Carbon dioxide equivalents,Seasonally adjusted
2015.03,CCZ,Manufacturing,Emissions,Tonnes,3024954.6,Carbon dioxide equivalents,Seasonally adjusted
2015.06,CCZ,Manufacturing,Emissions,Tonnes,2955120.6,Carbon dioxide equivalents,Seasonally adjusted
2015.09,CCZ,Manufacturing,Emissions,Tonnes,2922851.4,Carbon dioxide equivalents,Seasonally adjusted
2015.12,CCZ,Manufacturing,Emissions,Tonnes,2922677,Carbon dioxide equivalents,Seasonally adjusted
2016.03,CCZ,Manufacturing,Emissions,Tonnes,2955523.2,Carbon dioxide equivalents,Seasonally adjusted
2016.06,CCZ,Manufacturing,Emissions,Tonnes,2908170.5,Carbon dioxide equivalents,Seasonally adjusted
2016.09,CCZ,Manufacturing,Emissions,Tonnes,2935901.6,Carbon dioxide equivalents,Seasonally adjusted
2016.12,CCZ,Manufacturing,Emissions,Tonnes,2585186.9,Carbon dioxide equivalents,Seasonally adjusted
2017.03,CCZ,Manufacturing,Emissions,Tonnes,2918876.7,Carbon dioxide equivalents,Seasonally adjusted
2017.06,CCZ,Manufacturing,Emissions,Tonnes,2758077.1,Carbon dioxide equivalents,Seasonally adjusted
2017.09,CCZ,Manufacturing,Emissions,Tonnes,2788239.6,Carbon dioxide equivalents,Seasonally adjusted
2017.12,CCZ,Manufacturing,Emissions,Tonnes,2862799.3,Carbon dioxide equivalents,Seasonally adjusted
2018.03,CCZ,Manufacturing,Emissions,Tonnes,2700760.6,Carbon dioxide equivalents,Seasonally adjusted
2018.06,CCZ,Manufacturing,Emissions,Tonnes,2804609.9,Carbon dioxide equivalents,Seasonally adjusted
2018.09,CCZ,Manufacturing,Emissions,Tonnes,2924301.1,Carbon dioxide equivalents,Seasonally adjusted
2018.12,CCZ,Manufacturing,Emissions,Tonnes,2789225.2,Carbon dioxide equivalents,Seasonally adjusted
2019.03,CCZ,Manufacturing,Emissions,Tonnes,2936304.3,Carbon dioxide equivalents,Seasonally adjusted
2019.06,CCZ,Manufacturing,Emissions,Tonnes,2860059.7,Carbon dioxide equivalents,Seasonally adjusted
2019.09,CCZ,Manufacturing,Emissions,Tonnes,2830876.4,Carbon dioxide equivalents,Seasonally adjusted
2019.12,CCZ,Manufacturing,Emissions,Tonnes,2869346,Carbon dioxide equivalents,Seasonally adjusted
2020.03,CCZ,Manufacturing,Emissions,Tonnes,2588565.4,Carbon dioxide equivalents,Seasonally adjusted
2020.06,CCZ,Manufacturing,Emissions,Tonnes,2547678.7,Carbon dioxide equivalents,Seasonally adjusted
2020.09,CCZ,Manufacturing,Emissions,Tonnes,2592085.3,Carbon dioxide equivalents,Seasonally adjusted
2020.12,CCZ,Manufacturing,Emissions,Tonnes,2626853.2,Carbon dioxide equivalents,Seasonally adjusted
2021.03,CCZ,Manufacturing,Emissions,Tonnes,2584366.4,Carbon dioxide equivalents,Seasonally adjusted
2021.06,CCZ,Manufacturing,Emissions,Tonnes,2574964.2,Carbon dioxide equivalents,Seasonally adjusted
2021.09,CCZ,Manufacturing,Emissions,Tonnes,2484439.9,Carbon dioxide equivalents,Seasonally adjusted
2021.12,CCZ,Manufacturing,Emissions,Tonnes,2594359.6,Carbon dioxide equivalents,Seasonally adjusted
2022.03,CCZ,Manufacturing,Emissions,Tonnes,2629298.2,Carbon dioxide equivalents,Seasonally adjusted
2022.06,CCZ,Manufacturing,Emissions,Tonnes,2416179.2,Carbon dioxide equivalents,Seasonally adjusted
2022.09,CCZ,Manufacturing,Emissions,Tonnes,2264345.5,Carbon dioxide equivalents,Seasonally adjusted
2022.12,CCZ,Manufacturing,Emissions,Tonnes,2097246.3,Carbon dioxide equivalents,Seasonally adjusted
2023.03,CCZ,Manufacturing,Emissions,Tonnes,2201412.9,Carbon dioxide equivalents,Seasonally adjusted
2023.06,CCZ,Manufacturing,Emissions,Tonnes,2359737.6,Carbon dioxide equivalents,Seasonally adjusted
2023.09,CCZ,Manufacturing,Emissions,Tonnes,2322100.5,Carbon dioxide equivalents,Seasonally adjusted
2023.12,CCZ,Manufacturing,Emissions,Tonnes,2221395.9,Carbon dioxide equivalents,Seasonally adjusted
2024.03,CCZ,Manufacturing,Emissions,Tonnes,2143011.7,Carbon dioxide equivalents,Seasonally adjusted
2024.06,CCZ,Manufacturing,Emissions,Tonnes,2032083.1,Carbon dioxide equivalents,Seasonally adjusted
2024.09,CCZ,Manufacturing,Emissions,Tonnes,1862975.2,Carbon dioxide equivalents,Seasonally adjusted
2024.12,CCZ,Manufacturing,Emissions,Tonnes,2003612.4,Carbon dioxide equivalents,Seasonally adjusted
2025.03,CCZ,Manufacturing,Emissions,Tonnes,1903027.8,Carbon dioxide equivalents,Seasonally adjusted
2025.06,CCZ,Manufacturing,Emissions,Tonnes,1859417.5,Carbon dioxide equivalents,Seasonally adjusted
2025.09,CCZ,Manufacturing,Emissions,Tonnes,2011806,Carbon dioxide equivalents,Seasonally adjusted
2025.12,CCZ,Manufacturing,Emissions,Tonnes,1854380.5,Carbon dioxide equivalents,Seasonally adjusted
2010.03,DD1,"Electricity, gas, water, and waste services",Emissions,Tonnes,2304172.7,Carbon dioxide equivalents,Seasonally adjusted
2010.06,DD1,"Electricity, gas, water, and waste services",Emissions,Tonnes,2340056.6,Carbon dioxide equivalents,Seasonally adjusted
2010.09,DD1,"Electricity, gas, water, and waste services",Emissions,Tonnes,2339504.3,Carbon dioxide equivalents,Seasonally adjusted
2010.12,DD1,"Electricity, gas, water, and waste services",Emissions,Tonnes,2220159.5,Carbon dioxide equivalents,Seasonally adjusted
2011.03,DD1,"Electricity, gas, water, and waste services",Emissions,Tonnes,1951069.3,Carbon dioxide equivalents,Seasonally adjusted
2011.06,DD1,"Electricity, gas, water, and waste services",Emissions,Tonnes,1970105.7,Carbon dioxide equivalents,Seasonally adjusted
2011.09,DD1,"Electricity, gas, water, and waste services",Emissions,Tonnes,2584394.9,Carbon dioxide equivalents,Seasonally adjusted
2011.12,DD1,"Electricity, gas, water, and waste services",Emissions,Tonnes,2189831.2,Carbon dioxide equivalents,Seasonally adjusted
2012.03,DD1,"Electricity, gas, water, and waste services",Emissions,Tonnes,2356374.3,Carbon dioxide equivalents,Seasonally adjusted
2012.06,DD1,"Electricity, gas, water, and waste services",Emissions,Tonnes,3159838.5,Carbon dioxide equivalents,Seasonally adjusted
2012.09,DD1,"Electricity, gas, water, and waste services",Emissions,Tonnes,2569310,Carbon dioxide equivalents,Seasonally adjusted
2012.12,DD1,"Electricity, gas, water, and waste services",Emissions,Tonnes,1994120.5,Carbon dioxide equivalents,Seasonally adjusted
2013.03,DD1,"Electricity, gas, water, and waste services",Emissions,Tonnes,2261906.9,Carbon dioxide equivalents,Seasonally adjusted
2013.06,DD1,"Electricity, gas, water, and waste services",Emissions,Tonnes,2707027.6,Carbon dioxide equivalents,Seasonally adjusted
2013.09,DD1,"Electricity, gas, water, and waste services",Emissions,Tonnes,2212360.9,Carbon dioxide equivalents,Seasonally adjusted
2013.12,DD1,"Electricity, gas, water, and waste services",Emissions,Tonnes,1611851.8,Carbon dioxide equivalents,Seasonally adjusted
2014.03,DD1,"Electricity, gas, water, and waste services",Emissions,Tonnes,1887211.3,Carbon dioxide equivalents,Seasonally adjusted
2014.06,DD1,"Electricity, gas, water, and waste services",Emissions,Tonnes,2022605.5,Carbon dioxide equivalents,Seasonally adjusted
2014.09,DD1,"Electricity, gas, water, and waste services",Emissions,Tonnes,1930858.1,Carbon dioxide equivalents,Seasonally adjusted
2014.12,DD1,"Electricity, gas, water, and waste services",Emissions,Tonnes,2019501.1,Carbon dioxide equivalents,Seasonally adjusted
2015.03,DD1,"Electricity, gas, water, and waste services",Emissions,Tonnes,2196259.4,Carbon dioxide equivalents,Seasonally adjusted
2015.06,DD1,"Electricity, gas, water, and waste services",Emissions,Tonnes,1811852.1,Carbon dioxide equivalents,Seasonally adjusted
2015.09,DD1,"Electricity, gas, water, and waste services",Emissions,Tonnes,1895289.2,Carbon dioxide equivalents,Seasonally adjusted
2015.12,DD1,"Electricity, gas, water, and waste services",Emissions,Tonnes,1858343.8,Carbon dioxide equivalents,Seasonally adjusted
2016.03,DD1,"Electricity, gas, water, and waste services",Emissions,Tonnes,1813327.2,Carbon dioxide equivalents,Seasonally adjusted
2016.06,DD1,"Electricity, gas, water, and waste services",Emissions,Tonnes,1759990.6,Carbon dioxide equivalents,Seasonally adjusted
2016.09,DD1,"Electricity, gas, water, and waste services",Emissions,Tonnes,1590826.1,Carbon dioxide equivalents,Seasonally adjusted
2016.12,DD1,"Electricity, gas, water, and waste services",Emissions,Tonnes,1426260.2,Carbon dioxide equivalents,Seasonally adjusted
2017.03,DD1,"Electricity, gas, water, and waste services",Emissions,Tonnes,1443629.8,Carbon dioxide equivalents,Seasonally adjusted
2017.06,DD1,"Electricity, gas, water, and waste services",Emissions,Tonnes,1910311.8,Carbon dioxide equivalents,Seasonally adjusted
2017.09,DD1,"Electricity, gas, water, and waste services",Emissions,Tonnes,1973624.1,Carbon dioxide equivalents,Seasonally adjusted
2017.12,DD1,"Electricity, gas, water, and waste services",Emissions,Tonnes,1874190.4,Carbon dioxide equivalents,Seasonally adjusted
2018.03,DD1,"Electricity, gas, water, and waste services",Emissions,Tonnes,1823479.1,Carbon dioxide equivalents,Seasonally adjusted
2018.06,DD1,"Electricity, gas, water, and waste services",Emissions,Tonnes,1683369.2,Carbon dioxide equivalents,Seasonally adjusted
2018.09,DD1,"Electricity, gas, water, and waste services",Emissions,Tonnes,1738992.8,Carbon dioxide equivalents,Seasonally adjusted
2018.12,DD1,"Electricity, gas, water, and waste services",Emissions,Tonnes,1968318.6,Carbon dioxide equivalents,Seasonally adjusted
2019.03,DD1,"Electricity, gas, water, and waste services",Emissions,Tonnes,2043643.7,Carbon dioxide equivalents,Seasonally adjusted
2019.06,DD1,"Electricity, gas, water, and waste services",Emissions,Tonnes,1804769.4,Carbon dioxide equivalents,Seasonally adjusted
2019.09,DD1,"Electricity, gas, water, and waste services",Emissions,Tonnes,2011413.5,Carbon dioxide equivalents,Seasonally adjusted
2019.12,DD1,"Electricity, gas, water, and waste services",Emissions,Tonnes,1703335.7,Carbon dioxide equivalents,Seasonally adjusted
2020.03,DD1,"Electricity, gas, water, and waste services",Emissions,Tonnes,1916752.1,Carbon dioxide equivalents,Seasonally adjusted
2020.06,DD1,"Electricity, gas, water, and waste services",Emissions,Tonnes,1882553.7,Carbon dioxide equivalents,Seasonally adjusted
2020.09,DD1,"Electricity, gas, water, and waste services",Emissions,Tonnes,2401505.6,Carbon dioxide equivalents,Seasonally adjusted
2020.12,DD1,"Electricity, gas, water, and waste services",Emissions,Tonnes,1833976.9,Carbon dioxide equivalents,Seasonally adjusted
2021.03,DD1,"Electricity, gas, water, and waste services",Emissions,Tonnes,2316497,Carbon dioxide equivalents,Seasonally adjusted
2021.06,DD1,"Electricity, gas, water, and waste services",Emissions,Tonnes,2722620.3,Carbon dioxide equivalents,Seasonally adjusted
2021.09,DD1,"Electricity, gas, water, and waste services",Emissions,Tonnes,1951119.9,Carbon dioxide equivalents,Seasonally adjusted
2021.12,DD1,"Electricity, gas, water, and waste services",Emissions,Tonnes,1378740.4,Carbon dioxide equivalents,Seasonally adjusted
2022.03,DD1,"Electricity, gas, water, and waste services",Emissions,Tonnes,1897667.9,Carbon dioxide equivalents,Seasonally adjusted
2022.06,DD1,"Electricity, gas, water, and waste services",Emissions,Tonnes,2042112.6,Carbon dioxide equivalents,Seasonally adjusted
2022.09,DD1,"Electricity, gas, water, and waste services",Emissions,Tonnes,1489425.5,Carbon dioxide equivalents,Seasonally adjusted
2022.12,DD1,"Electricity, gas, water, and waste services",Emissions,Tonnes,1159850.9,Carbon dioxide equivalents,Seasonally adjusted
2023.03,DD1,"Electricity, gas, water, and waste services",Emissions,Tonnes,1478248.9,Carbon dioxide equivalents,Seasonally adjusted
2023.06,DD1,"Electricity, gas, water, and waste services",Emissions,Tonnes,1267258.5,Carbon dioxide equivalents,Seasonally adjusted
2023.09,DD1,"Electricity, gas, water, and waste services",Emissions,Tonnes,1839178.8,Carbon dioxide equivalents,Seasonally adjusted
2023.12,DD1,"Electricity, gas, water, and waste services",Emissions,Tonnes,1441036.2,Carbon dioxide equivalents,Seasonally adjusted
2024.03,DD1,"Electricity, gas, water, and waste services",Emissions,Tonnes,1570718.8,Carbon dioxide equivalents,Seasonally adjusted
2024.06,DD1,"Electricity, gas, water, and waste services",Emissions,Tonnes,2130979.8,Carbon dioxide equivalents,Seasonally adjusted
2024.09,DD1,"Electricity, gas, water, and waste services",Emissions,Tonnes,2119079.8,Carbon dioxide equivalents,Seasonally adjusted
2024.12,DD1,"Electricity, gas, water, and waste services",Emissions,Tonnes,1043606.1,Carbon dioxide equivalents,Seasonally adjusted
2025.03,DD1,"Electricity, gas, water, and waste services",Emissions,Tonnes,1775831.8,Carbon dioxide equivalents,Seasonally adjusted
2025.06,DD1,"Electricity, gas, water, and waste services",Emissions,Tonnes,1792367.4,Carbon dioxide equivalents,Seasonally adjusted
2025.09,DD1,"Electricity, gas, water, and waste services",Emissions,Tonnes,1409659.5,Carbon dioxide equivalents,Seasonally adjusted
2025.12,DD1,"Electricity, gas, water, and waste services",Emissions,Tonnes,918459.2,Carbon dioxide equivalents,Seasonally adjusted
2010.03,EE1,Construction,Emissions,Tonnes,250004.4,Carbon dioxide equivalents,Seasonally adjusted
2010.06,EE1,Construction,Emissions,Tonnes,298436.8,Carbon dioxide equivalents,Seasonally adjusted
2010.09,EE1,Construction,Emissions,Tonnes,279353.5,Carbon dioxide equivalents,Seasonally adjusted
2010.12,EE1,Construction,Emissions,Tonnes,293185.6,Carbon dioxide equivalents,Seasonally adjusted
2011.03,EE1,Construction,Emissions,Tonnes,279361.1,Carbon dioxide equivalents,Seasonally adjusted
2011.06,EE1,Construction,Emissions,Tonnes,305719,Carbon dioxide equivalents,Seasonally adjusted
2011.09,EE1,Construction,Emissions,Tonnes,292413.6,Carbon dioxide equivalents,Seasonally adjusted
2011.12,EE1,Construction,Emissions,Tonnes,294045,Carbon dioxide equivalents,Seasonally adjusted
2012.03,EE1,Construction,Emissions,Tonnes,276591.4,Carbon dioxide equivalents,Seasonally adjusted
2012.06,EE1,Construction,Emissions,Tonnes,309018.1,Carbon dioxide equivalents,Seasonally adjusted
2012.09,EE1,Construction,Emissions,Tonnes,305140.1,Carbon dioxide equivalents,Seasonally adjusted
2012.12,EE1,Construction,Emissions,Tonnes,306728.1,Carbon dioxide equivalents,Seasonally adjusted
2013.03,EE1,Construction,Emissions,Tonnes,286743,Carbon dioxide equivalents,Seasonally adjusted
2013.06,EE1,Construction,Emissions,Tonnes,319987,Carbon dioxide equivalents,Seasonally adjusted
2013.09,EE1,Construction,Emissions,Tonnes,298951.7,Carbon dioxide equivalents,Seasonally adjusted
2013.12,EE1,Construction,Emissions,Tonnes,300609,Carbon dioxide equivalents,Seasonally adjusted
2014.03,EE1,Construction,Emissions,Tonnes,289729.4,Carbon dioxide equivalents,Seasonally adjusted
2014.06,EE1,Construction,Emissions,Tonnes,323852.7,Carbon dioxide equivalents,Seasonally adjusted
2014.09,EE1,Construction,Emissions,Tonnes,343631.6,Carbon dioxide equivalents,Seasonally adjusted
2014.12,EE1,Construction,Emissions,Tonnes,294279.3,Carbon dioxide equivalents,Seasonally adjusted
2015.03,EE1,Construction,Emissions,Tonnes,302248.8,Carbon dioxide equivalents,Seasonally adjusted
2015.06,EE1,Construction,Emissions,Tonnes,336967.6,Carbon dioxide equivalents,Seasonally adjusted
2015.09,EE1,Construction,Emissions,Tonnes,314707.9,Carbon dioxide equivalents,Seasonally adjusted
2015.12,EE1,Construction,Emissions,Tonnes,312237.9,Carbon dioxide equivalents,Seasonally adjusted
2016.03,EE1,Construction,Emissions,Tonnes,307702.1,Carbon dioxide equivalents,Seasonally adjusted
2016.06,EE1,Construction,Emissions,Tonnes,352081.7,Carbon dioxide equivalents,Seasonally adjusted
2016.09,EE1,Construction,Emissions,Tonnes,340260,Carbon dioxide equivalents,Seasonally adjusted
2016.12,EE1,Construction,Emissions,Tonnes,354075.9,Carbon dioxide equivalents,Seasonally adjusted
2017.03,EE1,Construction,Emissions,Tonnes,360838.8,Carbon dioxide equivalents,Seasonally adjusted
2017.06,EE1,Construction,Emissions,Tonnes,399285.5,Carbon dioxide equivalents,Seasonally adjusted
2017.09,EE1,Construction,Emissions,Tonnes,422668.9,Carbon dioxide equivalents,Seasonally adjusted
2017.12,EE1,Construction,Emissions,Tonnes,444983.4,Carbon dioxide equivalents,Seasonally adjusted
2018.03,EE1,Construction,Emissions,Tonnes,428836.9,Carbon dioxide equivalents,Seasonally adjusted
2018.06,EE1,Construction,Emissions,Tonnes,483691.5,Carbon dioxide equivalents,Seasonally adjusted
2018.09,EE1,Construction,Emissions,Tonnes,462740.8,Carbon dioxide equivalents,Seasonally adjusted
2018.12,EE1,Construction,Emissions,Tonnes,471751.1,Carbon dioxide equivalents,Seasonally adjusted
2019.03,EE1,Construction,Emissions,Tonnes,434289.4,Carbon dioxide equivalents,Seasonally adjusted
2019.06,EE1,Construction,Emissions,Tonnes,449886.3,Carbon dioxide equivalents,Seasonally adjusted
2019.09,EE1,Construction,Emissions,Tonnes,439034.7,Carbon dioxide equivalents,Seasonally adjusted
2019.12,EE1,Construction,Emissions,Tonnes,439330.6,Carbon dioxide equivalents,Seasonally adjusted
2020.03,EE1,Construction,Emissions,Tonnes,393584.8,Carbon dioxide equivalents,Seasonally adjusted
2020.06,EE1,Construction,Emissions,Tonnes,324162,Carbon dioxide equivalents,Seasonally adjusted
2020.09,EE1,Construction,Emissions,Tonnes,467670.5,Carbon dioxide equivalents,Seasonally adjusted
2020.12,EE1,Construction,Emissions,Tonnes,467531.8,Carbon dioxide equivalents,Seasonally adjusted
2021.03,EE1,Construction,Emissions,Tonnes,474646.3,Carbon dioxide equivalents,Seasonally adjusted
2021.06,EE1,Construction,Emissions,Tonnes,497091.6,Carbon dioxide equivalents,Seasonally adjusted
2021.09,EE1,Construction,Emissions,Tonnes,449459.5,Carbon dioxide equivalents,Seasonally adjusted
2021.12,EE1,Construction,Emissions,Tonnes,505385.8,Carbon dioxide equivalents,Seasonally adjusted
2022.03,EE1,Construction,Emissions,Tonnes,491182.1,Carbon dioxide equivalents,Seasonally adjusted
2022.06,EE1,Construction,Emissions,Tonnes,498631.8,Carbon dioxide equivalents,Seasonally adjusted
2022.09,EE1,Construction,Emissions,Tonnes,530988.5,Carbon dioxide equivalents,Seasonally adjusted
2022.12,EE1,Construction,Emissions,Tonnes,506062.9,Carbon dioxide equivalents,Seasonally adjusted
2023.03,EE1,Construction,Emissions,Tonnes,479099.8,Carbon dioxide equivalents,Seasonally adjusted
2023.06,EE1,Construction,Emissions,Tonnes,510683,Carbon dioxide equivalents,Seasonally adjusted
2023.09,EE1,Construction,Emissions,Tonnes,508492,Carbon dioxide equivalents,Seasonally adjusted
2023.12,EE1,Construction,Emissions,Tonnes,513960.4,Carbon dioxide equivalents,Seasonally adjusted
2024.03,EE1,Construction,Emissions,Tonnes,472287.2,Carbon dioxide equivalents,Seasonally adjusted
2024.06,EE1,Construction,Emissions,Tonnes,504166.6,Carbon dioxide equivalents,Seasonally adjusted
2024.09,EE1,Construction,Emissions,Tonnes,502871.1,Carbon dioxide equivalents,Seasonally adjusted
2024.12,EE1,Construction,Emissions,Tonnes,482666.9,Carbon dioxide equivalents,Seasonally adjusted
2025.03,EE1,Construction,Emissions,Tonnes,461145.4,Carbon dioxide equivalents,Seasonally adjusted
2025.06,EE1,Construction,Emissions,Tonnes,477369.7,Carbon dioxide equivalents,Seasonally adjusted
2025.09,EE1,Construction,Emissions,Tonnes,490568.1,Carbon dioxide equivalents,Seasonally adjusted
2025.12,EE1,Construction,Emissions,Tonnes,467768.8,Carbon dioxide equivalents,Seasonally adjusted
2010.03,II1,"Transport, postal, and warehousing",Emissions,Tonnes,1451364,Carbon dioxide equivalents,Seasonally adjusted
2010.06,II1,"Transport, postal, and warehousing",Emissions,Tonnes,1481035.6,Carbon dioxide equivalents,Seasonally adjusted
2010.09,II1,"Transport, postal, and warehousing",Emissions,Tonnes,1560328.7,Carbon dioxide equivalents,Seasonally adjusted
2010.12,II1,"Transport, postal, and warehousing",Emissions,Tonnes,1525228.6,Carbon dioxide equivalents,Seasonally adjusted
2011.03,II1,"Transport, postal, and warehousing",Emissions,Tonnes,1526359.4,Carbon dioxide equivalents,Seasonally adjusted
2011.06,II1,"Transport, postal, and warehousing",Emissions,Tonnes,1476666.2,Carbon dioxide equivalents,Seasonally adjusted
2011.09,II1,"Transport, postal, and warehousing",Emissions,Tonnes,1507080.3,Carbon dioxide equivalents,Seasonally adjusted
2011.12,II1,"Transport, postal, and warehousing",Emissions,Tonnes,1526057.2,Carbon dioxide equivalents,Seasonally adjusted
2012.03,II1,"Transport, postal, and warehousing",Emissions,Tonnes,1504786.3,Carbon dioxide equivalents,Seasonally adjusted
2012.06,II1,"Transport, postal, and warehousing",Emissions,Tonnes,1495438.7,Carbon dioxide equivalents,Seasonally adjusted
2012.09,II1,"Transport, postal, and warehousing",Emissions,Tonnes,1455425.9,Carbon dioxide equivalents,Seasonally adjusted
2012.12,II1,"Transport, postal, and warehousing",Emissions,Tonnes,1484741.8,Carbon dioxide equivalents,Seasonally adjusted
2013.03,II1,"Transport, postal, and warehousing",Emissions,Tonnes,1481895.9,Carbon dioxide equivalents,Seasonally adjusted
2013.06,II1,"Transport, postal, and warehousing",Emissions,Tonnes,1541752.3,Carbon dioxide equivalents,Seasonally adjusted
2013.09,II1,"Transport, postal, and warehousing",Emissions,Tonnes,1478954.2,Carbon dioxide equivalents,Seasonally adjusted
2013.12,II1,"Transport, postal, and warehousing",Emissions,Tonnes,1512984.5,Carbon dioxide equivalents,Seasonally adjusted
2014.03,II1,"Transport, postal, and warehousing",Emissions,Tonnes,1492503.4,Carbon dioxide equivalents,Seasonally adjusted
2014.06,II1,"Transport, postal, and warehousing",Emissions,Tonnes,1491729.1,Carbon dioxide equivalents,Seasonally adjusted
2014.09,II1,"Transport, postal, and warehousing",Emissions,Tonnes,1529762.8,Carbon dioxide equivalents,Seasonally adjusted
2014.12,II1,"Transport, postal, and warehousing",Emissions,Tonnes,1501176.4,Carbon dioxide equivalents,Seasonally adjusted
2015.03,II1,"Transport, postal, and warehousing",Emissions,Tonnes,1576359.8,Carbon dioxide equivalents,Seasonally adjusted
2015.06,II1,"Transport, postal, and warehousing",Emissions,Tonnes,1598002.8,Carbon dioxide equivalents,Seasonally adjusted
2015.09,II1,"Transport, postal, and warehousing",Emissions,Tonnes,1576652.9,Carbon dioxide equivalents,Seasonally adjusted
2015.12,II1,"Transport, postal, and warehousing",Emissions,Tonnes,1589281.3,Carbon dioxide equivalents,Seasonally adjusted
2016.03,II1,"Transport, postal, and warehousing",Emissions,Tonnes,1568392.9,Carbon dioxide equivalents,Seasonally adjusted
2016.06,II1,"Transport, postal, and warehousing",Emissions,Tonnes,1563342.3,Carbon dioxide equivalents,Seasonally adjusted
2016.09,II1,"Transport, postal, and warehousing",Emissions,Tonnes,1638351.9,Carbon dioxide equivalents,Seasonally adjusted
2016.12,II1,"Transport, postal, and warehousing",Emissions,Tonnes,1637719.2,Carbon dioxide equivalents,Seasonally adjusted
2017.03,II1,"Transport, postal, and warehousing",Emissions,Tonnes,1642828.1,Carbon dioxide equivalents,Seasonally adjusted
2017.06,II1,"Transport, postal, and warehousing",Emissions,Tonnes,1684295.7,Carbon dioxide equivalents,Seasonally adjusted
2017.09,II1,"Transport, postal, and warehousing",Emissions,Tonnes,1731961.7,Carbon dioxide equivalents,Seasonally adjusted
2017.12,II1,"Transport, postal, and warehousing",Emissions,Tonnes,1696034,Carbon dioxide equivalents,Seasonally adjusted
2018.03,II1,"Transport, postal, and warehousing",Emissions,Tonnes,1739678,Carbon dioxide equivalents,Seasonally adjusted
2018.06,II1,"Transport, postal, and warehousing",Emissions,Tonnes,1754868.9,Carbon dioxide equivalents,Seasonally adjusted
2018.09,II1,"Transport, postal, and warehousing",Emissions,Tonnes,1730052.7,Carbon dioxide equivalents,Seasonally adjusted
2018.12,II1,"Transport, postal, and warehousing",Emissions,Tonnes,1844955.8,Carbon dioxide equivalents,Seasonally adjusted
2019.03,II1,"Transport, postal, and warehousing",Emissions,Tonnes,1748182.5,Carbon dioxide equivalents,Seasonally adjusted
2019.06,II1,"Transport, postal, and warehousing",Emissions,Tonnes,1757272.6,Carbon dioxide equivalents,Seasonally adjusted
2019.09,II1,"Transport, postal, and warehousing",Emissions,Tonnes,1756386.7,Carbon dioxide equivalents,Seasonally adjusted
2019.12,II1,"Transport, postal, and warehousing",Emissions,Tonnes,1774706.9,Carbon dioxide equivalents,Seasonally adjusted
2020.03,II1,"Transport, postal, and warehousing",Emissions,Tonnes,1678183.9,Carbon dioxide equivalents,Seasonally adjusted
2020.06,II1,"Transport, postal, and warehousing",Emissions,Tonnes,883679.7,Carbon dioxide equivalents,Seasonally adjusted
2020.09,II1,"Transport, postal, and warehousing",Emissions,Tonnes,1035387.2,Carbon dioxide equivalents,Seasonally adjusted
2020.12,II1,"Transport, postal, and warehousing",Emissions,Tonnes,1137513.5,Carbon dioxide equivalents,Seasonally adjusted
2021.03,II1,"Transport, postal, and warehousing",Emissions,Tonnes,1103071.3,Carbon dioxide equivalents,Seasonally adjusted
2021.06,II1,"Transport, postal, and warehousing",Emissions,Tonnes,1225491.1,Carbon dioxide equivalents,Seasonally adjusted
2021.09,II1,"Transport, postal, and warehousing",Emissions,Tonnes,1031081.9,Carbon dioxide equivalents,Seasonally adjusted
2021.12,II1,"Transport, postal, and warehousing",Emissions,Tonnes,1094585.3,Carbon dioxide equivalents,Seasonally adjusted
2022.03,II1,"Transport, postal, and warehousing",Emissions,Tonnes,1146094.7,Carbon dioxide equivalents,Seasonally adjusted
2022.06,II1,"Transport, postal, and warehousing",Emissions,Tonnes,1234384.3,Carbon dioxide equivalents,Seasonally adjusted
2022.09,II1,"Transport, postal, and warehousing",Emissions,Tonnes,1376334.2,Carbon dioxide equivalents,Seasonally adjusted
2022.12,II1,"Transport, postal, and warehousing",Emissions,Tonnes,1458141.2,Carbon dioxide equivalents,Seasonally adjusted
2023.03,II1,"Transport, postal, and warehousing",Emissions,Tonnes,1511749.9,Carbon dioxide equivalents,Seasonally adjusted
2023.06,II1,"Transport, postal, and warehousing",Emissions,Tonnes,1631376.8,Carbon dioxide equivalents,Seasonally adjusted
2023.09,II1,"Transport, postal, and warehousing",Emissions,Tonnes,1727473,Carbon dioxide equivalents,Seasonally adjusted
2023.12,II1,"Transport, postal, and warehousing",Emissions,Tonnes,1688663.2,Carbon dioxide equivalents,Seasonally adjusted
2024.03,II1,"Transport, postal, and warehousing",Emissions,Tonnes,1744722.7,Carbon dioxide equivalents,Seasonally adjusted
2024.06,II1,"Transport, postal, and warehousing",Emissions,Tonnes,1750062.1,Carbon dioxide equivalents,Seasonally adjusted
2024.09,II1,"Transport, postal, and warehousing",Emissions,Tonnes,1711674.6,Carbon dioxide equivalents,Seasonally adjusted
2024.12,II1,"Transport, postal, and warehousing",Emissions,Tonnes,1763138.8,Carbon dioxide equivalents,Seasonally adjusted
2025.03,II1,"Transport, postal, and warehousing",Emissions,Tonnes,1725043.9,Carbon dioxide equivalents,Seasonally adjusted
2025.06,II1,"Transport, postal, and warehousing",Emissions,Tonnes,1750820.7,Carbon dioxide equivalents,Seasonally adjusted
2025.09,II1,"Transport, postal, and warehousing",Emissions,Tonnes,1738740.2,Carbon dioxide equivalents,Seasonally adjusted
2025.12,II1,"Transport, postal, and warehousing",Emissions,Tonnes,1774303.5,Carbon dioxide equivalents,Seasonally adjusted
2010.03,ZGZ,Goods-producing industries,Emissions,Tonnes,5256579,Carbon dioxide equivalents,Seasonally adjusted
2010.06,ZGZ,Goods-producing industries,Emissions,Tonnes,5055868.4,Carbon dioxide equivalents,Seasonally adjusted
2010.09,ZGZ,Goods-producing industries,Emissions,Tonnes,4960672,Carbon dioxide equivalents,Seasonally adjusted
2010.12,ZGZ,Goods-producing industries,Emissions,Tonnes,5170527.3,Carbon dioxide equivalents,Seasonally adjusted
2011.03,ZGZ,Goods-producing industries,Emissions,Tonnes,4915078.3,Carbon dioxide equivalents,Seasonally adjusted
2011.06,ZGZ,Goods-producing industries,Emissions,Tonnes,4485263.8,Carbon dioxide equivalents,Seasonally adjusted
2011.09,ZGZ,Goods-producing industries,Emissions,Tonnes,5156729.9,Carbon dioxide equivalents,Seasonally adjusted
2011.12,ZGZ,Goods-producing industries,Emissions,Tonnes,5165691.6,Carbon dioxide equivalents,Seasonally adjusted
2012.03,ZGZ,Goods-producing industries,Emissions,Tonnes,5242022.5,Carbon dioxide equivalents,Seasonally adjusted
2012.06,ZGZ,Goods-producing industries,Emissions,Tonnes,5738490.3,Carbon dioxide equivalents,Seasonally adjusted
2012.09,ZGZ,Goods-producing industries,Emissions,Tonnes,5349721.6,Carbon dioxide equivalents,Seasonally adjusted
2012.12,ZGZ,Goods-producing industries,Emissions,Tonnes,5142165,Carbon dioxide equivalents,Seasonally adjusted
2013.03,ZGZ,Goods-producing industries,Emissions,Tonnes,5198505.2,Carbon dioxide equivalents,Seasonally adjusted
2013.06,ZGZ,Goods-producing industries,Emissions,Tonnes,5620896.7,Carbon dioxide equivalents,Seasonally adjusted
2013.09,ZGZ,Goods-producing industries,Emissions,Tonnes,5185811,Carbon dioxide equivalents,Seasonally adjusted
2013.12,ZGZ,Goods-producing industries,Emissions,Tonnes,4858108.7,Carbon dioxide equivalents,Seasonally adjusted
2014.03,ZGZ,Goods-producing industries,Emissions,Tonnes,4999612.2,Carbon dioxide equivalents,Seasonally adjusted
2014.06,ZGZ,Goods-producing industries,Emissions,Tonnes,5054751.3,Carbon dioxide equivalents,Seasonally adjusted
2014.09,ZGZ,Goods-producing industries,Emissions,Tonnes,5244317.8,Carbon dioxide equivalents,Seasonally adjusted
2014.12,ZGZ,Goods-producing industries,Emissions,Tonnes,5648872.7,Carbon dioxide equivalents,Seasonally adjusted
2015.03,ZGZ,Goods-producing industries,Emissions,Tonnes,5542471.1,Carbon dioxide equivalents,Seasonally adjusted
2015.06,ZGZ,Goods-producing industries,Emissions,Tonnes,4936350.1,Carbon dioxide equivalents,Seasonally adjusted
2015.09,ZGZ,Goods-producing industries,Emissions,Tonnes,5110199.9,Carbon dioxide equivalents,Seasonally adjusted
2015.12,ZGZ,Goods-producing industries,Emissions,Tonnes,5246241.1,Carbon dioxide equivalents,Seasonally adjusted
2016.03,ZGZ,Goods-producing industries,Emissions,Tonnes,5068857.9,Carbon dioxide equivalents,Seasonally adjusted
2016.06,ZGZ,Goods-producing industries,Emissions,Tonnes,4919704.1,Carbon dioxide equivalents,Seasonally adjusted
2016.09,ZGZ,Goods-producing industries,Emissions,Tonnes,4838059.9,Carbon dioxide equivalents,Seasonally adjusted
2016.12,ZGZ,Goods-producing industries,Emissions,Tonnes,4469366.7,Carbon dioxide equivalents,Seasonally adjusted
2017.03,ZGZ,Goods-producing industries,Emissions,Tonnes,4710557.3,Carbon dioxide equivalents,Seasonally adjusted
2017.06,ZGZ,Goods-producing industries,Emissions,Tonnes,5035438.4,Carbon dioxide equivalents,Seasonally adjusted
2017.09,ZGZ,Goods-producing industries,Emissions,Tonnes,5125359,Carbon dioxide equivalents,Seasonally adjusted
2017.12,ZGZ,Goods-producing industries,Emissions,Tonnes,5287129.6,Carbon dioxide equivalents,Seasonally adjusted
2018.03,ZGZ,Goods-producing industries,Emissions,Tonnes,4938290.2,Carbon dioxide equivalents,Seasonally adjusted
2018.06,ZGZ,Goods-producing industries,Emissions,Tonnes,4942869,Carbon dioxide equivalents,Seasonally adjusted
2018.09,ZGZ,Goods-producing industries,Emissions,Tonnes,5033939.1,Carbon dioxide equivalents,Seasonally adjusted
2018.12,ZGZ,Goods-producing industries,Emissions,Tonnes,5363305,Carbon dioxide equivalents,Seasonally adjusted
2019.03,ZGZ,Goods-producing industries,Emissions,Tonnes,5392937,Carbon dioxide equivalents,Seasonally adjusted
2019.06,ZGZ,Goods-producing industries,Emissions,Tonnes,5064879,Carbon dioxide equivalents,Seasonally adjusted
2019.09,ZGZ,Goods-producing industries,Emissions,Tonnes,5174118.9,Carbon dioxide equivalents,Seasonally adjusted
2019.12,ZGZ,Goods-producing industries,Emissions,Tonnes,5216003,Carbon dioxide equivalents,Seasonally adjusted
2020.03,ZGZ,Goods-producing industries,Emissions,Tonnes,4861794.1,Carbon dioxide equivalents,Seasonally adjusted
2020.06,ZGZ,Goods-producing industries,Emissions,Tonnes,4691718.8,Carbon dioxide equivalents,Seasonally adjusted
2020.09,ZGZ,Goods-producing industries,Emissions,Tonnes,5345335.3,Carbon dioxide equivalents,Seasonally adjusted
2020.12,ZGZ,Goods-producing industries,Emissions,Tonnes,5171775.3,Carbon dioxide equivalents,Seasonally adjusted
2021.03,ZGZ,Goods-producing industries,Emissions,Tonnes,5323697.6,Carbon dioxide equivalents,Seasonally adjusted
2021.06,ZGZ,Goods-producing industries,Emissions,Tonnes,5715537.5,Carbon dioxide equivalents,Seasonally adjusted
2021.09,ZGZ,Goods-producing industries,Emissions,Tonnes,4739700.7,Carbon dioxide equivalents,Seasonally adjusted
2021.12,ZGZ,Goods-producing industries,Emissions,Tonnes,4805194,Carbon dioxide equivalents,Seasonally adjusted
2022.03,ZGZ,Goods-producing industries,Emissions,Tonnes,4968388.1,Carbon dioxide equivalents,Seasonally adjusted
2022.06,ZGZ,Goods-producing industries,Emissions,Tonnes,4820152.7,Carbon dioxide equivalents,Seasonally adjusted
2022.09,ZGZ,Goods-producing industries,Emissions,Tonnes,4131810,Carbon dioxide equivalents,Seasonally adjusted
2022.12,ZGZ,Goods-producing industries,Emissions,Tonnes,4095429.3,Carbon dioxide equivalents,Seasonally adjusted
2023.03,ZGZ,Goods-producing industries,Emissions,Tonnes,4121642.6,Carbon dioxide equivalents,Seasonally adjusted
2023.06,ZGZ,Goods-producing industries,Emissions,Tonnes,3950584.5,Carbon dioxide equivalents,Seasonally adjusted
2023.09,ZGZ,Goods-producing industries,Emissions,Tonnes,4499391.8,Carbon dioxide equivalents,Seasonally adjusted
2023.12,ZGZ,Goods-producing industries,Emissions,Tonnes,4597872,Carbon dioxide equivalents,Seasonally adjusted
2024.03,ZGZ,Goods-producing industries,Emissions,Tonnes,4139547.4,Carbon dioxide equivalents,Seasonally adjusted
2024.06,ZGZ,Goods-producing industries,Emissions,Tonnes,4474616.4,Carbon dioxide equivalents,Seasonally adjusted
2024.09,ZGZ,Goods-producing industries,Emissions,Tonnes,4327986.5,Carbon dioxide equivalents,Seasonally adjusted
2024.12,ZGZ,Goods-producing industries,Emissions,Tonnes,3931836.8,Carbon dioxide equivalents,Seasonally adjusted
2025.03,ZGZ,Goods-producing industries,Emissions,Tonnes,4088715,Carbon dioxide equivalents,Seasonally adjusted
2025.06,ZGZ,Goods-producing industries,Emissions,Tonnes,3940493.6,Carbon dioxide equivalents,Seasonally adjusted
2025.09,ZGZ,Goods-producing industries,Emissions,Tonnes,3732677.5,Carbon dioxide equivalents,Seasonally adjusted
2025.12,ZGZ,Goods-producing industries,Emissions,Tonnes,3641695.5,Carbon dioxide equivalents,Seasonally adjusted
2010.03,ZPZ,Primary industries,Emissions,Tonnes,11668902.8,Carbon dioxide equivalents,Seasonally adjusted
2010.06,ZPZ,Primary industries,Emissions,Tonnes,11622333.1,Carbon dioxide equivalents,Seasonally adjusted
2010.09,ZPZ,Primary industries,Emissions,Tonnes,11486895.1,Carbon dioxide equivalents,Seasonally adjusted
2010.12,ZPZ,Primary industries,Emissions,Tonnes,11422476,Carbon dioxide equivalents,Seasonally adjusted
2011.03,ZPZ,Primary industries,Emissions,Tonnes,11430957.4,Carbon dioxide equivalents,Seasonally adjusted
2011.06,ZPZ,Primary industries,Emissions,Tonnes,11612666.6,Carbon dioxide equivalents,Seasonally adjusted
2011.09,ZPZ,Primary industries,Emissions,Tonnes,11842745.4,Carbon dioxide equivalents,Seasonally adjusted
2011.12,ZPZ,Primary industries,Emissions,Tonnes,11883896.4,Carbon dioxide equivalents,Seasonally adjusted
2012.03,ZPZ,Primary industries,Emissions,Tonnes,12029032.7,Carbon dioxide equivalents,Seasonally adjusted
2012.06,ZPZ,Primary industries,Emissions,Tonnes,12150494.3,Carbon dioxide equivalents,Seasonally adjusted
2012.09,ZPZ,Primary industries,Emissions,Tonnes,11761076.8,Carbon dioxide equivalents,Seasonally adjusted
2012.12,ZPZ,Primary industries,Emissions,Tonnes,11687064.8,Carbon dioxide equivalents,Seasonally adjusted
2013.03,ZPZ,Primary industries,Emissions,Tonnes,11651407.3,Carbon dioxide equivalents,Seasonally adjusted
2013.06,ZPZ,Primary industries,Emissions,Tonnes,11615756,Carbon dioxide equivalents,Seasonally adjusted
2013.09,ZPZ,Primary industries,Emissions,Tonnes,11931774.8,Carbon dioxide equivalents,Seasonally adjusted
2013.12,ZPZ,Primary industries,Emissions,Tonnes,12058910.6,Carbon dioxide equivalents,Seasonally adjusted
2014.03,ZPZ,Primary industries,Emissions,Tonnes,11969153.1,Carbon dioxide equivalents,Seasonally adjusted
2014.06,ZPZ,Primary industries,Emissions,Tonnes,11779268.1,Carbon dioxide equivalents,Seasonally adjusted
2014.09,ZPZ,Primary industries,Emissions,Tonnes,11944446.8,Carbon dioxide equivalents,Seasonally adjusted
2014.12,ZPZ,Primary industries,Emissions,Tonnes,11939849.9,Carbon dioxide equivalents,Seasonally adjusted
2015.03,ZPZ,Primary industries,Emissions,Tonnes,11847214.3,Carbon dioxide equivalents,Seasonally adjusted
2015.06,ZPZ,Primary industries,Emissions,Tonnes,11980123.6,Carbon dioxide equivalents,Seasonally adjusted
2015.09,ZPZ,Primary industries,Emissions,Tonnes,11684465.3,Carbon dioxide equivalents,Seasonally adjusted
2015.12,ZPZ,Primary industries,Emissions,Tonnes,11755647.9,Carbon dioxide equivalents,Seasonally adjusted
2016.03,ZPZ,Primary industries,Emissions,Tonnes,11780744.2,Carbon dioxide equivalents,Seasonally adjusted
2016.06,ZPZ,Primary industries,Emissions,Tonnes,11529154.7,Carbon dioxide equivalents,Seasonally adjusted
2016.09,ZPZ,Primary industries,Emissions,Tonnes,11634705.8,Carbon dioxide equivalents,Seasonally adjusted
2016.12,ZPZ,Primary industries,Emissions,Tonnes,11542640.7,Carbon dioxide equivalents,Seasonally adjusted
2017.03,ZPZ,Primary industries,Emissions,Tonnes,11650244.6,Carbon dioxide equivalents,Seasonally adjusted
2017.06,ZPZ,Primary industries,Emissions,Tonnes,11704431.6,Carbon dioxide equivalents,Seasonally adjusted
2017.09,ZPZ,Primary industries,Emissions,Tonnes,11620669.3,Carbon dioxide equivalents,Seasonally adjusted
2017.12,ZPZ,Primary industries,Emissions,Tonnes,11583476.8,Carbon dioxide equivalents,Seasonally adjusted
2018.03,ZPZ,Primary industries,Emissions,Tonnes,11552726.3,Carbon dioxide equivalents,Seasonally adjusted
2018.06,ZPZ,Primary industries,Emissions,Tonnes,11673123.3,Carbon dioxide equivalents,Seasonally adjusted
2018.09,ZPZ,Primary industries,Emissions,Tonnes,11802997.8,Carbon dioxide equivalents,Seasonally adjusted
2018.12,ZPZ,Primary industries,Emissions,Tonnes,11751192.2,Carbon dioxide equivalents,Seasonally adjusted
2019.03,ZPZ,Primary industries,Emissions,Tonnes,11767988,Carbon dioxide equivalents,Seasonally adjusted
2019.06,ZPZ,Primary industries,Emissions,Tonnes,11830668.2,Carbon dioxide equivalents,Seasonally adjusted
2019.09,ZPZ,Primary industries,Emissions,Tonnes,11797668.6,Carbon dioxide equivalents,Seasonally adjusted
2019.12,ZPZ,Primary industries,Emissions,Tonnes,11796279.8,Carbon dioxide equivalents,Seasonally adjusted
2020.03,ZPZ,Primary industries,Emissions,Tonnes,11737426.3,Carbon dioxide equivalents,Seasonally adjusted
2020.06,ZPZ,Primary industries,Emissions,Tonnes,11455054.1,Carbon dioxide equivalents,Seasonally adjusted
2020.09,ZPZ,Primary industries,Emissions,Tonnes,11817025.1,Carbon dioxide equivalents,Seasonally adjusted
2020.12,ZPZ,Primary industries,Emissions,Tonnes,11785379.3,Carbon dioxide equivalents,Seasonally adjusted
2021.03,ZPZ,Primary industries,Emissions,Tonnes,11801638.8,Carbon dioxide equivalents,Seasonally adjusted
2021.06,ZPZ,Primary industries,Emissions,Tonnes,11759486.4,Carbon dioxide equivalents,Seasonally adjusted
2021.09,ZPZ,Primary industries,Emissions,Tonnes,11594166.9,Carbon dioxide equivalents,Seasonally adjusted
2021.12,ZPZ,Primary industries,Emissions,Tonnes,11476940.2,Carbon dioxide equivalents,Seasonally adjusted
2022.03,ZPZ,Primary industries,Emissions,Tonnes,11457754.9,Carbon dioxide equivalents,Seasonally adjusted
2022.06,ZPZ,Primary industries,Emissions,Tonnes,11368922.8,Carbon dioxide equivalents,Seasonally adjusted
2022.09,ZPZ,Primary industries,Emissions,Tonnes,11318470.2,Carbon dioxide equivalents,Seasonally adjusted
2022.12,ZPZ,Primary industries,Emissions,Tonnes,11275680,Carbon dioxide equivalents,Seasonally adjusted
2023.03,ZPZ,Primary industries,Emissions,Tonnes,11136031.9,Carbon dioxide equivalents,Seasonally adjusted
2023.06,ZPZ,Primary industries,Emissions,Tonnes,11150732.4,Carbon dioxide equivalents,Seasonally adjusted
2023.09,ZPZ,Primary industries,Emissions,Tonnes,11038277.9,Carbon dioxide equivalents,Seasonally adjusted
2023.12,ZPZ,Primary industries,Emissions,Tonnes,11069485,Carbon dioxide equivalents,Seasonally adjusted
2024.03,ZPZ,Primary industries,Emissions,Tonnes,11026378.2,Carbon dioxide equivalents,Seasonally adjusted
2024.06,ZPZ,Primary industries,Emissions,Tonnes,10986866.3,Carbon dioxide equivalents,Seasonally adjusted
2024.09,ZPZ,Primary industries,Emissions,Tonnes,10949748.4,Carbon dioxide equivalents,Seasonally adjusted
2024.12,ZPZ,Primary industries,Emissions,Tonnes,10932205.2,Carbon dioxide equivalents,Seasonally adjusted
2025.03,ZPZ,Primary industries,Emissions,Tonnes,10982534.2,Carbon dioxide equivalents,Seasonally adjusted
2025.06,ZPZ,Primary industries,Emissions,Tonnes,10945298.2,Carbon dioxide equivalents,Seasonally adjusted
2025.09,ZPZ,Primary industries,Emissions,Tonnes,10909022.4,Carbon dioxide equivalents,Seasonally adjusted
2025.12,ZPZ,Primary industries,Emissions,Tonnes,10910667.7,Carbon dioxide equivalents,Seasonally adjusted
2010.03,ZSX,"Services excluding transport, postal, and warehousing",Emissions,Tonnes,725361.9,Carbon dioxide equivalents,Seasonally adjusted
2010.06,ZSX,"Services excluding transport, postal, and warehousing",Emissions,Tonnes,735143.3,Carbon dioxide equivalents,Seasonally adjusted
2010.09,ZSX,"Services excluding transport, postal, and warehousing",Emissions,Tonnes,723529.5,Carbon dioxide equivalents,Seasonally adjusted
2010.12,ZSX,"Services excluding transport, postal, and warehousing",Emissions,Tonnes,734640.5,Carbon dioxide equivalents,Seasonally adjusted
2011.03,ZSX,"Services excluding transport, postal, and warehousing",Emissions,Tonnes,713807.7,Carbon dioxide equivalents,Seasonally adjusted
2011.06,ZSX,"Services excluding transport, postal, and warehousing",Emissions,Tonnes,697504.1,Carbon dioxide equivalents,Seasonally adjusted
2011.09,ZSX,"Services excluding transport, postal, and warehousing",Emissions,Tonnes,677484.5,Carbon dioxide equivalents,Seasonally adjusted
2011.12,ZSX,"Services excluding transport, postal, and warehousing",Emissions,Tonnes,686186.7,Carbon dioxide equivalents,Seasonally adjusted
2012.03,ZSX,"Services excluding transport, postal, and warehousing",Emissions,Tonnes,708667.9,Carbon dioxide equivalents,Seasonally adjusted
2012.06,ZSX,"Services excluding transport, postal, and warehousing",Emissions,Tonnes,706830.1,Carbon dioxide equivalents,Seasonally adjusted
2012.09,ZSX,"Services excluding transport, postal, and warehousing",Emissions,Tonnes,700358.9,Carbon dioxide equivalents,Seasonally adjusted
2012.12,ZSX,"Services excluding transport, postal, and warehousing",Emissions,Tonnes,692393.5,Carbon dioxide equivalents,Seasonally adjusted
2013.03,ZSX,"Services excluding transport, postal, and warehousing",Emissions,Tonnes,680086.3,Carbon dioxide equivalents,Seasonally adjusted
2013.06,ZSX,"Services excluding transport, postal, and warehousing",Emissions,Tonnes,695622.9,Carbon dioxide equivalents,Seasonally adjusted
2013.09,ZSX,"Services excluding transport, postal, and warehousing",Emissions,Tonnes,699135.8,Carbon dioxide equivalents,Seasonally adjusted
2013.12,ZSX,"Services excluding transport, postal, and warehousing",Emissions,Tonnes,697125.2,Carbon dioxide equivalents,Seasonally adjusted
2014.03,ZSX,"Services excluding transport, postal, and warehousing",Emissions,Tonnes,712615.9,Carbon dioxide equivalents,Seasonally adjusted
2014.06,ZSX,"Services excluding transport, postal, and warehousing",Emissions,Tonnes,703531.3,Carbon dioxide equivalents,Seasonally adjusted
2014.09,ZSX,"Services excluding transport, postal, and warehousing",Emissions,Tonnes,711069.6,Carbon dioxide equivalents,Seasonally adjusted
2014.12,ZSX,"Services excluding transport, postal, and warehousing",Emissions,Tonnes,710053.3,Carbon dioxide equivalents,Seasonally adjusted
2015.03,ZSX,"Services excluding transport, postal, and warehousing",Emissions,Tonnes,688978.8,Carbon dioxide equivalents,Seasonally adjusted
2015.06,ZSX,"Services excluding transport, postal, and warehousing",Emissions,Tonnes,676126.7,Carbon dioxide equivalents,Seasonally adjusted
2015.09,ZSX,"Services excluding transport, postal, and warehousing",Emissions,Tonnes,686311.4,Carbon dioxide equivalents,Seasonally adjusted
2015.12,ZSX,"Services excluding transport, postal, and warehousing",Emissions,Tonnes,681020,Carbon dioxide equivalents,Seasonally adjusted
2016.03,ZSX,"Services excluding transport, postal, and warehousing",Emissions,Tonnes,682209.5,Carbon dioxide equivalents,Seasonally adjusted
2016.06,ZSX,"Services excluding transport, postal, and warehousing",Emissions,Tonnes,679979.8,Carbon dioxide equivalents,Seasonally adjusted
2016.09,ZSX,"Services excluding transport, postal, and warehousing",Emissions,Tonnes,698593.9,Carbon dioxide equivalents,Seasonally adjusted
2016.12,ZSX,"Services excluding transport, postal, and warehousing",Emissions,Tonnes,677718.9,Carbon dioxide equivalents,Seasonally adjusted
2017.03,ZSX,"Services excluding transport, postal, and warehousing",Emissions,Tonnes,691516.2,Carbon dioxide equivalents,Seasonally adjusted
2017.06,ZSX,"Services excluding transport, postal, and warehousing",Emissions,Tonnes,695601.6,Carbon dioxide equivalents,Seasonally adjusted
2017.09,ZSX,"Services excluding transport, postal, and warehousing",Emissions,Tonnes,686231.4,Carbon dioxide equivalents,Seasonally adjusted
2017.12,ZSX,"Services excluding transport, postal, and warehousing",Emissions,Tonnes,694409.6,Carbon dioxide equivalents,Seasonally adjusted
2018.03,ZSX,"Services excluding transport, postal, and warehousing",Emissions,Tonnes,655366.4,Carbon dioxide equivalents,Seasonally adjusted
2018.06,ZSX,"Services excluding transport, postal, and warehousing",Emissions,Tonnes,674089.3,Carbon dioxide equivalents,Seasonally adjusted
2018.09,ZSX,"Services excluding transport, postal, and warehousing",Emissions,Tonnes,657628.1,Carbon dioxide equivalents,Seasonally adjusted
2018.12,ZSX,"Services excluding transport, postal, and warehousing",Emissions,Tonnes,674601.6,Carbon dioxide equivalents,Seasonally adjusted
2019.03,ZSX,"Services excluding transport, postal, and warehousing",Emissions,Tonnes,720171.1,Carbon dioxide equivalents,Seasonally adjusted
2019.06,ZSX,"Services excluding transport, postal, and warehousing",Emissions,Tonnes,716266.1,Carbon dioxide equivalents,Seasonally adjusted
2019.09,ZSX,"Services excluding transport, postal, and warehousing",Emissions,Tonnes,754861.1,Carbon dioxide equivalents,Seasonally adjusted
2019.12,ZSX,"Services excluding transport, postal, and warehousing",Emissions,Tonnes,739890.2,Carbon dioxide equivalents,Seasonally adjusted
2020.03,ZSX,"Services excluding transport, postal, and warehousing",Emissions,Tonnes,696504.5,Carbon dioxide equivalents,Seasonally adjusted
2020.06,ZSX,"Services excluding transport, postal, and warehousing",Emissions,Tonnes,591995.9,Carbon dioxide equivalents,Seasonally adjusted
2020.09,ZSX,"Services excluding transport, postal, and warehousing",Emissions,Tonnes,676020.2,Carbon dioxide equivalents,Seasonally adjusted
2020.12,ZSX,"Services excluding transport, postal, and warehousing",Emissions,Tonnes,688814.7,Carbon dioxide equivalents,Seasonally adjusted
2021.03,ZSX,"Services excluding transport, postal, and warehousing",Emissions,Tonnes,665706.8,Carbon dioxide equivalents,Seasonally adjusted
2021.06,ZSX,"Services excluding transport, postal, and warehousing",Emissions,Tonnes,666691.3,Carbon dioxide equivalents,Seasonally adjusted
2021.09,ZSX,"Services excluding transport, postal, and warehousing",Emissions,Tonnes,643043.9,Carbon dioxide equivalents,Seasonally adjusted
2021.12,ZSX,"Services excluding transport, postal, and warehousing",Emissions,Tonnes,651164.4,Carbon dioxide equivalents,Seasonally adjusted
2022.03,ZSX,"Services excluding transport, postal, and warehousing",Emissions,Tonnes,702910.9,Carbon dioxide equivalents,Seasonally adjusted
2022.06,ZSX,"Services excluding transport, postal, and warehousing",Emissions,Tonnes,682667.8,Carbon dioxide equivalents,Seasonally adjusted
2022.09,ZSX,"Services excluding transport, postal, and warehousing",Emissions,Tonnes,649996.9,Carbon dioxide equivalents,Seasonally adjusted
2022.12,ZSX,"Services excluding transport, postal, and warehousing",Emissions,Tonnes,612185.6,Carbon dioxide equivalents,Seasonally adjusted
2023.03,ZSX,"Services excluding transport, postal, and warehousing",Emissions,Tonnes,633500,Carbon dioxide equivalents,Seasonally adjusted
2023.06,ZSX,"Services excluding transport, postal, and warehousing",Emissions,Tonnes,625717.7,Carbon dioxide equivalents,Seasonally adjusted
2023.09,ZSX,"Services excluding transport, postal, and warehousing",Emissions,Tonnes,629895.9,Carbon dioxide equivalents,Seasonally adjusted
2023.12,ZSX,"Services excluding transport, postal, and warehousing",Emissions,Tonnes,600903.9,Carbon dioxide equivalents,Seasonally adjusted
2024.03,ZSX,"Services excluding transport, postal, and warehousing",Emissions,Tonnes,562921.4,Carbon dioxide equivalents,Seasonally adjusted
2024.06,ZSX,"Services excluding transport, postal, and warehousing",Emissions,Tonnes,560723.6,Carbon dioxide equivalents,Seasonally adjusted
2024.09,ZSX,"Services excluding transport, postal, and warehousing",Emissions,Tonnes,551438.6,Carbon dioxide equivalents,Seasonally adjusted
2024.12,ZSX,"Services excluding transport, postal, and warehousing",Emissions,Tonnes,550649.6,Carbon dioxide equivalents,Seasonally adjusted
2025.03,ZSX,"Services excluding transport, postal, and warehousing",Emissions,Tonnes,545483.3,Carbon dioxide equivalents,Seasonally adjusted
2025.06,ZSX,"Services excluding transport, postal, and warehousing",Emissions,Tonnes,534032,Carbon dioxide equivalents,Seasonally adjusted
2025.09,ZSX,"Services excluding transport, postal, and warehousing",Emissions,Tonnes,558465.5,Carbon dioxide equivalents,Seasonally adjusted
2025.12,ZSX,"Services excluding transport, postal, and warehousing",Emissions,Tonnes,574122.4,Carbon dioxide equivalents,Seasonally adjusted
2010.03,ZSZ,Service industries,Emissions,Tonnes,2172582.6,Carbon dioxide equivalents,Seasonally adjusted
2010.06,ZSZ,Service industries,Emissions,Tonnes,2219997.7,Carbon dioxide equivalents,Seasonally adjusted
2010.09,ZSZ,Service industries,Emissions,Tonnes,2286352.3,Carbon dioxide equivalents,Seasonally adjusted
2010.12,ZSZ,Service industries,Emissions,Tonnes,2256969.6,Carbon dioxide equivalents,Seasonally adjusted
2011.03,ZSZ,Service industries,Emissions,Tonnes,2238125.5,Carbon dioxide equivalents,Seasonally adjusted
2011.06,ZSZ,Service industries,Emissions,Tonnes,2176336.1,Carbon dioxide equivalents,Seasonally adjusted
2011.09,ZSZ,Service industries,Emissions,Tonnes,2186625.3,Carbon dioxide equivalents,Seasonally adjusted
2011.12,ZSZ,Service industries,Emissions,Tonnes,2209932.9,Carbon dioxide equivalents,Seasonally adjusted
2012.03,ZSZ,Service industries,Emissions,Tonnes,2210744.3,Carbon dioxide equivalents,Seasonally adjusted
2012.06,ZSZ,Service industries,Emissions,Tonnes,2205844.7,Carbon dioxide equivalents,Seasonally adjusted
2012.09,ZSZ,Service industries,Emissions,Tonnes,2157844.6,Carbon dioxide equivalents,Seasonally adjusted
2012.12,ZSZ,Service industries,Emissions,Tonnes,2174808.6,Carbon dioxide equivalents,Seasonally adjusted
2013.03,ZSZ,Service industries,Emissions,Tonnes,2159705.7,Carbon dioxide equivalents,Seasonally adjusted
2013.06,ZSZ,Service industries,Emissions,Tonnes,2242160.7,Carbon dioxide equivalents,Seasonally adjusted
2013.09,ZSZ,Service industries,Emissions,Tonnes,2177166.8,Carbon dioxide equivalents,Seasonally adjusted
2013.12,ZSZ,Service industries,Emissions,Tonnes,2208539.7,Carbon dioxide equivalents,Seasonally adjusted
2014.03,ZSZ,Service industries,Emissions,Tonnes,2201448.9,Carbon dioxide equivalents,Seasonally adjusted
2014.06,ZSZ,Service industries,Emissions,Tonnes,2202766.9,Carbon dioxide equivalents,Seasonally adjusted
2014.09,ZSZ,Service industries,Emissions,Tonnes,2237151.7,Carbon dioxide equivalents,Seasonally adjusted
2014.12,ZSZ,Service industries,Emissions,Tonnes,2209930,Carbon dioxide equivalents,Seasonally adjusted
2015.03,ZSZ,Service industries,Emissions,Tonnes,2266055.8,Carbon dioxide equivalents,Seasonally adjusted
2015.06,ZSZ,Service industries,Emissions,Tonnes,2279413.7,Carbon dioxide equivalents,Seasonally adjusted
2015.09,ZSZ,Service industries,Emissions,Tonnes,2256292.3,Carbon dioxide equivalents,Seasonally adjusted
2015.12,ZSZ,Service industries,Emissions,Tonnes,2270003.9,Carbon dioxide equivalents,Seasonally adjusted
2016.03,ZSZ,Service industries,Emissions,Tonnes,2252439.5,Carbon dioxide equivalents,Seasonally adjusted
2016.06,ZSZ,Service industries,Emissions,Tonnes,2249530.1,Carbon dioxide equivalents,Seasonally adjusted
2016.09,ZSZ,Service industries,Emissions,Tonnes,2328451.2,Carbon dioxide equivalents,Seasonally adjusted
2016.12,ZSZ,Service industries,Emissions,Tonnes,2314776.5,Carbon dioxide equivalents,Seasonally adjusted
2017.03,ZSZ,Service industries,Emissions,Tonnes,2339315.6,Carbon dioxide equivalents,Seasonally adjusted
2017.06,ZSZ,Service industries,Emissions,Tonnes,2385624,Carbon dioxide equivalents,Seasonally adjusted
2017.09,ZSZ,Service industries,Emissions,Tonnes,2405677.9,Carbon dioxide equivalents,Seasonally adjusted
2017.12,ZSZ,Service industries,Emissions,Tonnes,2389359.6,Carbon dioxide equivalents,Seasonally adjusted
2018.03,ZSZ,Service industries,Emissions,Tonnes,2407140,Carbon dioxide equivalents,Seasonally adjusted
2018.06,ZSZ,Service industries,Emissions,Tonnes,2432678.5,Carbon dioxide equivalents,Seasonally adjusted
2018.09,ZSZ,Service industries,Emissions,Tonnes,2373223.6,Carbon dioxide equivalents,Seasonally adjusted
2018.12,ZSZ,Service industries,Emissions,Tonnes,2518981.8,Carbon dioxide equivalents,Seasonally adjusted
2019.03,ZSZ,Service industries,Emissions,Tonnes,2478148.2,Carbon dioxide equivalents,Seasonally adjusted
2019.06,ZSZ,Service industries,Emissions,Tonnes,2477211.2,Carbon dioxide equivalents,Seasonally adjusted
2019.09,ZSZ,Service industries,Emissions,Tonnes,2499990.5,Carbon dioxide equivalents,Seasonally adjusted
2019.12,ZSZ,Service industries,Emissions,Tonnes,2515323.4,Carbon dioxide equivalents,Seasonally adjusted
2020.03,ZSZ,Service industries,Emissions,Tonnes,2381936.6,Carbon dioxide equivalents,Seasonally adjusted
2020.06,ZSZ,Service industries,Emissions,Tonnes,1484952.4,Carbon dioxide equivalents,Seasonally adjusted
2020.09,ZSZ,Service industries,Emissions,Tonnes,1716020.9,Carbon dioxide equivalents,Seasonally adjusted
2020.12,ZSZ,Service industries,Emissions,Tonnes,1825797.3,Carbon dioxide equivalents,Seasonally adjusted
2021.03,ZSZ,Service industries,Emissions,Tonnes,1757855.5,Carbon dioxide equivalents,Seasonally adjusted
2021.06,ZSZ,Service industries,Emissions,Tonnes,1897478.6,Carbon dioxide equivalents,Seasonally adjusted
2021.09,ZSZ,Service industries,Emissions,Tonnes,1679515.5,Carbon dioxide equivalents,Seasonally adjusted
2021.12,ZSZ,Service industries,Emissions,Tonnes,1746747.7,Carbon dioxide equivalents,Seasonally adjusted
2022.03,ZSZ,Service industries,Emissions,Tonnes,1835039.8,Carbon dioxide equivalents,Seasonally adjusted
2022.06,ZSZ,Service industries,Emissions,Tonnes,1920901.6,Carbon dioxide equivalents,Seasonally adjusted
2022.09,ZSZ,Service industries,Emissions,Tonnes,2028051.2,Carbon dioxide equivalents,Seasonally adjusted
2022.12,ZSZ,Service industries,Emissions,Tonnes,2074567.1,Carbon dioxide equivalents,Seasonally adjusted
2023.03,ZSZ,Service industries,Emissions,Tonnes,2142397.1,Carbon dioxide equivalents,Seasonally adjusted
2023.06,ZSZ,Service industries,Emissions,Tonnes,2253861.5,Carbon dioxide equivalents,Seasonally adjusted
2023.09,ZSZ,Service industries,Emissions,Tonnes,2354603.4,Carbon dioxide equivalents,Seasonally adjusted
2023.12,ZSZ,Service industries,Emissions,Tonnes,2294707.9,Carbon dioxide equivalents,Seasonally adjusted
2024.03,ZSZ,Service industries,Emissions,Tonnes,2312519,Carbon dioxide equivalents,Seasonally adjusted
2024.06,ZSZ,Service industries,Emissions,Tonnes,2307485.9,Carbon dioxide equivalents,Seasonally adjusted
2024.09,ZSZ,Service industries,Emissions,Tonnes,2259787.8,Carbon dioxide equivalents,Seasonally adjusted
2024.12,ZSZ,Service industries,Emissions,Tonnes,2316905.1,Carbon dioxide equivalents,Seasonally adjusted
2025.03,ZSZ,Service industries,Emissions,Tonnes,2275169.1,Carbon dioxide equivalents,Seasonally adjusted
2025.06,ZSZ,Service industries,Emissions,Tonnes,2282541,Carbon dioxide equivalents,Seasonally adjusted
2025.09,ZSZ,Service industries,Emissions,Tonnes,2295673.2,Carbon dioxide equivalents,Seasonally adjusted
2025.12,ZSZ,Service industries,Emissions,Tonnes,2349799.2,Carbon dioxide equivalents,Seasonally adjusted
2010.03,ZZ9,Total industry,Emissions,Tonnes,19060694.2,Carbon dioxide equivalents,Seasonally adjusted
2010.06,ZZ9,Total industry,Emissions,Tonnes,18920375.6,Carbon dioxide equivalents,Seasonally adjusted
2010.09,ZZ9,Total industry,Emissions,Tonnes,18761745.1,Carbon dioxide equivalents,Seasonally adjusted
2010.12,ZZ9,Total industry,Emissions,Tonnes,18807677.9,Carbon dioxide equivalents,Seasonally adjusted
2011.03,ZZ9,Total industry,Emissions,Tonnes,18567408,Carbon dioxide equivalents,Seasonally adjusted
2011.06,ZZ9,Total industry,Emissions,Tonnes,18201840.2,Carbon dioxide equivalents,Seasonally adjusted
2011.09,ZZ9,Total industry,Emissions,Tonnes,19201725.2,Carbon dioxide equivalents,Seasonally adjusted
2011.12,ZZ9,Total industry,Emissions,Tonnes,19247478.9,Carbon dioxide equivalents,Seasonally adjusted
2012.03,ZZ9,Total industry,Emissions,Tonnes,19471354.6,Carbon dioxide equivalents,Seasonally adjusted
2012.06,ZZ9,Total industry,Emissions,Tonnes,20171997.9,Carbon dioxide equivalents,Seasonally adjusted
2012.09,ZZ9,Total industry,Emissions,Tonnes,19296849.3,Carbon dioxide equivalents,Seasonally adjusted
2012.12,ZZ9,Total industry,Emissions,Tonnes,18987839.6,Carbon dioxide equivalents,Seasonally adjusted
2013.03,ZZ9,Total industry,Emissions,Tonnes,18990609.7,Carbon dioxide equivalents,Seasonally adjusted
2013.06,ZZ9,Total industry,Emissions,Tonnes,19579901.4,Carbon dioxide equivalents,Seasonally adjusted
2013.09,ZZ9,Total industry,Emissions,Tonnes,19298372.1,Carbon dioxide equivalents,Seasonally adjusted
2013.12,ZZ9,Total industry,Emissions,Tonnes,19155471.1,Carbon dioxide equivalents,Seasonally adjusted
2014.03,ZZ9,Total industry,Emissions,Tonnes,19186854.1,Carbon dioxide equivalents,Seasonally adjusted
2014.06,ZZ9,Total industry,Emissions,Tonnes,19031386.1,Carbon dioxide equivalents,Seasonally adjusted
2014.09,ZZ9,Total industry,Emissions,Tonnes,19436990.8,Carbon dioxide equivalents,Seasonally adjusted
2014.12,ZZ9,Total industry,Emissions,Tonnes,19756649.7,Carbon dioxide equivalents,Seasonally adjusted
2015.03,ZZ9,Total industry,Emissions,Tonnes,19620133.9,Carbon dioxide equivalents,Seasonally adjusted
2015.06,ZZ9,Total industry,Emissions,Tonnes,19161483.8,Carbon dioxide equivalents,Seasonally adjusted
2015.09,ZZ9,Total industry,Emissions,Tonnes,19067029.3,Carbon dioxide equivalents,Seasonally adjusted
2015.12,ZZ9,Total industry,Emissions,Tonnes,19256815.9,Carbon dioxide equivalents,Seasonally adjusted
2016.03,ZZ9,Total industry,Emissions,Tonnes,19102014,Carbon dioxide equivalents,Seasonally adjusted
2016.06,ZZ9,Total industry,Emissions,Tonnes,18683016.2,Carbon dioxide equivalents,Seasonally adjusted
2016.09,ZZ9,Total industry,Emissions,Tonnes,18807130.1,Carbon dioxide equivalents,Seasonally adjusted
2016.12,ZZ9,Total industry,Emissions,Tonnes,18357395.9,Carbon dioxide equivalents,Seasonally adjusted
2017.03,ZZ9,Total industry,Emissions,Tonnes,18725348.5,Carbon dioxide equivalents,Seasonally adjusted
2017.06,ZZ9,Total industry,Emissions,Tonnes,19087833.2,Carbon dioxide equivalents,Seasonally adjusted
2017.09,ZZ9,Total industry,Emissions,Tonnes,19205912.2,Carbon dioxide equivalents,Seasonally adjusted
2017.12,ZZ9,Total industry,Emissions,Tonnes,19233311.1,Carbon dioxide equivalents,Seasonally adjusted
2018.03,ZZ9,Total industry,Emissions,Tonnes,18909848.5,Carbon dioxide equivalents,Seasonally adjusted
2018.06,ZZ9,Total industry,Emissions,Tonnes,18977708.7,Carbon dioxide equivalents,Seasonally adjusted
2018.09,ZZ9,Total industry,Emissions,Tonnes,19258695.6,Carbon dioxide equivalents,Seasonally adjusted
2018.12,ZZ9,Total industry,Emissions,Tonnes,19601964.1,Carbon dioxide equivalents,Seasonally adjusted
2019.03,ZZ9,Total industry,Emissions,Tonnes,19632642.2,Carbon dioxide equivalents,Seasonally adjusted
2019.06,ZZ9,Total industry,Emissions,Tonnes,19279651.6,Carbon dioxide equivalents,Seasonally adjusted
2019.09,ZZ9,Total industry,Emissions,Tonnes,19562741.2,Carbon dioxide equivalents,Seasonally adjusted
2019.12,ZZ9,Total industry,Emissions,Tonnes,19504240.8,Carbon dioxide equivalents,Seasonally adjusted
2020.03,ZZ9,Total industry,Emissions,Tonnes,19011138.2,Carbon dioxide equivalents,Seasonally adjusted
2020.06,ZZ9,Total industry,Emissions,Tonnes,17440965.1,Carbon dioxide equivalents,Seasonally adjusted
2020.09,ZZ9,Total industry,Emissions,Tonnes,18904856.5,Carbon dioxide equivalents,Seasonally adjusted
2020.12,ZZ9,Total industry,Emissions,Tonnes,18810656.3,Carbon dioxide equivalents,Seasonally adjusted
2021.03,ZZ9,Total industry,Emissions,Tonnes,18937929.7,Carbon dioxide equivalents,Seasonally adjusted
2021.06,ZZ9,Total industry,Emissions,Tonnes,19313392.2,Carbon dioxide equivalents,Seasonally adjusted
2021.09,ZZ9,Total industry,Emissions,Tonnes,18003568.5,Carbon dioxide equivalents,Seasonally adjusted
2021.12,ZZ9,Total industry,Emissions,Tonnes,18058529.3,Carbon dioxide equivalents,Seasonally adjusted
2022.03,ZZ9,Total industry,Emissions,Tonnes,18309101.9,Carbon dioxide equivalents,Seasonally adjusted
2022.06,ZZ9,Total industry,Emissions,Tonnes,18035805.6,Carbon dioxide equivalents,Seasonally adjusted
2022.09,ZZ9,Total industry,Emissions,Tonnes,17447086.8,Carbon dioxide equivalents,Seasonally adjusted
2022.12,ZZ9,Total industry,Emissions,Tonnes,17497117.3,Carbon dioxide equivalents,Seasonally adjusted
2023.03,ZZ9,Total industry,Emissions,Tonnes,17456927.6,Carbon dioxide equivalents,Seasonally adjusted
2023.06,ZZ9,Total industry,Emissions,Tonnes,17261633.6,Carbon dioxide equivalents,Seasonally adjusted
2023.09,ZZ9,Total industry,Emissions,Tonnes,17931134.8,Carbon dioxide equivalents,Seasonally adjusted
2023.12,ZZ9,Total industry,Emissions,Tonnes,17907022.6,Carbon dioxide equivalents,Seasonally adjusted
2024.03,ZZ9,Total industry,Emissions,Tonnes,17513432.8,Carbon dioxide equivalents,Seasonally adjusted
2024.06,ZZ9,Total industry,Emissions,Tonnes,17788916.9,Carbon dioxide equivalents,Seasonally adjusted
2024.09,ZZ9,Total industry,Emissions,Tonnes,17543666.1,Carbon dioxide equivalents,Seasonally adjusted
2024.12,ZZ9,Total industry,Emissions,Tonnes,17183315.8,Carbon dioxide equivalents,Seasonally adjusted
2025.03,ZZ9,Total industry,Emissions,Tonnes,17399660.1,Carbon dioxide equivalents,Seasonally adjusted
2025.06,ZZ9,Total industry,Emissions,Tonnes,17121592.1,Carbon dioxide equivalents,Seasonally adjusted
2025.09,ZZ9,Total industry,Emissions,Tonnes,16894303.8,Carbon dioxide equivalents,Seasonally adjusted
2025.12,ZZ9,Total industry,Emissions,Tonnes,16929763,Carbon dioxide equivalents,Seasonally adjusted
2010.03,A23,"Forestry, fishing, and support services to agriculture, forestry, and fishing",Value added,$million value added (constant price),622,Not applicable,Seasonally adjusted
2010.06,A23,"Forestry, fishing, and support services to agriculture, forestry, and fishing",Value added,$million value added (constant price),642,Not applicable,Seasonally adjusted
2010.09,A23,"Forestry, fishing, and support services to agriculture, forestry, and fishing",Value added,$million value added (constant price),648,Not applicable,Seasonally adjusted
2010.12,A23,"Forestry, fishing, and support services to agriculture, forestry, and fishing",Value added,$million value added (constant price),686,Not applicable,Seasonally adjusted
2011.03,A23,"Forestry, fishing, and support services to agriculture, forestry, and fishing",Value added,$million value added (constant price),702,Not applicable,Seasonally adjusted
2011.06,A23,"Forestry, fishing, and support services to agriculture, forestry, and fishing",Value added,$million value added (constant price),699,Not applicable,Seasonally adjusted
2011.09,A23,"Forestry, fishing, and support services to agriculture, forestry, and fishing",Value added,$million value added (constant price),707,Not applicable,Seasonally adjusted
2011.12,A23,"Forestry, fishing, and support services to agriculture, forestry, and fishing",Value added,$million value added (constant price),691,Not applicable,Seasonally adjusted
2012.03,A23,"Forestry, fishing, and support services to agriculture, forestry, and fishing",Value added,$million value added (constant price),700,Not applicable,Seasonally adjusted
2012.06,A23,"Forestry, fishing, and support services to agriculture, forestry, and fishing",Value added,$million value added (constant price),739,Not applicable,Seasonally adjusted
2012.09,A23,"Forestry, fishing, and support services to agriculture, forestry, and fishing",Value added,$million value added (constant price),725,Not applicable,Seasonally adjusted
2012.12,A23,"Forestry, fishing, and support services to agriculture, forestry, and fishing",Value added,$million value added (constant price),742,Not applicable,Seasonally adjusted
2013.03,A23,"Forestry, fishing, and support services to agriculture, forestry, and fishing",Value added,$million value added (constant price),746,Not applicable,Seasonally adjusted
2013.06,A23,"Forestry, fishing, and support services to agriculture, forestry, and fishing",Value added,$million value added (constant price),763,Not applicable,Seasonally adjusted
2013.09,A23,"Forestry, fishing, and support services to agriculture, forestry, and fishing",Value added,$million value added (constant price),806,Not applicable,Seasonally adjusted
2013.12,A23,"Forestry, fishing, and support services to agriculture, forestry, and fishing",Value added,$million value added (constant price),816,Not applicable,Seasonally adjusted
2014.03,A23,"Forestry, fishing, and support services to agriculture, forestry, and fishing",Value added,$million value added (constant price),822,Not applicable,Seasonally adjusted
2014.06,A23,"Forestry, fishing, and support services to agriculture, forestry, and fishing",Value added,$million value added (constant price),820,Not applicable,Seasonally adjusted
2014.09,A23,"Forestry, fishing, and support services to agriculture, forestry, and fishing",Value added,$million value added (constant price),803,Not applicable,Seasonally adjusted
2014.12,A23,"Forestry, fishing, and support services to agriculture, forestry, and fishing",Value added,$million value added (constant price),830,Not applicable,Seasonally adjusted
2015.03,A23,"Forestry, fishing, and support services to agriculture, forestry, and fishing",Value added,$million value added (constant price),840,Not applicable,Seasonally adjusted
2015.06,A23,"Forestry, fishing, and support services to agriculture, forestry, and fishing",Value added,$million value added (constant price),830,Not applicable,Seasonally adjusted
2015.09,A23,"Forestry, fishing, and support services to agriculture, forestry, and fishing",Value added,$million value added (constant price),806,Not applicable,Seasonally adjusted
2015.12,A23,"Forestry, fishing, and support services to agriculture, forestry, and fishing",Value added,$million value added (constant price),828,Not applicable,Seasonally adjusted
2016.03,A23,"Forestry, fishing, and support services to agriculture, forestry, and fishing",Value added,$million value added (constant price),851,Not applicable,Seasonally adjusted
2016.06,A23,"Forestry, fishing, and support services to agriculture, forestry, and fishing",Value added,$million value added (constant price),845,Not applicable,Seasonally adjusted
2016.09,A23,"Forestry, fishing, and support services to agriculture, forestry, and fishing",Value added,$million value added (constant price),878,Not applicable,Seasonally adjusted
2016.12,A23,"Forestry, fishing, and support services to agriculture, forestry, and fishing",Value added,$million value added (constant price),847,Not applicable,Seasonally adjusted
2017.03,A23,"Forestry, fishing, and support services to agriculture, forestry, and fishing",Value added,$million value added (constant price),857,Not applicable,Seasonally adjusted
2017.06,A23,"Forestry, fishing, and support services to agriculture, forestry, and fishing",Value added,$million value added (constant price),910,Not applicable,Seasonally adjusted
2017.09,A23,"Forestry, fishing, and support services to agriculture, forestry, and fishing",Value added,$million value added (constant price),927,Not applicable,Seasonally adjusted
2017.12,A23,"Forestry, fishing, and support services to agriculture, forestry, and fishing",Value added,$million value added (constant price),958,Not applicable,Seasonally adjusted
2018.03,A23,"Forestry, fishing, and support services to agriculture, forestry, and fishing",Value added,$million value added (constant price),947,Not applicable,Seasonally adjusted
2018.06,A23,"Forestry, fishing, and support services to agriculture, forestry, and fishing",Value added,$million value added (constant price),943,Not applicable,Seasonally adjusted
2018.09,A23,"Forestry, fishing, and support services to agriculture, forestry, and fishing",Value added,$million value added (constant price),964,Not applicable,Seasonally adjusted
2018.12,A23,"Forestry, fishing, and support services to agriculture, forestry, and fishing",Value added,$million value added (constant price),973,Not applicable,Seasonally adjusted
2019.03,A23,"Forestry, fishing, and support services to agriculture, forestry, and fishing",Value added,$million value added (constant price),996,Not applicable,Seasonally adjusted
2019.06,A23,"Forestry, fishing, and support services to agriculture, forestry, and fishing",Value added,$million value added (constant price),981,Not applicable,Seasonally adjusted
2019.09,A23,"Forestry, fishing, and support services to agriculture, forestry, and fishing",Value added,$million value added (constant price),969,Not applicable,Seasonally adjusted
2019.12,A23,"Forestry, fishing, and support services to agriculture, forestry, and fishing",Value added,$million value added (constant price),954,Not applicable,Seasonally adjusted
2020.03,A23,"Forestry, fishing, and support services to agriculture, forestry, and fishing",Value added,$million value added (constant price),937,Not applicable,Seasonally adjusted
2020.06,A23,"Forestry, fishing, and support services to agriculture, forestry, and fishing",Value added,$million value added (constant price),872,Not applicable,Seasonally adjusted
2020.09,A23,"Forestry, fishing, and support services to agriculture, forestry, and fishing",Value added,$million value added (constant price),1030,Not applicable,Seasonally adjusted
2020.12,A23,"Forestry, fishing, and support services to agriculture, forestry, and fishing",Value added,$million value added (constant price),1012,Not applicable,Seasonally adjusted
2021.03,A23,"Forestry, fishing, and support services to agriculture, forestry, and fishing",Value added,$million value added (constant price),1025,Not applicable,Seasonally adjusted
2021.06,A23,"Forestry, fishing, and support services to agriculture, forestry, and fishing",Value added,$million value added (constant price),1026,Not applicable,Seasonally adjusted
2021.09,A23,"Forestry, fishing, and support services to agriculture, forestry, and fishing",Value added,$million value added (constant price),990,Not applicable,Seasonally adjusted
2021.12,A23,"Forestry, fishing, and support services to agriculture, forestry, and fishing",Value added,$million value added (constant price),1014,Not applicable,Seasonally adjusted
2022.03,A23,"Forestry, fishing, and support services to agriculture, forestry, and fishing",Value added,$million value added (constant price),1022,Not applicable,Seasonally adjusted
2022.06,A23,"Forestry, fishing, and support services to agriculture, forestry, and fishing",Value added,$million value added (constant price),1048,Not applicable,Seasonally adjusted
2022.09,A23,"Forestry, fishing, and support services to agriculture, forestry, and fishing",Value added,$million value added (constant price),1029,Not applicable,Seasonally adjusted
2022.12,A23,"Forestry, fishing, and support services to agriculture, forestry, and fishing",Value added,$million value added (constant price),986,Not applicable,Seasonally adjusted
2023.03,A23,"Forestry, fishing, and support services to agriculture, forestry, and fishing",Value added,$million value added (constant price),965,Not applicable,Seasonally adjusted
2023.06,A23,"Forestry, fishing, and support services to agriculture, forestry, and fishing",Value added,$million value added (constant price),968,Not applicable,Seasonally adjusted
2023.09,A23,"Forestry, fishing, and support services to agriculture, forestry, and fishing",Value added,$million value added (constant price),964,Not applicable,Seasonally adjusted
2023.12,A23,"Forestry, fishing, and support services to agriculture, forestry, and fishing",Value added,$million value added (constant price),965,Not applicable,Seasonally adjusted
2024.03,A23,"Forestry, fishing, and support services to agriculture, forestry, and fishing",Value added,$million value added (constant price),957,Not applicable,Seasonally adjusted
2024.06,A23,"Forestry, fishing, and support services to agriculture, forestry, and fishing",Value added,$million value added (constant price),938,Not applicable,Seasonally adjusted
2024.09,A23,"Forestry, fishing, and support services to agriculture, forestry, and fishing",Value added,$million value added (constant price),946,Not applicable,Seasonally adjusted
2024.12,A23,"Forestry, fishing, and support services to agriculture, forestry, and fishing",Value added,$million value added (constant price),956,Not applicable,Seasonally adjusted
2025.03,A23,"Forestry, fishing, and support services to agriculture, forestry, and fishing",Value added,$million value added (constant price),961,Not applicable,Seasonally adjusted
2025.06,A23,"Forestry, fishing, and support services to agriculture, forestry, and fishing",Value added,$million value added (constant price),936,Not applicable,Seasonally adjusted
2025.09,A23,"Forestry, fishing, and support services to agriculture, forestry, and fishing",Value added,$million value added (constant price),951,Not applicable,Seasonally adjusted
2025.12,A23,"Forestry, fishing, and support services to agriculture, forestry, and fishing",Value added,$million value added (constant price),959,Not applicable,Seasonally adjusted
2010.03,AA1,Agriculture,Value added,$million value added (constant price),2129,Not applicable,Seasonally adjusted
2010.06,AA1,Agriculture,Value added,$million value added (constant price),1910,Not applicable,Seasonally adjusted
2010.09,AA1,Agriculture,Value added,$million value added (constant price),1896,Not applicable,Seasonally adjusted
2010.12,AA1,Agriculture,Value added,$million value added (constant price),1871,Not applicable,Seasonally adjusted
2011.03,AA1,Agriculture,Value added,$million value added (constant price),1941,Not applicable,Seasonally adjusted
2011.06,AA1,Agriculture,Value added,$million value added (constant price),2124,Not applicable,Seasonally adjusted
2011.09,AA1,Agriculture,Value added,$million value added (constant price),2118,Not applicable,Seasonally adjusted
2011.12,AA1,Agriculture,Value added,$million value added (constant price),2178,Not applicable,Seasonally adjusted
2012.03,AA1,Agriculture,Value added,$million value added (constant price),2291,Not applicable,Seasonally adjusted
2012.06,AA1,Agriculture,Value added,$million value added (constant price),2357,Not applicable,Seasonally adjusted
2012.09,AA1,Agriculture,Value added,$million value added (constant price),2310,Not applicable,Seasonally adjusted
2012.12,AA1,Agriculture,Value added,$million value added (constant price),2303,Not applicable,Seasonally adjusted
2013.03,AA1,Agriculture,Value added,$million value added (constant price),2193,Not applicable,Seasonally adjusted
2013.06,AA1,Agriculture,Value added,$million value added (constant price),2013,Not applicable,Seasonally adjusted
2013.09,AA1,Agriculture,Value added,$million value added (constant price),2249,Not applicable,Seasonally adjusted
2013.12,AA1,Agriculture,Value added,$million value added (constant price),2182,Not applicable,Seasonally adjusted
2014.03,AA1,Agriculture,Value added,$million value added (constant price),2231,Not applicable,Seasonally adjusted
2014.06,AA1,Agriculture,Value added,$million value added (constant price),2198,Not applicable,Seasonally adjusted
2014.09,AA1,Agriculture,Value added,$million value added (constant price),2306,Not applicable,Seasonally adjusted
2014.12,AA1,Agriculture,Value added,$million value added (constant price),2345,Not applicable,Seasonally adjusted
2015.03,AA1,Agriculture,Value added,$million value added (constant price),2314,Not applicable,Seasonally adjusted
2015.06,AA1,Agriculture,Value added,$million value added (constant price),2340,Not applicable,Seasonally adjusted
2015.09,AA1,Agriculture,Value added,$million value added (constant price),2389,Not applicable,Seasonally adjusted
2015.12,AA1,Agriculture,Value added,$million value added (constant price),2389,Not applicable,Seasonally adjusted
2016.03,AA1,Agriculture,Value added,$million value added (constant price),2403,Not applicable,Seasonally adjusted
2016.06,AA1,Agriculture,Value added,$million value added (constant price),2432,Not applicable,Seasonally adjusted
2016.09,AA1,Agriculture,Value added,$million value added (constant price),2334,Not applicable,Seasonally adjusted
2016.12,AA1,Agriculture,Value added,$million value added (constant price),2332,Not applicable,Seasonally adjusted
2017.03,AA1,Agriculture,Value added,$million value added (constant price),2398,Not applicable,Seasonally adjusted
2017.06,AA1,Agriculture,Value added,$million value added (constant price),2207,Not applicable,Seasonally adjusted
2017.09,AA1,Agriculture,Value added,$million value added (constant price),2157,Not applicable,Seasonally adjusted
2017.12,AA1,Agriculture,Value added,$million value added (constant price),2133,Not applicable,Seasonally adjusted
2018.03,AA1,Agriculture,Value added,$million value added (constant price),2186,Not applicable,Seasonally adjusted
2018.06,AA1,Agriculture,Value added,$million value added (constant price),2294,Not applicable,Seasonally adjusted
2018.09,AA1,Agriculture,Value added,$million value added (constant price),2306,Not applicable,Seasonally adjusted
2018.12,AA1,Agriculture,Value added,$million value added (constant price),2334,Not applicable,Seasonally adjusted
2019.03,AA1,Agriculture,Value added,$million value added (constant price),2289,Not applicable,Seasonally adjusted
2019.06,AA1,Agriculture,Value added,$million value added (constant price),2235,Not applicable,Seasonally adjusted
2019.09,AA1,Agriculture,Value added,$million value added (constant price),2230,Not applicable,Seasonally adjusted
2019.12,AA1,Agriculture,Value added,$million value added (constant price),2232,Not applicable,Seasonally adjusted
2020.03,AA1,Agriculture,Value added,$million value added (constant price),2230,Not applicable,Seasonally adjusted
2020.06,AA1,Agriculture,Value added,$million value added (constant price),2227,Not applicable,Seasonally adjusted
2020.09,AA1,Agriculture,Value added,$million value added (constant price),2389,Not applicable,Seasonally adjusted
2020.12,AA1,Agriculture,Value added,$million value added (constant price),2354,Not applicable,Seasonally adjusted
2021.03,AA1,Agriculture,Value added,$million value added (constant price),2369,Not applicable,Seasonally adjusted
2021.06,AA1,Agriculture,Value added,$million value added (constant price),2395,Not applicable,Seasonally adjusted
2021.09,AA1,Agriculture,Value added,$million value added (constant price),2258,Not applicable,Seasonally adjusted
2021.12,AA1,Agriculture,Value added,$million value added (constant price),2223,Not applicable,Seasonally adjusted
2022.03,AA1,Agriculture,Value added,$million value added (constant price),2244,Not applicable,Seasonally adjusted
2022.06,AA1,Agriculture,Value added,$million value added (constant price),2221,Not applicable,Seasonally adjusted
2022.09,AA1,Agriculture,Value added,$million value added (constant price),2268,Not applicable,Seasonally adjusted
2022.12,AA1,Agriculture,Value added,$million value added (constant price),2317,Not applicable,Seasonally adjusted
2023.03,AA1,Agriculture,Value added,$million value added (constant price),2360,Not applicable,Seasonally adjusted
2023.06,AA1,Agriculture,Value added,$million value added (constant price),2361,Not applicable,Seasonally adjusted
2023.09,AA1,Agriculture,Value added,$million value added (constant price),2417,Not applicable,Seasonally adjusted
2023.12,AA1,Agriculture,Value added,$million value added (constant price),2454,Not applicable,Seasonally adjusted
2024.03,AA1,Agriculture,Value added,$million value added (constant price),2481,Not applicable,Seasonally adjusted
2024.06,AA1,Agriculture,Value added,$million value added (constant price),2588,Not applicable,Seasonally adjusted
2024.09,AA1,Agriculture,Value added,$million value added (constant price),2615,Not applicable,Seasonally adjusted
2024.12,AA1,Agriculture,Value added,$million value added (constant price),2601,Not applicable,Seasonally adjusted
2025.03,AA1,Agriculture,Value added,$million value added (constant price),2613,Not applicable,Seasonally adjusted
2025.06,AA1,Agriculture,Value added,$million value added (constant price),2654,Not applicable,Seasonally adjusted
2025.09,AA1,Agriculture,Value added,$million value added (constant price),2635,Not applicable,Seasonally adjusted
2025.12,AA1,Agriculture,Value added,$million value added (constant price),2645,Not applicable,Seasonally adjusted
2010.03,AAZ,"Agriculture, forestry, and fishing",Value added,$million value added (constant price),2747,Not applicable,Seasonally adjusted
2010.06,AAZ,"Agriculture, forestry, and fishing",Value added,$million value added (constant price),2549,Not applicable,Seasonally adjusted
2010.09,AAZ,"Agriculture, forestry, and fishing",Value added,$million value added (constant price),2542,Not applicable,Seasonally adjusted
2010.12,AAZ,"Agriculture, forestry, and fishing",Value added,$million value added (constant price),2553,Not applicable,Seasonally adjusted
2011.03,AAZ,"Agriculture, forestry, and fishing",Value added,$million value added (constant price),2639,Not applicable,Seasonally adjusted
2011.06,AAZ,"Agriculture, forestry, and fishing",Value added,$million value added (constant price),2832,Not applicable,Seasonally adjusted
2011.09,AAZ,"Agriculture, forestry, and fishing",Value added,$million value added (constant price),2830,Not applicable,Seasonally adjusted
2011.12,AAZ,"Agriculture, forestry, and fishing",Value added,$million value added (constant price),2881,Not applicable,Seasonally adjusted
2012.03,AAZ,"Agriculture, forestry, and fishing",Value added,$million value added (constant price),3008,Not applicable,Seasonally adjusted
2012.06,AAZ,"Agriculture, forestry, and fishing",Value added,$million value added (constant price),3110,Not applicable,Seasonally adjusted
2012.09,AAZ,"Agriculture, forestry, and fishing",Value added,$million value added (constant price),3049,Not applicable,Seasonally adjusted
2012.12,AAZ,"Agriculture, forestry, and fishing",Value added,$million value added (constant price),3056,Not applicable,Seasonally adjusted
2013.03,AAZ,"Agriculture, forestry, and fishing",Value added,$million value added (constant price),2944,Not applicable,Seasonally adjusted
2013.06,AAZ,"Agriculture, forestry, and fishing",Value added,$million value added (constant price),2783,Not applicable,Seasonally adjusted
2013.09,AAZ,"Agriculture, forestry, and fishing",Value added,$million value added (constant price),3064,Not applicable,Seasonally adjusted
2013.12,AAZ,"Agriculture, forestry, and fishing",Value added,$million value added (constant price),3008,Not applicable,Seasonally adjusted
2014.03,AAZ,"Agriculture, forestry, and fishing",Value added,$million value added (constant price),3063,Not applicable,Seasonally adjusted
2014.06,AAZ,"Agriculture, forestry, and fishing",Value added,$million value added (constant price),3024,Not applicable,Seasonally adjusted
2014.09,AAZ,"Agriculture, forestry, and fishing",Value added,$million value added (constant price),3131,Not applicable,Seasonally adjusted
2014.12,AAZ,"Agriculture, forestry, and fishing",Value added,$million value added (constant price),3194,Not applicable,Seasonally adjusted
2015.03,AAZ,"Agriculture, forestry, and fishing",Value added,$million value added (constant price),3168,Not applicable,Seasonally adjusted
2015.06,AAZ,"Agriculture, forestry, and fishing",Value added,$million value added (constant price),3184,Not applicable,Seasonally adjusted
2015.09,AAZ,"Agriculture, forestry, and fishing",Value added,$million value added (constant price),3205,Not applicable,Seasonally adjusted
2015.12,AAZ,"Agriculture, forestry, and fishing",Value added,$million value added (constant price),3230,Not applicable,Seasonally adjusted
2016.03,AAZ,"Agriculture, forestry, and fishing",Value added,$million value added (constant price),3270,Not applicable,Seasonally adjusted
2016.06,AAZ,"Agriculture, forestry, and fishing",Value added,$million value added (constant price),3290,Not applicable,Seasonally adjusted
2016.09,AAZ,"Agriculture, forestry, and fishing",Value added,$million value added (constant price),3242,Not applicable,Seasonally adjusted
2016.12,AAZ,"Agriculture, forestry, and fishing",Value added,$million value added (constant price),3202,Not applicable,Seasonally adjusted
2017.03,AAZ,"Agriculture, forestry, and fishing",Value added,$million value added (constant price),3275,Not applicable,Seasonally adjusted
2017.06,AAZ,"Agriculture, forestry, and fishing",Value added,$million value added (constant price),3136,Not applicable,Seasonally adjusted
2017.09,AAZ,"Agriculture, forestry, and fishing",Value added,$million value added (constant price),3103,Not applicable,Seasonally adjusted
2017.12,AAZ,"Agriculture, forestry, and fishing",Value added,$million value added (constant price),3109,Not applicable,Seasonally adjusted
2018.03,AAZ,"Agriculture, forestry, and fishing",Value added,$million value added (constant price),3152,Not applicable,Seasonally adjusted
2018.06,AAZ,"Agriculture, forestry, and fishing",Value added,$million value added (constant price),3262,Not applicable,Seasonally adjusted
2018.09,AAZ,"Agriculture, forestry, and fishing",Value added,$million value added (constant price),3293,Not applicable,Seasonally adjusted
2018.12,AAZ,"Agriculture, forestry, and fishing",Value added,$million value added (constant price),3331,Not applicable,Seasonally adjusted
2019.03,AAZ,"Agriculture, forestry, and fishing",Value added,$million value added (constant price),3303,Not applicable,Seasonally adjusted
2019.06,AAZ,"Agriculture, forestry, and fishing",Value added,$million value added (constant price),3235,Not applicable,Seasonally adjusted
2019.09,AAZ,"Agriculture, forestry, and fishing",Value added,$million value added (constant price),3218,Not applicable,Seasonally adjusted
2019.12,AAZ,"Agriculture, forestry, and fishing",Value added,$million value added (constant price),3206,Not applicable,Seasonally adjusted
2020.03,AAZ,"Agriculture, forestry, and fishing",Value added,$million value added (constant price),3191,Not applicable,Seasonally adjusted
2020.06,AAZ,"Agriculture, forestry, and fishing",Value added,$million value added (constant price),3134,Not applicable,Seasonally adjusted
2020.09,AAZ,"Agriculture, forestry, and fishing",Value added,$million value added (constant price),3440,Not applicable,Seasonally adjusted
2020.12,AAZ,"Agriculture, forestry, and fishing",Value added,$million value added (constant price),3388,Not applicable,Seasonally adjusted
2021.03,AAZ,"Agriculture, forestry, and fishing",Value added,$million value added (constant price),3415,Not applicable,Seasonally adjusted
2021.06,AAZ,"Agriculture, forestry, and fishing",Value added,$million value added (constant price),3444,Not applicable,Seasonally adjusted
2021.09,AAZ,"Agriculture, forestry, and fishing",Value added,$million value added (constant price),3265,Not applicable,Seasonally adjusted
2021.12,AAZ,"Agriculture, forestry, and fishing",Value added,$million value added (constant price),3246,Not applicable,Seasonally adjusted
2022.03,AAZ,"Agriculture, forestry, and fishing",Value added,$million value added (constant price),3275,Not applicable,Seasonally adjusted
2022.06,AAZ,"Agriculture, forestry, and fishing",Value added,$million value added (constant price),3268,Not applicable,Seasonally adjusted
2022.09,AAZ,"Agriculture, forestry, and fishing",Value added,$million value added (constant price),3307,Not applicable,Seasonally adjusted
2022.12,AAZ,"Agriculture, forestry, and fishing",Value added,$million value added (constant price),3329,Not applicable,Seasonally adjusted
2023.03,AAZ,"Agriculture, forestry, and fishing",Value added,$million value added (constant price),3360,Not applicable,Seasonally adjusted
2023.06,AAZ,"Agriculture, forestry, and fishing",Value added,$million value added (constant price),3359,Not applicable,Seasonally adjusted
2023.09,AAZ,"Agriculture, forestry, and fishing",Value added,$million value added (constant price),3411,Not applicable,Seasonally adjusted
2023.12,AAZ,"Agriculture, forestry, and fishing",Value added,$million value added (constant price),3450,Not applicable,Seasonally adjusted
2024.03,AAZ,"Agriculture, forestry, and fishing",Value added,$million value added (constant price),3471,Not applicable,Seasonally adjusted
2024.06,AAZ,"Agriculture, forestry, and fishing",Value added,$million value added (constant price),3563,Not applicable,Seasonally adjusted
2024.09,AAZ,"Agriculture, forestry, and fishing",Value added,$million value added (constant price),3599,Not applicable,Seasonally adjusted
2024.12,AAZ,"Agriculture, forestry, and fishing",Value added,$million value added (constant price),3593,Not applicable,Seasonally adjusted
2025.03,AAZ,"Agriculture, forestry, and fishing",Value added,$million value added (constant price),3611,Not applicable,Seasonally adjusted
2025.06,AAZ,"Agriculture, forestry, and fishing",Value added,$million value added (constant price),3629,Not applicable,Seasonally adjusted
2025.09,AAZ,"Agriculture, forestry, and fishing",Value added,$million value added (constant price),3624,Not applicable,Seasonally adjusted
2025.12,AAZ,"Agriculture, forestry, and fishing",Value added,$million value added (constant price),3641,Not applicable,Seasonally adjusted
2010.03,BB1,Mining,Value added,$million value added (constant price),1032,Not applicable,Seasonally adjusted
2010.06,BB1,Mining,Value added,$million value added (constant price),1025,Not applicable,Seasonally adjusted
2010.09,BB1,Mining,Value added,$million value added (constant price),936,Not applicable,Seasonally adjusted
2010.12,BB1,Mining,Value added,$million value added (constant price),891,Not applicable,Seasonally adjusted
2011.03,BB1,Mining,Value added,$million value added (constant price),868,Not applicable,Seasonally adjusted
2011.06,BB1,Mining,Value added,$million value added (constant price),806,Not applicable,Seasonally adjusted
2011.09,BB1,Mining,Value added,$million value added (constant price),845,Not applicable,Seasonally adjusted
2011.12,BB1,Mining,Value added,$million value added (constant price),822,Not applicable,Seasonally adjusted
2012.03,BB1,Mining,Value added,$million value added (constant price),808,Not applicable,Seasonally adjusted
2012.06,BB1,Mining,Value added,$million value added (constant price),818,Not applicable,Seasonally adjusted
2012.09,BB1,Mining,Value added,$million value added (constant price),784,Not applicable,Seasonally adjusted
2012.12,BB1,Mining,Value added,$million value added (constant price),760,Not applicable,Seasonally adjusted
2013.03,BB1,Mining,Value added,$million value added (constant price),780,Not applicable,Seasonally adjusted
2013.06,BB1,Mining,Value added,$million value added (constant price),821,Not applicable,Seasonally adjusted
2013.09,BB1,Mining,Value added,$million value added (constant price),748,Not applicable,Seasonally adjusted
2013.12,BB1,Mining,Value added,$million value added (constant price),788,Not applicable,Seasonally adjusted
2014.03,BB1,Mining,Value added,$million value added (constant price),920,Not applicable,Seasonally adjusted
2014.06,BB1,Mining,Value added,$million value added (constant price),878,Not applicable,Seasonally adjusted
2014.09,BB1,Mining,Value added,$million value added (constant price),894,Not applicable,Seasonally adjusted
2014.12,BB1,Mining,Value added,$million value added (constant price),872,Not applicable,Seasonally adjusted
2015.03,BB1,Mining,Value added,$million value added (constant price),815,Not applicable,Seasonally adjusted
2015.06,BB1,Mining,Value added,$million value added (constant price),870,Not applicable,Seasonally adjusted
2015.09,BB1,Mining,Value added,$million value added (constant price),845,Not applicable,Seasonally adjusted
2015.12,BB1,Mining,Value added,$million value added (constant price),800,Not applicable,Seasonally adjusted
2016.03,BB1,Mining,Value added,$million value added (constant price),783,Not applicable,Seasonally adjusted
2016.06,BB1,Mining,Value added,$million value added (constant price),761,Not applicable,Seasonally adjusted
2016.09,BB1,Mining,Value added,$million value added (constant price),767,Not applicable,Seasonally adjusted
2016.12,BB1,Mining,Value added,$million value added (constant price),746,Not applicable,Seasonally adjusted
2017.03,BB1,Mining,Value added,$million value added (constant price),731,Not applicable,Seasonally adjusted
2017.06,BB1,Mining,Value added,$million value added (constant price),714,Not applicable,Seasonally adjusted
2017.09,BB1,Mining,Value added,$million value added (constant price),721,Not applicable,Seasonally adjusted
2017.12,BB1,Mining,Value added,$million value added (constant price),762,Not applicable,Seasonally adjusted
2018.03,BB1,Mining,Value added,$million value added (constant price),722,Not applicable,Seasonally adjusted
2018.06,BB1,Mining,Value added,$million value added (constant price),643,Not applicable,Seasonally adjusted
2018.09,BB1,Mining,Value added,$million value added (constant price),719,Not applicable,Seasonally adjusted
2018.12,BB1,Mining,Value added,$million value added (constant price),685,Not applicable,Seasonally adjusted
2019.03,BB1,Mining,Value added,$million value added (constant price),689,Not applicable,Seasonally adjusted
2019.06,BB1,Mining,Value added,$million value added (constant price),681,Not applicable,Seasonally adjusted
2019.09,BB1,Mining,Value added,$million value added (constant price),693,Not applicable,Seasonally adjusted
2019.12,BB1,Mining,Value added,$million value added (constant price),681,Not applicable,Seasonally adjusted
2020.03,BB1,Mining,Value added,$million value added (constant price),683,Not applicable,Seasonally adjusted
2020.06,BB1,Mining,Value added,$million value added (constant price),521,Not applicable,Seasonally adjusted
2020.09,BB1,Mining,Value added,$million value added (constant price),617,Not applicable,Seasonally adjusted
2020.12,BB1,Mining,Value added,$million value added (constant price),629,Not applicable,Seasonally adjusted
2021.03,BB1,Mining,Value added,$million value added (constant price),603,Not applicable,Seasonally adjusted
2021.06,BB1,Mining,Value added,$million value added (constant price),593,Not applicable,Seasonally adjusted
2021.09,BB1,Mining,Value added,$million value added (constant price),535,Not applicable,Seasonally adjusted
2021.12,BB1,Mining,Value added,$million value added (constant price),580,Not applicable,Seasonally adjusted
2022.03,BB1,Mining,Value added,$million value added (constant price),557,Not applicable,Seasonally adjusted
2022.06,BB1,Mining,Value added,$million value added (constant price),536,Not applicable,Seasonally adjusted
2022.09,BB1,Mining,Value added,$million value added (constant price),532,Not applicable,Seasonally adjusted
2022.12,BB1,Mining,Value added,$million value added (constant price),546,Not applicable,Seasonally adjusted
2023.03,BB1,Mining,Value added,$million value added (constant price),565,Not applicable,Seasonally adjusted
2023.06,BB1,Mining,Value added,$million value added (constant price),594,Not applicable,Seasonally adjusted
2023.09,BB1,Mining,Value added,$million value added (constant price),578,Not applicable,Seasonally adjusted
2023.12,BB1,Mining,Value added,$million value added (constant price),558,Not applicable,Seasonally adjusted
2024.03,BB1,Mining,Value added,$million value added (constant price),543,Not applicable,Seasonally adjusted
2024.06,BB1,Mining,Value added,$million value added (constant price),522,Not applicable,Seasonally adjusted
2024.09,BB1,Mining,Value added,$million value added (constant price),507,Not applicable,Seasonally adjusted
2024.12,BB1,Mining,Value added,$million value added (constant price),497,Not applicable,Seasonally adjusted
2025.03,BB1,Mining,Value added,$million value added (constant price),498,Not applicable,Seasonally adjusted
2025.06,BB1,Mining,Value added,$million value added (constant price),483,Not applicable,Seasonally adjusted
2025.09,BB1,Mining,Value added,$million value added (constant price),486,Not applicable,Seasonally adjusted
2025.12,BB1,Mining,Value added,$million value added (constant price),504,Not applicable,Seasonally adjusted
2010.03,C34,Wood and paper products manufacturing and printing,Value added,$million value added (constant price),688,Not applicable,Seasonally adjusted
2010.06,C34,Wood and paper products manufacturing and printing,Value added,$million value added (constant price),692,Not applicable,Seasonally adjusted
2010.09,C34,Wood and paper products manufacturing and printing,Value added,$million value added (constant price),693,Not applicable,Seasonally adjusted
2010.12,C34,Wood and paper products manufacturing and printing,Value added,$million value added (constant price),664,Not applicable,Seasonally adjusted
2011.03,C34,Wood and paper products manufacturing and printing,Value added,$million value added (constant price),651,Not applicable,Seasonally adjusted
2011.06,C34,Wood and paper products manufacturing and printing,Value added,$million value added (constant price),661,Not applicable,Seasonally adjusted
2011.09,C34,Wood and paper products manufacturing and printing,Value added,$million value added (constant price),653,Not applicable,Seasonally adjusted
2011.12,C34,Wood and paper products manufacturing and printing,Value added,$million value added (constant price),654,Not applicable,Seasonally adjusted
2012.03,C34,Wood and paper products manufacturing and printing,Value added,$million value added (constant price),659,Not applicable,Seasonally adjusted
2012.06,C34,Wood and paper products manufacturing and printing,Value added,$million value added (constant price),652,Not applicable,Seasonally adjusted
2012.09,C34,Wood and paper products manufacturing and printing,Value added,$million value added (constant price),634,Not applicable,Seasonally adjusted
2012.12,C34,Wood and paper products manufacturing and printing,Value added,$million value added (constant price),632,Not applicable,Seasonally adjusted
2013.03,C34,Wood and paper products manufacturing and printing,Value added,$million value added (constant price),629,Not applicable,Seasonally adjusted
2013.06,C34,Wood and paper products manufacturing and printing,Value added,$million value added (constant price),626,Not applicable,Seasonally adjusted
2013.09,C34,Wood and paper products manufacturing and printing,Value added,$million value added (constant price),644,Not applicable,Seasonally adjusted
2013.12,C34,Wood and paper products manufacturing and printing,Value added,$million value added (constant price),646,Not applicable,Seasonally adjusted
2014.03,C34,Wood and paper products manufacturing and printing,Value added,$million value added (constant price),638,Not applicable,Seasonally adjusted
2014.06,C34,Wood and paper products manufacturing and printing,Value added,$million value added (constant price),642,Not applicable,Seasonally adjusted
2014.09,C34,Wood and paper products manufacturing and printing,Value added,$million value added (constant price),656,Not applicable,Seasonally adjusted
2014.12,C34,Wood and paper products manufacturing and printing,Value added,$million value added (constant price),644,Not applicable,Seasonally adjusted
2015.03,C34,Wood and paper products manufacturing and printing,Value added,$million value added (constant price),645,Not applicable,Seasonally adjusted
2015.06,C34,Wood and paper products manufacturing and printing,Value added,$million value added (constant price),648,Not applicable,Seasonally adjusted
2015.09,C34,Wood and paper products manufacturing and printing,Value added,$million value added (constant price),648,Not applicable,Seasonally adjusted
2015.12,C34,Wood and paper products manufacturing and printing,Value added,$million value added (constant price),665,Not applicable,Seasonally adjusted
2016.03,C34,Wood and paper products manufacturing and printing,Value added,$million value added (constant price),667,Not applicable,Seasonally adjusted
2016.06,C34,Wood and paper products manufacturing and printing,Value added,$million value added (constant price),683,Not applicable,Seasonally adjusted
2016.09,C34,Wood and paper products manufacturing and printing,Value added,$million value added (constant price),675,Not applicable,Seasonally adjusted
2016.12,C34,Wood and paper products manufacturing and printing,Value added,$million value added (constant price),671,Not applicable,Seasonally adjusted
2017.03,C34,Wood and paper products manufacturing and printing,Value added,$million value added (constant price),670,Not applicable,Seasonally adjusted
2017.06,C34,Wood and paper products manufacturing and printing,Value added,$million value added (constant price),664,Not applicable,Seasonally adjusted
2017.09,C34,Wood and paper products manufacturing and printing,Value added,$million value added (constant price),687,Not applicable,Seasonally adjusted
2017.12,C34,Wood and paper products manufacturing and printing,Value added,$million value added (constant price),681,Not applicable,Seasonally adjusted
2018.03,C34,Wood and paper products manufacturing and printing,Value added,$million value added (constant price),695,Not applicable,Seasonally adjusted
2018.06,C34,Wood and paper products manufacturing and printing,Value added,$million value added (constant price),678,Not applicable,Seasonally adjusted
2018.09,C34,Wood and paper products manufacturing and printing,Value added,$million value added (constant price),676,Not applicable,Seasonally adjusted
2018.12,C34,Wood and paper products manufacturing and printing,Value added,$million value added (constant price),682,Not applicable,Seasonally adjusted
2019.03,C34,Wood and paper products manufacturing and printing,Value added,$million value added (constant price),670,Not applicable,Seasonally adjusted
2019.06,C34,Wood and paper products manufacturing and printing,Value added,$million value added (constant price),675,Not applicable,Seasonally adjusted
2019.09,C34,Wood and paper products manufacturing and printing,Value added,$million value added (constant price),673,Not applicable,Seasonally adjusted
2019.12,C34,Wood and paper products manufacturing and printing,Value added,$million value added (constant price),658,Not applicable,Seasonally adjusted
2020.03,C34,Wood and paper products manufacturing and printing,Value added,$million value added (constant price),678,Not applicable,Seasonally adjusted
2020.06,C34,Wood and paper products manufacturing and printing,Value added,$million value added (constant price),541,Not applicable,Seasonally adjusted
2020.09,C34,Wood and paper products manufacturing and printing,Value added,$million value added (constant price),683,Not applicable,Seasonally adjusted
2020.12,C34,Wood and paper products manufacturing and printing,Value added,$million value added (constant price),707,Not applicable,Seasonally adjusted
2021.03,C34,Wood and paper products manufacturing and printing,Value added,$million value added (constant price),706,Not applicable,Seasonally adjusted
2021.06,C34,Wood and paper products manufacturing and printing,Value added,$million value added (constant price),697,Not applicable,Seasonally adjusted
2021.09,C34,Wood and paper products manufacturing and printing,Value added,$million value added (constant price),613,Not applicable,Seasonally adjusted
2021.12,C34,Wood and paper products manufacturing and printing,Value added,$million value added (constant price),700,Not applicable,Seasonally adjusted
2022.03,C34,Wood and paper products manufacturing and printing,Value added,$million value added (constant price),680,Not applicable,Seasonally adjusted
2022.06,C34,Wood and paper products manufacturing and printing,Value added,$million value added (constant price),686,Not applicable,Seasonally adjusted
2022.09,C34,Wood and paper products manufacturing and printing,Value added,$million value added (constant price),686,Not applicable,Seasonally adjusted
2022.12,C34,Wood and paper products manufacturing and printing,Value added,$million value added (constant price),664,Not applicable,Seasonally adjusted
2023.03,C34,Wood and paper products manufacturing and printing,Value added,$million value added (constant price),639,Not applicable,Seasonally adjusted
2023.06,C34,Wood and paper products manufacturing and printing,Value added,$million value added (constant price),603,Not applicable,Seasonally adjusted
2023.09,C34,Wood and paper products manufacturing and printing,Value added,$million value added (constant price),606,Not applicable,Seasonally adjusted
2023.12,C34,Wood and paper products manufacturing and printing,Value added,$million value added (constant price),608,Not applicable,Seasonally adjusted
2024.03,C34,Wood and paper products manufacturing and printing,Value added,$million value added (constant price),627,Not applicable,Seasonally adjusted
2024.06,C34,Wood and paper products manufacturing and printing,Value added,$million value added (constant price),658,Not applicable,Seasonally adjusted
2024.09,C34,Wood and paper products manufacturing and printing,Value added,$million value added (constant price),628,Not applicable,Seasonally adjusted
2024.12,C34,Wood and paper products manufacturing and printing,Value added,$million value added (constant price),622,Not applicable,Seasonally adjusted
2025.03,C34,Wood and paper products manufacturing and printing,Value added,$million value added (constant price),624,Not applicable,Seasonally adjusted
2025.06,C34,Wood and paper products manufacturing and printing,Value added,$million value added (constant price),628,Not applicable,Seasonally adjusted
2025.09,C34,Wood and paper products manufacturing and printing,Value added,$million value added (constant price),620,Not applicable,Seasonally adjusted
2025.12,C34,Wood and paper products manufacturing and printing,Value added,$million value added (constant price),616,Not applicable,Seasonally adjusted
2010.03,C67,Non-metallic mineral and metallic product manufacturing,Value added,$million value added (constant price),841,Not applicable,Seasonally adjusted
2010.06,C67,Non-metallic mineral and metallic product manufacturing,Value added,$million value added (constant price),821,Not applicable,Seasonally adjusted
2010.09,C67,Non-metallic mineral and metallic product manufacturing,Value added,$million value added (constant price),813,Not applicable,Seasonally adjusted
2010.12,C67,Non-metallic mineral and metallic product manufacturing,Value added,$million value added (constant price),836,Not applicable,Seasonally adjusted
2011.03,C67,Non-metallic mineral and metallic product manufacturing,Value added,$million value added (constant price),821,Not applicable,Seasonally adjusted
2011.06,C67,Non-metallic mineral and metallic product manufacturing,Value added,$million value added (constant price),811,Not applicable,Seasonally adjusted
2011.09,C67,Non-metallic mineral and metallic product manufacturing,Value added,$million value added (constant price),797,Not applicable,Seasonally adjusted
2011.12,C67,Non-metallic mineral and metallic product manufacturing,Value added,$million value added (constant price),772,Not applicable,Seasonally adjusted
2012.03,C67,Non-metallic mineral and metallic product manufacturing,Value added,$million value added (constant price),830,Not applicable,Seasonally adjusted
2012.06,C67,Non-metallic mineral and metallic product manufacturing,Value added,$million value added (constant price),836,Not applicable,Seasonally adjusted
2012.09,C67,Non-metallic mineral and metallic product manufacturing,Value added,$million value added (constant price),789,Not applicable,Seasonally adjusted
2012.12,C67,Non-metallic mineral and metallic product manufacturing,Value added,$million value added (constant price),827,Not applicable,Seasonally adjusted
2013.03,C67,Non-metallic mineral and metallic product manufacturing,Value added,$million value added (constant price),798,Not applicable,Seasonally adjusted
2013.06,C67,Non-metallic mineral and metallic product manufacturing,Value added,$million value added (constant price),817,Not applicable,Seasonally adjusted
2013.09,C67,Non-metallic mineral and metallic product manufacturing,Value added,$million value added (constant price),843,Not applicable,Seasonally adjusted
2013.12,C67,Non-metallic mineral and metallic product manufacturing,Value added,$million value added (constant price),857,Not applicable,Seasonally adjusted
2014.03,C67,Non-metallic mineral and metallic product manufacturing,Value added,$million value added (constant price),889,Not applicable,Seasonally adjusted
2014.06,C67,Non-metallic mineral and metallic product manufacturing,Value added,$million value added (constant price),879,Not applicable,Seasonally adjusted
2014.09,C67,Non-metallic mineral and metallic product manufacturing,Value added,$million value added (constant price),913,Not applicable,Seasonally adjusted
2014.12,C67,Non-metallic mineral and metallic product manufacturing,Value added,$million value added (constant price),905,Not applicable,Seasonally adjusted
2015.03,C67,Non-metallic mineral and metallic product manufacturing,Value added,$million value added (constant price),916,Not applicable,Seasonally adjusted
2015.06,C67,Non-metallic mineral and metallic product manufacturing,Value added,$million value added (constant price),921,Not applicable,Seasonally adjusted
2015.09,C67,Non-metallic mineral and metallic product manufacturing,Value added,$million value added (constant price),923,Not applicable,Seasonally adjusted
2015.12,C67,Non-metallic mineral and metallic product manufacturing,Value added,$million value added (constant price),940,Not applicable,Seasonally adjusted
2016.03,C67,Non-metallic mineral and metallic product manufacturing,Value added,$million value added (constant price),925,Not applicable,Seasonally adjusted
2016.06,C67,Non-metallic mineral and metallic product manufacturing,Value added,$million value added (constant price),948,Not applicable,Seasonally adjusted
2016.09,C67,Non-metallic mineral and metallic product manufacturing,Value added,$million value added (constant price),933,Not applicable,Seasonally adjusted
2016.12,C67,Non-metallic mineral and metallic product manufacturing,Value added,$million value added (constant price),952,Not applicable,Seasonally adjusted
2017.03,C67,Non-metallic mineral and metallic product manufacturing,Value added,$million value added (constant price),940,Not applicable,Seasonally adjusted
2017.06,C67,Non-metallic mineral and metallic product manufacturing,Value added,$million value added (constant price),937,Not applicable,Seasonally adjusted
2017.09,C67,Non-metallic mineral and metallic product manufacturing,Value added,$million value added (constant price),947,Not applicable,Seasonally adjusted
2017.12,C67,Non-metallic mineral and metallic product manufacturing,Value added,$million value added (constant price),939,Not applicable,Seasonally adjusted
2018.03,C67,Non-metallic mineral and metallic product manufacturing,Value added,$million value added (constant price),946,Not applicable,Seasonally adjusted
2018.06,C67,Non-metallic mineral and metallic product manufacturing,Value added,$million value added (constant price),957,Not applicable,Seasonally adjusted
2018.09,C67,Non-metallic mineral and metallic product manufacturing,Value added,$million value added (constant price),969,Not applicable,Seasonally adjusted
2018.12,C67,Non-metallic mineral and metallic product manufacturing,Value added,$million value added (constant price),964,Not applicable,Seasonally adjusted
2019.03,C67,Non-metallic mineral and metallic product manufacturing,Value added,$million value added (constant price),1002,Not applicable,Seasonally adjusted
2019.06,C67,Non-metallic mineral and metallic product manufacturing,Value added,$million value added (constant price),980,Not applicable,Seasonally adjusted
2019.09,C67,Non-metallic mineral and metallic product manufacturing,Value added,$million value added (constant price),970,Not applicable,Seasonally adjusted
2019.12,C67,Non-metallic mineral and metallic product manufacturing,Value added,$million value added (constant price),968,Not applicable,Seasonally adjusted
2020.03,C67,Non-metallic mineral and metallic product manufacturing,Value added,$million value added (constant price),943,Not applicable,Seasonally adjusted
2020.06,C67,Non-metallic mineral and metallic product manufacturing,Value added,$million value added (constant price),730,Not applicable,Seasonally adjusted
2020.09,C67,Non-metallic mineral and metallic product manufacturing,Value added,$million value added (constant price),979,Not applicable,Seasonally adjusted
2020.12,C67,Non-metallic mineral and metallic product manufacturing,Value added,$million value added (constant price),979,Not applicable,Seasonally adjusted
2021.03,C67,Non-metallic mineral and metallic product manufacturing,Value added,$million value added (constant price),987,Not applicable,Seasonally adjusted
2021.06,C67,Non-metallic mineral and metallic product manufacturing,Value added,$million value added (constant price),1008,Not applicable,Seasonally adjusted
2021.09,C67,Non-metallic mineral and metallic product manufacturing,Value added,$million value added (constant price),856,Not applicable,Seasonally adjusted
2021.12,C67,Non-metallic mineral and metallic product manufacturing,Value added,$million value added (constant price),1020,Not applicable,Seasonally adjusted
2022.03,C67,Non-metallic mineral and metallic product manufacturing,Value added,$million value added (constant price),1022,Not applicable,Seasonally adjusted
2022.06,C67,Non-metallic mineral and metallic product manufacturing,Value added,$million value added (constant price),988,Not applicable,Seasonally adjusted
2022.09,C67,Non-metallic mineral and metallic product manufacturing,Value added,$million value added (constant price),1005,Not applicable,Seasonally adjusted
2022.12,C67,Non-metallic mineral and metallic product manufacturing,Value added,$million value added (constant price),958,Not applicable,Seasonally adjusted
2023.03,C67,Non-metallic mineral and metallic product manufacturing,Value added,$million value added (constant price),918,Not applicable,Seasonally adjusted
2023.06,C67,Non-metallic mineral and metallic product manufacturing,Value added,$million value added (constant price),925,Not applicable,Seasonally adjusted
2023.09,C67,Non-metallic mineral and metallic product manufacturing,Value added,$million value added (constant price),897,Not applicable,Seasonally adjusted
2023.12,C67,Non-metallic mineral and metallic product manufacturing,Value added,$million value added (constant price),893,Not applicable,Seasonally adjusted
2024.03,C67,Non-metallic mineral and metallic product manufacturing,Value added,$million value added (constant price),872,Not applicable,Seasonally adjusted
2024.06,C67,Non-metallic mineral and metallic product manufacturing,Value added,$million value added (constant price),842,Not applicable,Seasonally adjusted
2024.09,C67,Non-metallic mineral and metallic product manufacturing,Value added,$million value added (constant price),802,Not applicable,Seasonally adjusted
2024.12,C67,Non-metallic mineral and metallic product manufacturing,Value added,$million value added (constant price),777,Not applicable,Seasonally adjusted
2025.03,C67,Non-metallic mineral and metallic product manufacturing,Value added,$million value added (constant price),813,Not applicable,Seasonally adjusted
2025.06,C67,Non-metallic mineral and metallic product manufacturing,Value added,$million value added (constant price),774,Not applicable,Seasonally adjusted
2025.09,C67,Non-metallic mineral and metallic product manufacturing,Value added,$million value added (constant price),786,Not applicable,Seasonally adjusted
2025.12,C67,Non-metallic mineral and metallic product manufacturing,Value added,$million value added (constant price),802,Not applicable,Seasonally adjusted
2010.03,CC1,"Food, beverage, and tobacco product manufacturing",Value added,$million value added (constant price),1750,Not applicable,Seasonally adjusted
2010.06,CC1,"Food, beverage, and tobacco product manufacturing",Value added,$million value added (constant price),1679,Not applicable,Seasonally adjusted
2010.09,CC1,"Food, beverage, and tobacco product manufacturing",Value added,$million value added (constant price),1655,Not applicable,Seasonally adjusted
2010.12,CC1,"Food, beverage, and tobacco product manufacturing",Value added,$million value added (constant price),1718,Not applicable,Seasonally adjusted
2011.03,CC1,"Food, beverage, and tobacco product manufacturing",Value added,$million value added (constant price),1689,Not applicable,Seasonally adjusted
2011.06,CC1,"Food, beverage, and tobacco product manufacturing",Value added,$million value added (constant price),1714,Not applicable,Seasonally adjusted
2011.09,CC1,"Food, beverage, and tobacco product manufacturing",Value added,$million value added (constant price),1794,Not applicable,Seasonally adjusted
2011.12,CC1,"Food, beverage, and tobacco product manufacturing",Value added,$million value added (constant price),1664,Not applicable,Seasonally adjusted
2012.03,CC1,"Food, beverage, and tobacco product manufacturing",Value added,$million value added (constant price),1748,Not applicable,Seasonally adjusted
2012.06,CC1,"Food, beverage, and tobacco product manufacturing",Value added,$million value added (constant price),1803,Not applicable,Seasonally adjusted
2012.09,CC1,"Food, beverage, and tobacco product manufacturing",Value added,$million value added (constant price),1764,Not applicable,Seasonally adjusted
2012.12,CC1,"Food, beverage, and tobacco product manufacturing",Value added,$million value added (constant price),1812,Not applicable,Seasonally adjusted
2013.03,CC1,"Food, beverage, and tobacco product manufacturing",Value added,$million value added (constant price),1835,Not applicable,Seasonally adjusted
2013.06,CC1,"Food, beverage, and tobacco product manufacturing",Value added,$million value added (constant price),1749,Not applicable,Seasonally adjusted
2013.09,CC1,"Food, beverage, and tobacco product manufacturing",Value added,$million value added (constant price),1777,Not applicable,Seasonally adjusted
2013.12,CC1,"Food, beverage, and tobacco product manufacturing",Value added,$million value added (constant price),1804,Not applicable,Seasonally adjusted
2014.03,CC1,"Food, beverage, and tobacco product manufacturing",Value added,$million value added (constant price),1816,Not applicable,Seasonally adjusted
2014.06,CC1,"Food, beverage, and tobacco product manufacturing",Value added,$million value added (constant price),1778,Not applicable,Seasonally adjusted
2014.09,CC1,"Food, beverage, and tobacco product manufacturing",Value added,$million value added (constant price),1753,Not applicable,Seasonally adjusted
2014.12,CC1,"Food, beverage, and tobacco product manufacturing",Value added,$million value added (constant price),1808,Not applicable,Seasonally adjusted
2015.03,CC1,"Food, beverage, and tobacco product manufacturing",Value added,$million value added (constant price),1802,Not applicable,Seasonally adjusted
2015.06,CC1,"Food, beverage, and tobacco product manufacturing",Value added,$million value added (constant price),1827,Not applicable,Seasonally adjusted
2015.09,CC1,"Food, beverage, and tobacco product manufacturing",Value added,$million value added (constant price),1878,Not applicable,Seasonally adjusted
2015.12,CC1,"Food, beverage, and tobacco product manufacturing",Value added,$million value added (constant price),1869,Not applicable,Seasonally adjusted
2016.03,CC1,"Food, beverage, and tobacco product manufacturing",Value added,$million value added (constant price),1859,Not applicable,Seasonally adjusted
2016.06,CC1,"Food, beverage, and tobacco product manufacturing",Value added,$million value added (constant price),1860,Not applicable,Seasonally adjusted
2016.09,CC1,"Food, beverage, and tobacco product manufacturing",Value added,$million value added (constant price),1884,Not applicable,Seasonally adjusted
2016.12,CC1,"Food, beverage, and tobacco product manufacturing",Value added,$million value added (constant price),1826,Not applicable,Seasonally adjusted
2017.03,CC1,"Food, beverage, and tobacco product manufacturing",Value added,$million value added (constant price),1830,Not applicable,Seasonally adjusted
2017.06,CC1,"Food, beverage, and tobacco product manufacturing",Value added,$million value added (constant price),1941,Not applicable,Seasonally adjusted
2017.09,CC1,"Food, beverage, and tobacco product manufacturing",Value added,$million value added (constant price),1875,Not applicable,Seasonally adjusted
2017.12,CC1,"Food, beverage, and tobacco product manufacturing",Value added,$million value added (constant price),1879,Not applicable,Seasonally adjusted
2018.03,CC1,"Food, beverage, and tobacco product manufacturing",Value added,$million value added (constant price),1872,Not applicable,Seasonally adjusted
2018.06,CC1,"Food, beverage, and tobacco product manufacturing",Value added,$million value added (constant price),1921,Not applicable,Seasonally adjusted
2018.09,CC1,"Food, beverage, and tobacco product manufacturing",Value added,$million value added (constant price),1882,Not applicable,Seasonally adjusted
2018.12,CC1,"Food, beverage, and tobacco product manufacturing",Value added,$million value added (constant price),1941,Not applicable,Seasonally adjusted
2019.03,CC1,"Food, beverage, and tobacco product manufacturing",Value added,$million value added (constant price),1993,Not applicable,Seasonally adjusted
2019.06,CC1,"Food, beverage, and tobacco product manufacturing",Value added,$million value added (constant price),1903,Not applicable,Seasonally adjusted
2019.09,CC1,"Food, beverage, and tobacco product manufacturing",Value added,$million value added (constant price),1915,Not applicable,Seasonally adjusted
2019.12,CC1,"Food, beverage, and tobacco product manufacturing",Value added,$million value added (constant price),1910,Not applicable,Seasonally adjusted
2020.03,CC1,"Food, beverage, and tobacco product manufacturing",Value added,$million value added (constant price),1895,Not applicable,Seasonally adjusted
2020.06,CC1,"Food, beverage, and tobacco product manufacturing",Value added,$million value added (constant price),1815,Not applicable,Seasonally adjusted
2020.09,CC1,"Food, beverage, and tobacco product manufacturing",Value added,$million value added (constant price),1969,Not applicable,Seasonally adjusted
2020.12,CC1,"Food, beverage, and tobacco product manufacturing",Value added,$million value added (constant price),1926,Not applicable,Seasonally adjusted
2021.03,CC1,"Food, beverage, and tobacco product manufacturing",Value added,$million value added (constant price),1954,Not applicable,Seasonally adjusted
2021.06,CC1,"Food, beverage, and tobacco product manufacturing",Value added,$million value added (constant price),1975,Not applicable,Seasonally adjusted
2021.09,CC1,"Food, beverage, and tobacco product manufacturing",Value added,$million value added (constant price),1941,Not applicable,Seasonally adjusted
2021.12,CC1,"Food, beverage, and tobacco product manufacturing",Value added,$million value added (constant price),1897,Not applicable,Seasonally adjusted
2022.03,CC1,"Food, beverage, and tobacco product manufacturing",Value added,$million value added (constant price),1863,Not applicable,Seasonally adjusted
2022.06,CC1,"Food, beverage, and tobacco product manufacturing",Value added,$million value added (constant price),1941,Not applicable,Seasonally adjusted
2022.09,CC1,"Food, beverage, and tobacco product manufacturing",Value added,$million value added (constant price),1995,Not applicable,Seasonally adjusted
2022.12,CC1,"Food, beverage, and tobacco product manufacturing",Value added,$million value added (constant price),1944,Not applicable,Seasonally adjusted
2023.03,CC1,"Food, beverage, and tobacco product manufacturing",Value added,$million value added (constant price),1948,Not applicable,Seasonally adjusted
2023.06,CC1,"Food, beverage, and tobacco product manufacturing",Value added,$million value added (constant price),1975,Not applicable,Seasonally adjusted
2023.09,CC1,"Food, beverage, and tobacco product manufacturing",Value added,$million value added (constant price),1985,Not applicable,Seasonally adjusted
2023.12,CC1,"Food, beverage, and tobacco product manufacturing",Value added,$million value added (constant price),1963,Not applicable,Seasonally adjusted
2024.03,CC1,"Food, beverage, and tobacco product manufacturing",Value added,$million value added (constant price),2003,Not applicable,Seasonally adjusted
2024.06,CC1,"Food, beverage, and tobacco product manufacturing",Value added,$million value added (constant price),1980,Not applicable,Seasonally adjusted
2024.09,CC1,"Food, beverage, and tobacco product manufacturing",Value added,$million value added (constant price),1962,Not applicable,Seasonally adjusted
2024.12,CC1,"Food, beverage, and tobacco product manufacturing",Value added,$million value added (constant price),1985,Not applicable,Seasonally adjusted
2025.03,CC1,"Food, beverage, and tobacco product manufacturing",Value added,$million value added (constant price),1970,Not applicable,Seasonally adjusted
2025.06,CC1,"Food, beverage, and tobacco product manufacturing",Value added,$million value added (constant price),1893,Not applicable,Seasonally adjusted
2025.09,CC1,"Food, beverage, and tobacco product manufacturing",Value added,$million value added (constant price),1939,Not applicable,Seasonally adjusted
2025.12,CC1,"Food, beverage, and tobacco product manufacturing",Value added,$million value added (constant price),1916,Not applicable,Seasonally adjusted
2010.03,CC5,"Petroleum, chemical, polymer, and rubber product manufacturing",Value added,$million value added (constant price),845,Not applicable,Seasonally adjusted
2010.06,CC5,"Petroleum, chemical, polymer, and rubber product manufacturing",Value added,$million value added (constant price),863,Not applicable,Seasonally adjusted
2010.09,CC5,"Petroleum, chemical, polymer, and rubber product manufacturing",Value added,$million value added (constant price),826,Not applicable,Seasonally adjusted
2010.12,CC5,"Petroleum, chemical, polymer, and rubber product manufacturing",Value added,$million value added (constant price),925,Not applicable,Seasonally adjusted
2011.03,CC5,"Petroleum, chemical, polymer, and rubber product manufacturing",Value added,$million value added (constant price),811,Not applicable,Seasonally adjusted
2011.06,CC5,"Petroleum, chemical, polymer, and rubber product manufacturing",Value added,$million value added (constant price),838,Not applicable,Seasonally adjusted
2011.09,CC5,"Petroleum, chemical, polymer, and rubber product manufacturing",Value added,$million value added (constant price),848,Not applicable,Seasonally adjusted
2011.12,CC5,"Petroleum, chemical, polymer, and rubber product manufacturing",Value added,$million value added (constant price),876,Not applicable,Seasonally adjusted
2012.03,CC5,"Petroleum, chemical, polymer, and rubber product manufacturing",Value added,$million value added (constant price),867,Not applicable,Seasonally adjusted
2012.06,CC5,"Petroleum, chemical, polymer, and rubber product manufacturing",Value added,$million value added (constant price),874,Not applicable,Seasonally adjusted
2012.09,CC5,"Petroleum, chemical, polymer, and rubber product manufacturing",Value added,$million value added (constant price),885,Not applicable,Seasonally adjusted
2012.12,CC5,"Petroleum, chemical, polymer, and rubber product manufacturing",Value added,$million value added (constant price),878,Not applicable,Seasonally adjusted
2013.03,CC5,"Petroleum, chemical, polymer, and rubber product manufacturing",Value added,$million value added (constant price),890,Not applicable,Seasonally adjusted
2013.06,CC5,"Petroleum, chemical, polymer, and rubber product manufacturing",Value added,$million value added (constant price),904,Not applicable,Seasonally adjusted
2013.09,CC5,"Petroleum, chemical, polymer, and rubber product manufacturing",Value added,$million value added (constant price),913,Not applicable,Seasonally adjusted
2013.12,CC5,"Petroleum, chemical, polymer, and rubber product manufacturing",Value added,$million value added (constant price),893,Not applicable,Seasonally adjusted
2014.03,CC5,"Petroleum, chemical, polymer, and rubber product manufacturing",Value added,$million value added (constant price),917,Not applicable,Seasonally adjusted
2014.06,CC5,"Petroleum, chemical, polymer, and rubber product manufacturing",Value added,$million value added (constant price),906,Not applicable,Seasonally adjusted
2014.09,CC5,"Petroleum, chemical, polymer, and rubber product manufacturing",Value added,$million value added (constant price),895,Not applicable,Seasonally adjusted
2014.12,CC5,"Petroleum, chemical, polymer, and rubber product manufacturing",Value added,$million value added (constant price),921,Not applicable,Seasonally adjusted
2015.03,CC5,"Petroleum, chemical, polymer, and rubber product manufacturing",Value added,$million value added (constant price),934,Not applicable,Seasonally adjusted
2015.06,CC5,"Petroleum, chemical, polymer, and rubber product manufacturing",Value added,$million value added (constant price),932,Not applicable,Seasonally adjusted
2015.09,CC5,"Petroleum, chemical, polymer, and rubber product manufacturing",Value added,$million value added (constant price),907,Not applicable,Seasonally adjusted
2015.12,CC5,"Petroleum, chemical, polymer, and rubber product manufacturing",Value added,$million value added (constant price),928,Not applicable,Seasonally adjusted
2016.03,CC5,"Petroleum, chemical, polymer, and rubber product manufacturing",Value added,$million value added (constant price),941,Not applicable,Seasonally adjusted
2016.06,CC5,"Petroleum, chemical, polymer, and rubber product manufacturing",Value added,$million value added (constant price),923,Not applicable,Seasonally adjusted
2016.09,CC5,"Petroleum, chemical, polymer, and rubber product manufacturing",Value added,$million value added (constant price),1011,Not applicable,Seasonally adjusted
2016.12,CC5,"Petroleum, chemical, polymer, and rubber product manufacturing",Value added,$million value added (constant price),1008,Not applicable,Seasonally adjusted
2017.03,CC5,"Petroleum, chemical, polymer, and rubber product manufacturing",Value added,$million value added (constant price),984,Not applicable,Seasonally adjusted
2017.06,CC5,"Petroleum, chemical, polymer, and rubber product manufacturing",Value added,$million value added (constant price),1007,Not applicable,Seasonally adjusted
2017.09,CC5,"Petroleum, chemical, polymer, and rubber product manufacturing",Value added,$million value added (constant price),993,Not applicable,Seasonally adjusted
2017.12,CC5,"Petroleum, chemical, polymer, and rubber product manufacturing",Value added,$million value added (constant price),994,Not applicable,Seasonally adjusted
2018.03,CC5,"Petroleum, chemical, polymer, and rubber product manufacturing",Value added,$million value added (constant price),989,Not applicable,Seasonally adjusted
2018.06,CC5,"Petroleum, chemical, polymer, and rubber product manufacturing",Value added,$million value added (constant price),974,Not applicable,Seasonally adjusted
2018.09,CC5,"Petroleum, chemical, polymer, and rubber product manufacturing",Value added,$million value added (constant price),1023,Not applicable,Seasonally adjusted
2018.12,CC5,"Petroleum, chemical, polymer, and rubber product manufacturing",Value added,$million value added (constant price),1009,Not applicable,Seasonally adjusted
2019.03,CC5,"Petroleum, chemical, polymer, and rubber product manufacturing",Value added,$million value added (constant price),1043,Not applicable,Seasonally adjusted
2019.06,CC5,"Petroleum, chemical, polymer, and rubber product manufacturing",Value added,$million value added (constant price),1039,Not applicable,Seasonally adjusted
2019.09,CC5,"Petroleum, chemical, polymer, and rubber product manufacturing",Value added,$million value added (constant price),1007,Not applicable,Seasonally adjusted
2019.12,CC5,"Petroleum, chemical, polymer, and rubber product manufacturing",Value added,$million value added (constant price),998,Not applicable,Seasonally adjusted
2020.03,CC5,"Petroleum, chemical, polymer, and rubber product manufacturing",Value added,$million value added (constant price),970,Not applicable,Seasonally adjusted
2020.06,CC5,"Petroleum, chemical, polymer, and rubber product manufacturing",Value added,$million value added (constant price),849,Not applicable,Seasonally adjusted
2020.09,CC5,"Petroleum, chemical, polymer, and rubber product manufacturing",Value added,$million value added (constant price),919,Not applicable,Seasonally adjusted
2020.12,CC5,"Petroleum, chemical, polymer, and rubber product manufacturing",Value added,$million value added (constant price),898,Not applicable,Seasonally adjusted
2021.03,CC5,"Petroleum, chemical, polymer, and rubber product manufacturing",Value added,$million value added (constant price),865,Not applicable,Seasonally adjusted
2021.06,CC5,"Petroleum, chemical, polymer, and rubber product manufacturing",Value added,$million value added (constant price),929,Not applicable,Seasonally adjusted
2021.09,CC5,"Petroleum, chemical, polymer, and rubber product manufacturing",Value added,$million value added (constant price),864,Not applicable,Seasonally adjusted
2021.12,CC5,"Petroleum, chemical, polymer, and rubber product manufacturing",Value added,$million value added (constant price),873,Not applicable,Seasonally adjusted
2022.03,CC5,"Petroleum, chemical, polymer, and rubber product manufacturing",Value added,$million value added (constant price),886,Not applicable,Seasonally adjusted
2022.06,CC5,"Petroleum, chemical, polymer, and rubber product manufacturing",Value added,$million value added (constant price),512,Not applicable,Seasonally adjusted
2022.09,CC5,"Petroleum, chemical, polymer, and rubber product manufacturing",Value added,$million value added (constant price),487,Not applicable,Seasonally adjusted
2022.12,CC5,"Petroleum, chemical, polymer, and rubber product manufacturing",Value added,$million value added (constant price),507,Not applicable,Seasonally adjusted
2023.03,CC5,"Petroleum, chemical, polymer, and rubber product manufacturing",Value added,$million value added (constant price),494,Not applicable,Seasonally adjusted
2023.06,CC5,"Petroleum, chemical, polymer, and rubber product manufacturing",Value added,$million value added (constant price),514,Not applicable,Seasonally adjusted
2023.09,CC5,"Petroleum, chemical, polymer, and rubber product manufacturing",Value added,$million value added (constant price),470,Not applicable,Seasonally adjusted
2023.12,CC5,"Petroleum, chemical, polymer, and rubber product manufacturing",Value added,$million value added (constant price),558,Not applicable,Seasonally adjusted
2024.03,CC5,"Petroleum, chemical, polymer, and rubber product manufacturing",Value added,$million value added (constant price),431,Not applicable,Seasonally adjusted
2024.06,CC5,"Petroleum, chemical, polymer, and rubber product manufacturing",Value added,$million value added (constant price),488,Not applicable,Seasonally adjusted
2024.09,CC5,"Petroleum, chemical, polymer, and rubber product manufacturing",Value added,$million value added (constant price),503,Not applicable,Seasonally adjusted
2024.12,CC5,"Petroleum, chemical, polymer, and rubber product manufacturing",Value added,$million value added (constant price),477,Not applicable,Seasonally adjusted
2025.03,CC5,"Petroleum, chemical, polymer, and rubber product manufacturing",Value added,$million value added (constant price),501,Not applicable,Seasonally adjusted
2025.06,CC5,"Petroleum, chemical, polymer, and rubber product manufacturing",Value added,$million value added (constant price),492,Not applicable,Seasonally adjusted
2025.09,CC5,"Petroleum, chemical, polymer, and rubber product manufacturing",Value added,$million value added (constant price),522,Not applicable,Seasonally adjusted
2025.12,CC5,"Petroleum, chemical, polymer, and rubber product manufacturing",Value added,$million value added (constant price),532,Not applicable,Seasonally adjusted
2010.03,CCO,Other manufacturing nec,Value added,$million value added (constant price),1284,Not applicable,Seasonally adjusted
2010.06,CCO,Other manufacturing nec,Value added,$million value added (constant price),1255,Not applicable,Seasonally adjusted
2010.09,CCO,Other manufacturing nec,Value added,$million value added (constant price),1234,Not applicable,Seasonally adjusted
2010.12,CCO,Other manufacturing nec,Value added,$million value added (constant price),1272,Not applicable,Seasonally adjusted
2011.03,CCO,Other manufacturing nec,Value added,$million value added (constant price),1388,Not applicable,Seasonally adjusted
2011.06,CCO,Other manufacturing nec,Value added,$million value added (constant price),1316,Not applicable,Seasonally adjusted
2011.09,CCO,Other manufacturing nec,Value added,$million value added (constant price),1304,Not applicable,Seasonally adjusted
2011.12,CCO,Other manufacturing nec,Value added,$million value added (constant price),1216,Not applicable,Seasonally adjusted
2012.03,CCO,Other manufacturing nec,Value added,$million value added (constant price),1232,Not applicable,Seasonally adjusted
2012.06,CCO,Other manufacturing nec,Value added,$million value added (constant price),1257,Not applicable,Seasonally adjusted
2012.09,CCO,Other manufacturing nec,Value added,$million value added (constant price),1244,Not applicable,Seasonally adjusted
2012.12,CCO,Other manufacturing nec,Value added,$million value added (constant price),1223,Not applicable,Seasonally adjusted
2013.03,CCO,Other manufacturing nec,Value added,$million value added (constant price),1220,Not applicable,Seasonally adjusted
2013.06,CCO,Other manufacturing nec,Value added,$million value added (constant price),1230,Not applicable,Seasonally adjusted
2013.09,CCO,Other manufacturing nec,Value added,$million value added (constant price),1214,Not applicable,Seasonally adjusted
2013.12,CCO,Other manufacturing nec,Value added,$million value added (constant price),1258,Not applicable,Seasonally adjusted
2014.03,CCO,Other manufacturing nec,Value added,$million value added (constant price),1245,Not applicable,Seasonally adjusted
2014.06,CCO,Other manufacturing nec,Value added,$million value added (constant price),1278,Not applicable,Seasonally adjusted
2014.09,CCO,Other manufacturing nec,Value added,$million value added (constant price),1303,Not applicable,Seasonally adjusted
2014.12,CCO,Other manufacturing nec,Value added,$million value added (constant price),1309,Not applicable,Seasonally adjusted
2015.03,CCO,Other manufacturing nec,Value added,$million value added (constant price),1278,Not applicable,Seasonally adjusted
2015.06,CCO,Other manufacturing nec,Value added,$million value added (constant price),1277,Not applicable,Seasonally adjusted
2015.09,CCO,Other manufacturing nec,Value added,$million value added (constant price),1305,Not applicable,Seasonally adjusted
2015.12,CCO,Other manufacturing nec,Value added,$million value added (constant price),1333,Not applicable,Seasonally adjusted
2016.03,CCO,Other manufacturing nec,Value added,$million value added (constant price),1340,Not applicable,Seasonally adjusted
2016.06,CCO,Other manufacturing nec,Value added,$million value added (constant price),1351,Not applicable,Seasonally adjusted
2016.09,CCO,Other manufacturing nec,Value added,$million value added (constant price),1380,Not applicable,Seasonally adjusted
2016.12,CCO,Other manufacturing nec,Value added,$million value added (constant price),1373,Not applicable,Seasonally adjusted
2017.03,CCO,Other manufacturing nec,Value added,$million value added (constant price),1419,Not applicable,Seasonally adjusted
2017.06,CCO,Other manufacturing nec,Value added,$million value added (constant price),1369,Not applicable,Seasonally adjusted
2017.09,CCO,Other manufacturing nec,Value added,$million value added (constant price),1472,Not applicable,Seasonally adjusted
2017.12,CCO,Other manufacturing nec,Value added,$million value added (constant price),1434,Not applicable,Seasonally adjusted
2018.03,CCO,Other manufacturing nec,Value added,$million value added (constant price),1501,Not applicable,Seasonally adjusted
2018.06,CCO,Other manufacturing nec,Value added,$million value added (constant price),1550,Not applicable,Seasonally adjusted
2018.09,CCO,Other manufacturing nec,Value added,$million value added (constant price),1484,Not applicable,Seasonally adjusted
2018.12,CCO,Other manufacturing nec,Value added,$million value added (constant price),1485,Not applicable,Seasonally adjusted
2019.03,CCO,Other manufacturing nec,Value added,$million value added (constant price),1472,Not applicable,Seasonally adjusted
2019.06,CCO,Other manufacturing nec,Value added,$million value added (constant price),1470,Not applicable,Seasonally adjusted
2019.09,CCO,Other manufacturing nec,Value added,$million value added (constant price),1529,Not applicable,Seasonally adjusted
2019.12,CCO,Other manufacturing nec,Value added,$million value added (constant price),1535,Not applicable,Seasonally adjusted
2020.03,CCO,Other manufacturing nec,Value added,$million value added (constant price),1470,Not applicable,Seasonally adjusted
2020.06,CCO,Other manufacturing nec,Value added,$million value added (constant price),1234,Not applicable,Seasonally adjusted
2020.09,CCO,Other manufacturing nec,Value added,$million value added (constant price),1559,Not applicable,Seasonally adjusted
2020.12,CCO,Other manufacturing nec,Value added,$million value added (constant price),1576,Not applicable,Seasonally adjusted
2021.03,CCO,Other manufacturing nec,Value added,$million value added (constant price),1728,Not applicable,Seasonally adjusted
2021.06,CCO,Other manufacturing nec,Value added,$million value added (constant price),1696,Not applicable,Seasonally adjusted
2021.09,CCO,Other manufacturing nec,Value added,$million value added (constant price),1530,Not applicable,Seasonally adjusted
2021.12,CCO,Other manufacturing nec,Value added,$million value added (constant price),1724,Not applicable,Seasonally adjusted
2022.03,CCO,Other manufacturing nec,Value added,$million value added (constant price),1673,Not applicable,Seasonally adjusted
2022.06,CCO,Other manufacturing nec,Value added,$million value added (constant price),1630,Not applicable,Seasonally adjusted
2022.09,CCO,Other manufacturing nec,Value added,$million value added (constant price),1667,Not applicable,Seasonally adjusted
2022.12,CCO,Other manufacturing nec,Value added,$million value added (constant price),1650,Not applicable,Seasonally adjusted
2023.03,CCO,Other manufacturing nec,Value added,$million value added (constant price),1669,Not applicable,Seasonally adjusted
2023.06,CCO,Other manufacturing nec,Value added,$million value added (constant price),1692,Not applicable,Seasonally adjusted
2023.09,CCO,Other manufacturing nec,Value added,$million value added (constant price),1651,Not applicable,Seasonally adjusted
2023.12,CCO,Other manufacturing nec,Value added,$million value added (constant price),1643,Not applicable,Seasonally adjusted
2024.03,CCO,Other manufacturing nec,Value added,$million value added (constant price),1564,Not applicable,Seasonally adjusted
2024.06,CCO,Other manufacturing nec,Value added,$million value added (constant price),1697,Not applicable,Seasonally adjusted
2024.09,CCO,Other manufacturing nec,Value added,$million value added (constant price),1641,Not applicable,Seasonally adjusted
2024.12,CCO,Other manufacturing nec,Value added,$million value added (constant price),1632,Not applicable,Seasonally adjusted
2025.03,CCO,Other manufacturing nec,Value added,$million value added (constant price),1719,Not applicable,Seasonally adjusted
2025.06,CCO,Other manufacturing nec,Value added,$million value added (constant price),1629,Not applicable,Seasonally adjusted
2025.09,CCO,Other manufacturing nec,Value added,$million value added (constant price),1669,Not applicable,Seasonally adjusted
2025.12,CCO,Other manufacturing nec,Value added,$million value added (constant price),1671,Not applicable,Seasonally adjusted
2010.03,CCZ,Manufacturing,Value added,$million value added (constant price),5402,Not applicable,Seasonally adjusted
2010.06,CCZ,Manufacturing,Value added,$million value added (constant price),5309,Not applicable,Seasonally adjusted
2010.09,CCZ,Manufacturing,Value added,$million value added (constant price),5223,Not applicable,Seasonally adjusted
2010.12,CCZ,Manufacturing,Value added,$million value added (constant price),5418,Not applicable,Seasonally adjusted
2011.03,CCZ,Manufacturing,Value added,$million value added (constant price),5360,Not applicable,Seasonally adjusted
2011.06,CCZ,Manufacturing,Value added,$million value added (constant price),5340,Not applicable,Seasonally adjusted
2011.09,CCZ,Manufacturing,Value added,$million value added (constant price),5401,Not applicable,Seasonally adjusted
2011.12,CCZ,Manufacturing,Value added,$million value added (constant price),5185,Not applicable,Seasonally adjusted
2012.03,CCZ,Manufacturing,Value added,$million value added (constant price),5341,Not applicable,Seasonally adjusted
2012.06,CCZ,Manufacturing,Value added,$million value added (constant price),5434,Not applicable,Seasonally adjusted
2012.09,CCZ,Manufacturing,Value added,$million value added (constant price),5328,Not applicable,Seasonally adjusted
2012.12,CCZ,Manufacturing,Value added,$million value added (constant price),5392,Not applicable,Seasonally adjusted
2013.03,CCZ,Manufacturing,Value added,$million value added (constant price),5399,Not applicable,Seasonally adjusted
2013.06,CCZ,Manufacturing,Value added,$million value added (constant price),5345,Not applicable,Seasonally adjusted
2013.09,CCZ,Manufacturing,Value added,$million value added (constant price),5408,Not applicable,Seasonally adjusted
2013.12,CCZ,Manufacturing,Value added,$million value added (constant price),5471,Not applicable,Seasonally adjusted
2014.03,CCZ,Manufacturing,Value added,$million value added (constant price),5520,Not applicable,Seasonally adjusted
2014.06,CCZ,Manufacturing,Value added,$million value added (constant price),5494,Not applicable,Seasonally adjusted
2014.09,CCZ,Manufacturing,Value added,$million value added (constant price),5523,Not applicable,Seasonally adjusted
2014.12,CCZ,Manufacturing,Value added,$million value added (constant price),5597,Not applicable,Seasonally adjusted
2015.03,CCZ,Manufacturing,Value added,$million value added (constant price),5589,Not applicable,Seasonally adjusted
2015.06,CCZ,Manufacturing,Value added,$million value added (constant price),5624,Not applicable,Seasonally adjusted
2015.09,CCZ,Manufacturing,Value added,$million value added (constant price),5684,Not applicable,Seasonally adjusted
2015.12,CCZ,Manufacturing,Value added,$million value added (constant price),5749,Not applicable,Seasonally adjusted
2016.03,CCZ,Manufacturing,Value added,$million value added (constant price),5745,Not applicable,Seasonally adjusted
2016.06,CCZ,Manufacturing,Value added,$million value added (constant price),5768,Not applicable,Seasonally adjusted
2016.09,CCZ,Manufacturing,Value added,$million value added (constant price),5902,Not applicable,Seasonally adjusted
2016.12,CCZ,Manufacturing,Value added,$million value added (constant price),5838,Not applicable,Seasonally adjusted
2017.03,CCZ,Manufacturing,Value added,$million value added (constant price),5845,Not applicable,Seasonally adjusted
2017.06,CCZ,Manufacturing,Value added,$million value added (constant price),5936,Not applicable,Seasonally adjusted
2017.09,CCZ,Manufacturing,Value added,$million value added (constant price),5980,Not applicable,Seasonally adjusted
2017.12,CCZ,Manufacturing,Value added,$million value added (constant price),5936,Not applicable,Seasonally adjusted
2018.03,CCZ,Manufacturing,Value added,$million value added (constant price),6004,Not applicable,Seasonally adjusted
2018.06,CCZ,Manufacturing,Value added,$million value added (constant price),6079,Not applicable,Seasonally adjusted
2018.09,CCZ,Manufacturing,Value added,$million value added (constant price),6036,Not applicable,Seasonally adjusted
2018.12,CCZ,Manufacturing,Value added,$million value added (constant price),6089,Not applicable,Seasonally adjusted
2019.03,CCZ,Manufacturing,Value added,$million value added (constant price),6198,Not applicable,Seasonally adjusted
2019.06,CCZ,Manufacturing,Value added,$million value added (constant price),6073,Not applicable,Seasonally adjusted
2019.09,CCZ,Manufacturing,Value added,$million value added (constant price),6096,Not applicable,Seasonally adjusted
2019.12,CCZ,Manufacturing,Value added,$million value added (constant price),6069,Not applicable,Seasonally adjusted
2020.03,CCZ,Manufacturing,Value added,$million value added (constant price),5959,Not applicable,Seasonally adjusted
2020.06,CCZ,Manufacturing,Value added,$million value added (constant price),5227,Not applicable,Seasonally adjusted
2020.09,CCZ,Manufacturing,Value added,$million value added (constant price),6104,Not applicable,Seasonally adjusted
2020.12,CCZ,Manufacturing,Value added,$million value added (constant price),6069,Not applicable,Seasonally adjusted
2021.03,CCZ,Manufacturing,Value added,$million value added (constant price),6213,Not applicable,Seasonally adjusted
2021.06,CCZ,Manufacturing,Value added,$million value added (constant price),6288,Not applicable,Seasonally adjusted
2021.09,CCZ,Manufacturing,Value added,$million value added (constant price),5819,Not applicable,Seasonally adjusted
2021.12,CCZ,Manufacturing,Value added,$million value added (constant price),6191,Not applicable,Seasonally adjusted
2022.03,CCZ,Manufacturing,Value added,$million value added (constant price),6105,Not applicable,Seasonally adjusted
2022.06,CCZ,Manufacturing,Value added,$million value added (constant price),5738,Not applicable,Seasonally adjusted
2022.09,CCZ,Manufacturing,Value added,$million value added (constant price),5821,Not applicable,Seasonally adjusted
2022.12,CCZ,Manufacturing,Value added,$million value added (constant price),5706,Not applicable,Seasonally adjusted
2023.03,CCZ,Manufacturing,Value added,$million value added (constant price),5650,Not applicable,Seasonally adjusted
2023.06,CCZ,Manufacturing,Value added,$million value added (constant price),5694,Not applicable,Seasonally adjusted
2023.09,CCZ,Manufacturing,Value added,$million value added (constant price),5603,Not applicable,Seasonally adjusted
2023.12,CCZ,Manufacturing,Value added,$million value added (constant price),5654,Not applicable,Seasonally adjusted
2024.03,CCZ,Manufacturing,Value added,$million value added (constant price),5503,Not applicable,Seasonally adjusted
2024.06,CCZ,Manufacturing,Value added,$million value added (constant price),5640,Not applicable,Seasonally adjusted
2024.09,CCZ,Manufacturing,Value added,$million value added (constant price),5518,Not applicable,Seasonally adjusted
2024.12,CCZ,Manufacturing,Value added,$million value added (constant price),5475,Not applicable,Seasonally adjusted
2025.03,CCZ,Manufacturing,Value added,$million value added (constant price),5596,Not applicable,Seasonally adjusted
2025.06,CCZ,Manufacturing,Value added,$million value added (constant price),5386,Not applicable,Seasonally adjusted
2025.09,CCZ,Manufacturing,Value added,$million value added (constant price),5509,Not applicable,Seasonally adjusted
2025.12,CCZ,Manufacturing,Value added,$million value added (constant price),5510,Not applicable,Seasonally adjusted
2010.03,DD1,"Electricity, gas, water, and waste services",Value added,$million value added (constant price),1531,Not applicable,Seasonally adjusted
2010.06,DD1,"Electricity, gas, water, and waste services",Value added,$million value added (constant price),1562,Not applicable,Seasonally adjusted
2010.09,DD1,"Electricity, gas, water, and waste services",Value added,$million value added (constant price),1557,Not applicable,Seasonally adjusted
2010.12,DD1,"Electricity, gas, water, and waste services",Value added,$million value added (constant price),1554,Not applicable,Seasonally adjusted
2011.03,DD1,"Electricity, gas, water, and waste services",Value added,$million value added (constant price),1571,Not applicable,Seasonally adjusted
2011.06,DD1,"Electricity, gas, water, and waste services",Value added,$million value added (constant price),1568,Not applicable,Seasonally adjusted
2011.09,DD1,"Electricity, gas, water, and waste services",Value added,$million value added (constant price),1553,Not applicable,Seasonally adjusted
2011.12,DD1,"Electricity, gas, water, and waste services",Value added,$million value added (constant price),1527,Not applicable,Seasonally adjusted
2012.03,DD1,"Electricity, gas, water, and waste services",Value added,$million value added (constant price),1553,Not applicable,Seasonally adjusted
2012.06,DD1,"Electricity, gas, water, and waste services",Value added,$million value added (constant price),1556,Not applicable,Seasonally adjusted
2012.09,DD1,"Electricity, gas, water, and waste services",Value added,$million value added (constant price),1589,Not applicable,Seasonally adjusted
2012.12,DD1,"Electricity, gas, water, and waste services",Value added,$million value added (constant price),1604,Not applicable,Seasonally adjusted
2013.03,DD1,"Electricity, gas, water, and waste services",Value added,$million value added (constant price),1577,Not applicable,Seasonally adjusted
2013.06,DD1,"Electricity, gas, water, and waste services",Value added,$million value added (constant price),1554,Not applicable,Seasonally adjusted
2013.09,DD1,"Electricity, gas, water, and waste services",Value added,$million value added (constant price),1547,Not applicable,Seasonally adjusted
2013.12,DD1,"Electricity, gas, water, and waste services",Value added,$million value added (constant price),1583,Not applicable,Seasonally adjusted
2014.03,DD1,"Electricity, gas, water, and waste services",Value added,$million value added (constant price),1586,Not applicable,Seasonally adjusted
2014.06,DD1,"Electricity, gas, water, and waste services",Value added,$million value added (constant price),1588,Not applicable,Seasonally adjusted
2014.09,DD1,"Electricity, gas, water, and waste services",Value added,$million value added (constant price),1622,Not applicable,Seasonally adjusted
2014.12,DD1,"Electricity, gas, water, and waste services",Value added,$million value added (constant price),1626,Not applicable,Seasonally adjusted
2015.03,DD1,"Electricity, gas, water, and waste services",Value added,$million value added (constant price),1632,Not applicable,Seasonally adjusted
2015.06,DD1,"Electricity, gas, water, and waste services",Value added,$million value added (constant price),1676,Not applicable,Seasonally adjusted
2015.09,DD1,"Electricity, gas, water, and waste services",Value added,$million value added (constant price),1689,Not applicable,Seasonally adjusted
2015.12,DD1,"Electricity, gas, water, and waste services",Value added,$million value added (constant price),1702,Not applicable,Seasonally adjusted
2016.03,DD1,"Electricity, gas, water, and waste services",Value added,$million value added (constant price),1706,Not applicable,Seasonally adjusted
2016.06,DD1,"Electricity, gas, water, and waste services",Value added,$million value added (constant price),1695,Not applicable,Seasonally adjusted
2016.09,DD1,"Electricity, gas, water, and waste services",Value added,$million value added (constant price),1701,Not applicable,Seasonally adjusted
2016.12,DD1,"Electricity, gas, water, and waste services",Value added,$million value added (constant price),1680,Not applicable,Seasonally adjusted
2017.03,DD1,"Electricity, gas, water, and waste services",Value added,$million value added (constant price),1695,Not applicable,Seasonally adjusted
2017.06,DD1,"Electricity, gas, water, and waste services",Value added,$million value added (constant price),1668,Not applicable,Seasonally adjusted
2017.09,DD1,"Electricity, gas, water, and waste services",Value added,$million value added (constant price),1652,Not applicable,Seasonally adjusted
2017.12,DD1,"Electricity, gas, water, and waste services",Value added,$million value added (constant price),1673,Not applicable,Seasonally adjusted
2018.03,DD1,"Electricity, gas, water, and waste services",Value added,$million value added (constant price),1665,Not applicable,Seasonally adjusted
2018.06,DD1,"Electricity, gas, water, and waste services",Value added,$million value added (constant price),1760,Not applicable,Seasonally adjusted
2018.09,DD1,"Electricity, gas, water, and waste services",Value added,$million value added (constant price),1742,Not applicable,Seasonally adjusted
2018.12,DD1,"Electricity, gas, water, and waste services",Value added,$million value added (constant price),1741,Not applicable,Seasonally adjusted
2019.03,DD1,"Electricity, gas, water, and waste services",Value added,$million value added (constant price),1769,Not applicable,Seasonally adjusted
2019.06,DD1,"Electricity, gas, water, and waste services",Value added,$million value added (constant price),1790,Not applicable,Seasonally adjusted
2019.09,DD1,"Electricity, gas, water, and waste services",Value added,$million value added (constant price),1783,Not applicable,Seasonally adjusted
2019.12,DD1,"Electricity, gas, water, and waste services",Value added,$million value added (constant price),1790,Not applicable,Seasonally adjusted
2020.03,DD1,"Electricity, gas, water, and waste services",Value added,$million value added (constant price),1787,Not applicable,Seasonally adjusted
2020.06,DD1,"Electricity, gas, water, and waste services",Value added,$million value added (constant price),1670,Not applicable,Seasonally adjusted
2020.09,DD1,"Electricity, gas, water, and waste services",Value added,$million value added (constant price),1756,Not applicable,Seasonally adjusted
2020.12,DD1,"Electricity, gas, water, and waste services",Value added,$million value added (constant price),1770,Not applicable,Seasonally adjusted
2021.03,DD1,"Electricity, gas, water, and waste services",Value added,$million value added (constant price),1760,Not applicable,Seasonally adjusted
2021.06,DD1,"Electricity, gas, water, and waste services",Value added,$million value added (constant price),1769,Not applicable,Seasonally adjusted
2021.09,DD1,"Electricity, gas, water, and waste services",Value added,$million value added (constant price),1771,Not applicable,Seasonally adjusted
2021.12,DD1,"Electricity, gas, water, and waste services",Value added,$million value added (constant price),1795,Not applicable,Seasonally adjusted
2022.03,DD1,"Electricity, gas, water, and waste services",Value added,$million value added (constant price),1801,Not applicable,Seasonally adjusted
2022.06,DD1,"Electricity, gas, water, and waste services",Value added,$million value added (constant price),1774,Not applicable,Seasonally adjusted
2022.09,DD1,"Electricity, gas, water, and waste services",Value added,$million value added (constant price),1842,Not applicable,Seasonally adjusted
2022.12,DD1,"Electricity, gas, water, and waste services",Value added,$million value added (constant price),1832,Not applicable,Seasonally adjusted
2023.03,DD1,"Electricity, gas, water, and waste services",Value added,$million value added (constant price),1813,Not applicable,Seasonally adjusted
2023.06,DD1,"Electricity, gas, water, and waste services",Value added,$million value added (constant price),1836,Not applicable,Seasonally adjusted
2023.09,DD1,"Electricity, gas, water, and waste services",Value added,$million value added (constant price),1812,Not applicable,Seasonally adjusted
2023.12,DD1,"Electricity, gas, water, and waste services",Value added,$million value added (constant price),1802,Not applicable,Seasonally adjusted
2024.03,DD1,"Electricity, gas, water, and waste services",Value added,$million value added (constant price),1832,Not applicable,Seasonally adjusted
2024.06,DD1,"Electricity, gas, water, and waste services",Value added,$million value added (constant price),1800,Not applicable,Seasonally adjusted
2024.09,DD1,"Electricity, gas, water, and waste services",Value added,$million value added (constant price),1734,Not applicable,Seasonally adjusted
2024.12,DD1,"Electricity, gas, water, and waste services",Value added,$million value added (constant price),1751,Not applicable,Seasonally adjusted
2025.03,DD1,"Electricity, gas, water, and waste services",Value added,$million value added (constant price),1747,Not applicable,Seasonally adjusted
2025.06,DD1,"Electricity, gas, water, and waste services",Value added,$million value added (constant price),1759,Not applicable,Seasonally adjusted
2025.09,DD1,"Electricity, gas, water, and waste services",Value added,$million value added (constant price),1805,Not applicable,Seasonally adjusted
2025.12,DD1,"Electricity, gas, water, and waste services",Value added,$million value added (constant price),1818,Not applicable,Seasonally adjusted
2010.03,EE1,Construction,Value added,$million value added (constant price),2728,Not applicable,Seasonally adjusted
2010.06,EE1,Construction,Value added,$million value added (constant price),2826,Not applicable,Seasonally adjusted
2010.09,EE1,Construction,Value added,$million value added (constant price),2717,Not applicable,Seasonally adjusted
2010.12,EE1,Construction,Value added,$million value added (constant price),2699,Not applicable,Seasonally adjusted
2011.03,EE1,Construction,Value added,$million value added (constant price),2632,Not applicable,Seasonally adjusted
2011.06,EE1,Construction,Value added,$million value added (constant price),2605,Not applicable,Seasonally adjusted
2011.09,EE1,Construction,Value added,$million value added (constant price),2628,Not applicable,Seasonally adjusted
2011.12,EE1,Construction,Value added,$million value added (constant price),2693,Not applicable,Seasonally adjusted
2012.03,EE1,Construction,Value added,$million value added (constant price),2664,Not applicable,Seasonally adjusted
2012.06,EE1,Construction,Value added,$million value added (constant price),2681,Not applicable,Seasonally adjusted
2012.09,EE1,Construction,Value added,$million value added (constant price),2808,Not applicable,Seasonally adjusted
2012.12,EE1,Construction,Value added,$million value added (constant price),2893,Not applicable,Seasonally adjusted
2013.03,EE1,Construction,Value added,$million value added (constant price),2915,Not applicable,Seasonally adjusted
2013.06,EE1,Construction,Value added,$million value added (constant price),2891,Not applicable,Seasonally adjusted
2013.09,EE1,Construction,Value added,$million value added (constant price),2830,Not applicable,Seasonally adjusted
2013.12,EE1,Construction,Value added,$million value added (constant price),2844,Not applicable,Seasonally adjusted
2014.03,EE1,Construction,Value added,$million value added (constant price),3006,Not applicable,Seasonally adjusted
2014.06,EE1,Construction,Value added,$million value added (constant price),3108,Not applicable,Seasonally adjusted
2014.09,EE1,Construction,Value added,$million value added (constant price),3189,Not applicable,Seasonally adjusted
2014.12,EE1,Construction,Value added,$million value added (constant price),3124,Not applicable,Seasonally adjusted
2015.03,EE1,Construction,Value added,$million value added (constant price),3235,Not applicable,Seasonally adjusted
2015.06,EE1,Construction,Value added,$million value added (constant price),3280,Not applicable,Seasonally adjusted
2015.09,EE1,Construction,Value added,$million value added (constant price),3316,Not applicable,Seasonally adjusted
2015.12,EE1,Construction,Value added,$million value added (constant price),3394,Not applicable,Seasonally adjusted
2016.03,EE1,Construction,Value added,$million value added (constant price),3539,Not applicable,Seasonally adjusted
2016.06,EE1,Construction,Value added,$million value added (constant price),3610,Not applicable,Seasonally adjusted
2016.09,EE1,Construction,Value added,$million value added (constant price),3622,Not applicable,Seasonally adjusted
2016.12,EE1,Construction,Value added,$million value added (constant price),3680,Not applicable,Seasonally adjusted
2017.03,EE1,Construction,Value added,$million value added (constant price),3706,Not applicable,Seasonally adjusted
2017.06,EE1,Construction,Value added,$million value added (constant price),3815,Not applicable,Seasonally adjusted
2017.09,EE1,Construction,Value added,$million value added (constant price),4016,Not applicable,Seasonally adjusted
2017.12,EE1,Construction,Value added,$million value added (constant price),4055,Not applicable,Seasonally adjusted
2018.03,EE1,Construction,Value added,$million value added (constant price),4020,Not applicable,Seasonally adjusted
2018.06,EE1,Construction,Value added,$million value added (constant price),4034,Not applicable,Seasonally adjusted
2018.09,EE1,Construction,Value added,$million value added (constant price),3987,Not applicable,Seasonally adjusted
2018.12,EE1,Construction,Value added,$million value added (constant price),4081,Not applicable,Seasonally adjusted
2019.03,EE1,Construction,Value added,$million value added (constant price),4289,Not applicable,Seasonally adjusted
2019.06,EE1,Construction,Value added,$million value added (constant price),4327,Not applicable,Seasonally adjusted
2019.09,EE1,Construction,Value added,$million value added (constant price),4396,Not applicable,Seasonally adjusted
2019.12,EE1,Construction,Value added,$million value added (constant price),4482,Not applicable,Seasonally adjusted
2020.03,EE1,Construction,Value added,$million value added (constant price),4336,Not applicable,Seasonally adjusted
2020.06,EE1,Construction,Value added,$million value added (constant price),3401,Not applicable,Seasonally adjusted
2020.09,EE1,Construction,Value added,$million value added (constant price),5186,Not applicable,Seasonally adjusted
2020.12,EE1,Construction,Value added,$million value added (constant price),4748,Not applicable,Seasonally adjusted
2021.03,EE1,Construction,Value added,$million value added (constant price),4820,Not applicable,Seasonally adjusted
2021.06,EE1,Construction,Value added,$million value added (constant price),4543,Not applicable,Seasonally adjusted
2021.09,EE1,Construction,Value added,$million value added (constant price),3900,Not applicable,Seasonally adjusted
2021.12,EE1,Construction,Value added,$million value added (constant price),4217,Not applicable,Seasonally adjusted
2022.03,EE1,Construction,Value added,$million value added (constant price),4238,Not applicable,Seasonally adjusted
2022.06,EE1,Construction,Value added,$million value added (constant price),4396,Not applicable,Seasonally adjusted
2022.09,EE1,Construction,Value added,$million value added (constant price),4602,Not applicable,Seasonally adjusted
2022.12,EE1,Construction,Value added,$million value added (constant price),4720,Not applicable,Seasonally adjusted
2023.03,EE1,Construction,Value added,$million value added (constant price),4785,Not applicable,Seasonally adjusted
2023.06,EE1,Construction,Value added,$million value added (constant price),4947,Not applicable,Seasonally adjusted
2023.09,EE1,Construction,Value added,$million value added (constant price),4953,Not applicable,Seasonally adjusted
2023.12,EE1,Construction,Value added,$million value added (constant price),5011,Not applicable,Seasonally adjusted
2024.03,EE1,Construction,Value added,$million value added (constant price),4850,Not applicable,Seasonally adjusted
2024.06,EE1,Construction,Value added,$million value added (constant price),4722,Not applicable,Seasonally adjusted
2024.09,EE1,Construction,Value added,$million value added (constant price),4548,Not applicable,Seasonally adjusted
2024.12,EE1,Construction,Value added,$million value added (constant price),4379,Not applicable,Seasonally adjusted
2025.03,EE1,Construction,Value added,$million value added (constant price),4440,Not applicable,Seasonally adjusted
2025.06,EE1,Construction,Value added,$million value added (constant price),4301,Not applicable,Seasonally adjusted
2025.09,EE1,Construction,Value added,$million value added (constant price),4335,Not applicable,Seasonally adjusted
2025.12,EE1,Construction,Value added,$million value added (constant price),4274,Not applicable,Seasonally adjusted
2010.03,II1,"Transport, postal, and warehousing",Value added,$million value added (constant price),2058,Not applicable,Seasonally adjusted
2010.06,II1,"Transport, postal, and warehousing",Value added,$million value added (constant price),2093,Not applicable,Seasonally adjusted
2010.09,II1,"Transport, postal, and warehousing",Value added,$million value added (constant price),2169,Not applicable,Seasonally adjusted
2010.12,II1,"Transport, postal, and warehousing",Value added,$million value added (constant price),2180,Not applicable,Seasonally adjusted
2011.03,II1,"Transport, postal, and warehousing",Value added,$million value added (constant price),2195,Not applicable,Seasonally adjusted
2011.06,II1,"Transport, postal, and warehousing",Value added,$million value added (constant price),2179,Not applicable,Seasonally adjusted
2011.09,II1,"Transport, postal, and warehousing",Value added,$million value added (constant price),2208,Not applicable,Seasonally adjusted
2011.12,II1,"Transport, postal, and warehousing",Value added,$million value added (constant price),2198,Not applicable,Seasonally adjusted
2012.03,II1,"Transport, postal, and warehousing",Value added,$million value added (constant price),2205,Not applicable,Seasonally adjusted
2012.06,II1,"Transport, postal, and warehousing",Value added,$million value added (constant price),2230,Not applicable,Seasonally adjusted
2012.09,II1,"Transport, postal, and warehousing",Value added,$million value added (constant price),2204,Not applicable,Seasonally adjusted
2012.12,II1,"Transport, postal, and warehousing",Value added,$million value added (constant price),2220,Not applicable,Seasonally adjusted
2013.03,II1,"Transport, postal, and warehousing",Value added,$million value added (constant price),2198,Not applicable,Seasonally adjusted
2013.06,II1,"Transport, postal, and warehousing",Value added,$million value added (constant price),2215,Not applicable,Seasonally adjusted
2013.09,II1,"Transport, postal, and warehousing",Value added,$million value added (constant price),2231,Not applicable,Seasonally adjusted
2013.12,II1,"Transport, postal, and warehousing",Value added,$million value added (constant price),2274,Not applicable,Seasonally adjusted
2014.03,II1,"Transport, postal, and warehousing",Value added,$million value added (constant price),2315,Not applicable,Seasonally adjusted
2014.06,II1,"Transport, postal, and warehousing",Value added,$million value added (constant price),2393,Not applicable,Seasonally adjusted
2014.09,II1,"Transport, postal, and warehousing",Value added,$million value added (constant price),2363,Not applicable,Seasonally adjusted
2014.12,II1,"Transport, postal, and warehousing",Value added,$million value added (constant price),2424,Not applicable,Seasonally adjusted
2015.03,II1,"Transport, postal, and warehousing",Value added,$million value added (constant price),2499,Not applicable,Seasonally adjusted
2015.06,II1,"Transport, postal, and warehousing",Value added,$million value added (constant price),2487,Not applicable,Seasonally adjusted
2015.09,II1,"Transport, postal, and warehousing",Value added,$million value added (constant price),2537,Not applicable,Seasonally adjusted
2015.12,II1,"Transport, postal, and warehousing",Value added,$million value added (constant price),2548,Not applicable,Seasonally adjusted
2016.03,II1,"Transport, postal, and warehousing",Value added,$million value added (constant price),2604,Not applicable,Seasonally adjusted
2016.06,II1,"Transport, postal, and warehousing",Value added,$million value added (constant price),2573,Not applicable,Seasonally adjusted
2016.09,II1,"Transport, postal, and warehousing",Value added,$million value added (constant price),2650,Not applicable,Seasonally adjusted
2016.12,II1,"Transport, postal, and warehousing",Value added,$million value added (constant price),2625,Not applicable,Seasonally adjusted
2017.03,II1,"Transport, postal, and warehousing",Value added,$million value added (constant price),2593,Not applicable,Seasonally adjusted
2017.06,II1,"Transport, postal, and warehousing",Value added,$million value added (constant price),2644,Not applicable,Seasonally adjusted
2017.09,II1,"Transport, postal, and warehousing",Value added,$million value added (constant price),2657,Not applicable,Seasonally adjusted
2017.12,II1,"Transport, postal, and warehousing",Value added,$million value added (constant price),2694,Not applicable,Seasonally adjusted
2018.03,II1,"Transport, postal, and warehousing",Value added,$million value added (constant price),2710,Not applicable,Seasonally adjusted
2018.06,II1,"Transport, postal, and warehousing",Value added,$million value added (constant price),2721,Not applicable,Seasonally adjusted
2018.09,II1,"Transport, postal, and warehousing",Value added,$million value added (constant price),2736,Not applicable,Seasonally adjusted
2018.12,II1,"Transport, postal, and warehousing",Value added,$million value added (constant price),2734,Not applicable,Seasonally adjusted
2019.03,II1,"Transport, postal, and warehousing",Value added,$million value added (constant price),2798,Not applicable,Seasonally adjusted
2019.06,II1,"Transport, postal, and warehousing",Value added,$million value added (constant price),2861,Not applicable,Seasonally adjusted
2019.09,II1,"Transport, postal, and warehousing",Value added,$million value added (constant price),2810,Not applicable,Seasonally adjusted
2019.12,II1,"Transport, postal, and warehousing",Value added,$million value added (constant price),2866,Not applicable,Seasonally adjusted
2020.03,II1,"Transport, postal, and warehousing",Value added,$million value added (constant price),2640,Not applicable,Seasonally adjusted
2020.06,II1,"Transport, postal, and warehousing",Value added,$million value added (constant price),2075,Not applicable,Seasonally adjusted
2020.09,II1,"Transport, postal, and warehousing",Value added,$million value added (constant price),2265,Not applicable,Seasonally adjusted
2020.12,II1,"Transport, postal, and warehousing",Value added,$million value added (constant price),2351,Not applicable,Seasonally adjusted
2021.03,II1,"Transport, postal, and warehousing",Value added,$million value added (constant price),2356,Not applicable,Seasonally adjusted
2021.06,II1,"Transport, postal, and warehousing",Value added,$million value added (constant price),2502,Not applicable,Seasonally adjusted
2021.09,II1,"Transport, postal, and warehousing",Value added,$million value added (constant price),2397,Not applicable,Seasonally adjusted
2021.12,II1,"Transport, postal, and warehousing",Value added,$million value added (constant price),2462,Not applicable,Seasonally adjusted
2022.03,II1,"Transport, postal, and warehousing",Value added,$million value added (constant price),2411,Not applicable,Seasonally adjusted
2022.06,II1,"Transport, postal, and warehousing",Value added,$million value added (constant price),2707,Not applicable,Seasonally adjusted
2022.09,II1,"Transport, postal, and warehousing",Value added,$million value added (constant price),2929,Not applicable,Seasonally adjusted
2022.12,II1,"Transport, postal, and warehousing",Value added,$million value added (constant price),2925,Not applicable,Seasonally adjusted
2023.03,II1,"Transport, postal, and warehousing",Value added,$million value added (constant price),2889,Not applicable,Seasonally adjusted
2023.06,II1,"Transport, postal, and warehousing",Value added,$million value added (constant price),2942,Not applicable,Seasonally adjusted
2023.09,II1,"Transport, postal, and warehousing",Value added,$million value added (constant price),2906,Not applicable,Seasonally adjusted
2023.12,II1,"Transport, postal, and warehousing",Value added,$million value added (constant price),2894,Not applicable,Seasonally adjusted
2024.03,II1,"Transport, postal, and warehousing",Value added,$million value added (constant price),2966,Not applicable,Seasonally adjusted
2024.06,II1,"Transport, postal, and warehousing",Value added,$million value added (constant price),2901,Not applicable,Seasonally adjusted
2024.09,II1,"Transport, postal, and warehousing",Value added,$million value added (constant price),2878,Not applicable,Seasonally adjusted
2024.12,II1,"Transport, postal, and warehousing",Value added,$million value added (constant price),2925,Not applicable,Seasonally adjusted
2025.03,II1,"Transport, postal, and warehousing",Value added,$million value added (constant price),2945,Not applicable,Seasonally adjusted
2025.06,II1,"Transport, postal, and warehousing",Value added,$million value added (constant price),2898,Not applicable,Seasonally adjusted
2025.09,II1,"Transport, postal, and warehousing",Value added,$million value added (constant price),2902,Not applicable,Seasonally adjusted
2025.12,II1,"Transport, postal, and warehousing",Value added,$million value added (constant price),2934,Not applicable,Seasonally adjusted
2010.03,ZGZ,Goods-producing industries,Value added,$million value added (constant price),9663,Not applicable,Seasonally adjusted
2010.06,ZGZ,Goods-producing industries,Value added,$million value added (constant price),9696,Not applicable,Seasonally adjusted
2010.09,ZGZ,Goods-producing industries,Value added,$million value added (constant price),9497,Not applicable,Seasonally adjusted
2010.12,ZGZ,Goods-producing industries,Value added,$million value added (constant price),9671,Not applicable,Seasonally adjusted
2011.03,ZGZ,Goods-producing industries,Value added,$million value added (constant price),9563,Not applicable,Seasonally adjusted
2011.06,ZGZ,Goods-producing industries,Value added,$million value added (constant price),9515,Not applicable,Seasonally adjusted
2011.09,ZGZ,Goods-producing industries,Value added,$million value added (constant price),9583,Not applicable,Seasonally adjusted
2011.12,ZGZ,Goods-producing industries,Value added,$million value added (constant price),9404,Not applicable,Seasonally adjusted
2012.03,ZGZ,Goods-producing industries,Value added,$million value added (constant price),9558,Not applicable,Seasonally adjusted
2012.06,ZGZ,Goods-producing industries,Value added,$million value added (constant price),9673,Not applicable,Seasonally adjusted
2012.09,ZGZ,Goods-producing industries,Value added,$million value added (constant price),9721,Not applicable,Seasonally adjusted
2012.12,ZGZ,Goods-producing industries,Value added,$million value added (constant price),9883,Not applicable,Seasonally adjusted
2013.03,ZGZ,Goods-producing industries,Value added,$million value added (constant price),9884,Not applicable,Seasonally adjusted
2013.06,ZGZ,Goods-producing industries,Value added,$million value added (constant price),9785,Not applicable,Seasonally adjusted
2013.09,ZGZ,Goods-producing industries,Value added,$million value added (constant price),9780,Not applicable,Seasonally adjusted
2013.12,ZGZ,Goods-producing industries,Value added,$million value added (constant price),9895,Not applicable,Seasonally adjusted
2014.03,ZGZ,Goods-producing industries,Value added,$million value added (constant price),10104,Not applicable,Seasonally adjusted
2014.06,ZGZ,Goods-producing industries,Value added,$million value added (constant price),10180,Not applicable,Seasonally adjusted
2014.09,ZGZ,Goods-producing industries,Value added,$million value added (constant price),10325,Not applicable,Seasonally adjusted
2014.12,ZGZ,Goods-producing industries,Value added,$million value added (constant price),10339,Not applicable,Seasonally adjusted
2015.03,ZGZ,Goods-producing industries,Value added,$million value added (constant price),10446,Not applicable,Seasonally adjusted
2015.06,ZGZ,Goods-producing industries,Value added,$million value added (constant price),10567,Not applicable,Seasonally adjusted
2015.09,ZGZ,Goods-producing industries,Value added,$million value added (constant price),10675,Not applicable,Seasonally adjusted
2015.12,ZGZ,Goods-producing industries,Value added,$million value added (constant price),10829,Not applicable,Seasonally adjusted
2016.03,ZGZ,Goods-producing industries,Value added,$million value added (constant price),10966,Not applicable,Seasonally adjusted
2016.06,ZGZ,Goods-producing industries,Value added,$million value added (constant price),11045,Not applicable,Seasonally adjusted
2016.09,ZGZ,Goods-producing industries,Value added,$million value added (constant price),11203,Not applicable,Seasonally adjusted
2016.12,ZGZ,Goods-producing industries,Value added,$million value added (constant price),11170,Not applicable,Seasonally adjusted
2017.03,ZGZ,Goods-producing industries,Value added,$million value added (constant price),11218,Not applicable,Seasonally adjusted
2017.06,ZGZ,Goods-producing industries,Value added,$million value added (constant price),11391,Not applicable,Seasonally adjusted
2017.09,ZGZ,Goods-producing industries,Value added,$million value added (constant price),11620,Not applicable,Seasonally adjusted
2017.12,ZGZ,Goods-producing industries,Value added,$million value added (constant price),11636,Not applicable,Seasonally adjusted
2018.03,ZGZ,Goods-producing industries,Value added,$million value added (constant price),11661,Not applicable,Seasonally adjusted
2018.06,ZGZ,Goods-producing industries,Value added,$million value added (constant price),11844,Not applicable,Seasonally adjusted
2018.09,ZGZ,Goods-producing industries,Value added,$million value added (constant price),11736,Not applicable,Seasonally adjusted
2018.12,ZGZ,Goods-producing industries,Value added,$million value added (constant price),11882,Not applicable,Seasonally adjusted
2019.03,ZGZ,Goods-producing industries,Value added,$million value added (constant price),12225,Not applicable,Seasonally adjusted
2019.06,ZGZ,Goods-producing industries,Value added,$million value added (constant price),12159,Not applicable,Seasonally adjusted
2019.09,ZGZ,Goods-producing industries,Value added,$million value added (constant price),12246,Not applicable,Seasonally adjusted
2019.12,ZGZ,Goods-producing industries,Value added,$million value added (constant price),12313,Not applicable,Seasonally adjusted
2020.03,ZGZ,Goods-producing industries,Value added,$million value added (constant price),12053,Not applicable,Seasonally adjusted
2020.06,ZGZ,Goods-producing industries,Value added,$million value added (constant price),10269,Not applicable,Seasonally adjusted
2020.09,ZGZ,Goods-producing industries,Value added,$million value added (constant price),13020,Not applicable,Seasonally adjusted
2020.12,ZGZ,Goods-producing industries,Value added,$million value added (constant price),12559,Not applicable,Seasonally adjusted
2021.03,ZGZ,Goods-producing industries,Value added,$million value added (constant price),12765,Not applicable,Seasonally adjusted
2021.06,ZGZ,Goods-producing industries,Value added,$million value added (constant price),12570,Not applicable,Seasonally adjusted
2021.09,ZGZ,Goods-producing industries,Value added,$million value added (constant price),11451,Not applicable,Seasonally adjusted
2021.12,ZGZ,Goods-producing industries,Value added,$million value added (constant price),12169,Not applicable,Seasonally adjusted
2022.03,ZGZ,Goods-producing industries,Value added,$million value added (constant price),12110,Not applicable,Seasonally adjusted
2022.06,ZGZ,Goods-producing industries,Value added,$million value added (constant price),11899,Not applicable,Seasonally adjusted
2022.09,ZGZ,Goods-producing industries,Value added,$million value added (constant price),12264,Not applicable,Seasonally adjusted
2022.12,ZGZ,Goods-producing industries,Value added,$million value added (constant price),12267,Not applicable,Seasonally adjusted
2023.03,ZGZ,Goods-producing industries,Value added,$million value added (constant price),12261,Not applicable,Seasonally adjusted
2023.06,ZGZ,Goods-producing industries,Value added,$million value added (constant price),12489,Not applicable,Seasonally adjusted
2023.09,ZGZ,Goods-producing industries,Value added,$million value added (constant price),12380,Not applicable,Seasonally adjusted
2023.12,ZGZ,Goods-producing industries,Value added,$million value added (constant price),12482,Not applicable,Seasonally adjusted
2024.03,ZGZ,Goods-producing industries,Value added,$million value added (constant price),12191,Not applicable,Seasonally adjusted
2024.06,ZGZ,Goods-producing industries,Value added,$million value added (constant price),12163,Not applicable,Seasonally adjusted
2024.09,ZGZ,Goods-producing industries,Value added,$million value added (constant price),11800,Not applicable,Seasonally adjusted
2024.12,ZGZ,Goods-producing industries,Value added,$million value added (constant price),11599,Not applicable,Seasonally adjusted
2025.03,ZGZ,Goods-producing industries,Value added,$million value added (constant price),11778,Not applicable,Seasonally adjusted
2025.06,ZGZ,Goods-producing industries,Value added,$million value added (constant price),11440,Not applicable,Seasonally adjusted
2025.09,ZGZ,Goods-producing industries,Value added,$million value added (constant price),11640,Not applicable,Seasonally adjusted
2025.12,ZGZ,Goods-producing industries,Value added,$million value added (constant price),11590,Not applicable,Seasonally adjusted
2010.03,ZPZ,Primary industries,Value added,$million value added (constant price),3780,Not applicable,Seasonally adjusted
2010.06,ZPZ,Primary industries,Value added,$million value added (constant price),3574,Not applicable,Seasonally adjusted
2010.09,ZPZ,Primary industries,Value added,$million value added (constant price),3478,Not applicable,Seasonally adjusted
2010.12,ZPZ,Primary industries,Value added,$million value added (constant price),3446,Not applicable,Seasonally adjusted
2011.03,ZPZ,Primary industries,Value added,$million value added (constant price),3511,Not applicable,Seasonally adjusted
2011.06,ZPZ,Primary industries,Value added,$million value added (constant price),3660,Not applicable,Seasonally adjusted
2011.09,ZPZ,Primary industries,Value added,$million value added (constant price),3696,Not applicable,Seasonally adjusted
2011.12,ZPZ,Primary industries,Value added,$million value added (constant price),3728,Not applicable,Seasonally adjusted
2012.03,ZPZ,Primary industries,Value added,$million value added (constant price),3846,Not applicable,Seasonally adjusted
2012.06,ZPZ,Primary industries,Value added,$million value added (constant price),3952,Not applicable,Seasonally adjusted
2012.09,ZPZ,Primary industries,Value added,$million value added (constant price),3853,Not applicable,Seasonally adjusted
2012.12,ZPZ,Primary industries,Value added,$million value added (constant price),3835,Not applicable,Seasonally adjusted
2013.03,ZPZ,Primary industries,Value added,$million value added (constant price),3746,Not applicable,Seasonally adjusted
2013.06,ZPZ,Primary industries,Value added,$million value added (constant price),3642,Not applicable,Seasonally adjusted
2013.09,ZPZ,Primary industries,Value added,$million value added (constant price),3830,Not applicable,Seasonally adjusted
2013.12,ZPZ,Primary industries,Value added,$million value added (constant price),3819,Not applicable,Seasonally adjusted
2014.03,ZPZ,Primary industries,Value added,$million value added (constant price),4020,Not applicable,Seasonally adjusted
2014.06,ZPZ,Primary industries,Value added,$million value added (constant price),3936,Not applicable,Seasonally adjusted
2014.09,ZPZ,Primary industries,Value added,$million value added (constant price),4054,Not applicable,Seasonally adjusted
2014.12,ZPZ,Primary industries,Value added,$million value added (constant price),4095,Not applicable,Seasonally adjusted
2015.03,ZPZ,Primary industries,Value added,$million value added (constant price),4014,Not applicable,Seasonally adjusted
2015.06,ZPZ,Primary industries,Value added,$million value added (constant price),4084,Not applicable,Seasonally adjusted
2015.09,ZPZ,Primary industries,Value added,$million value added (constant price),4076,Not applicable,Seasonally adjusted
2015.12,ZPZ,Primary industries,Value added,$million value added (constant price),4051,Not applicable,Seasonally adjusted
2016.03,ZPZ,Primary industries,Value added,$million value added (constant price),4074,Not applicable,Seasonally adjusted
2016.06,ZPZ,Primary industries,Value added,$million value added (constant price),4083,Not applicable,Seasonally adjusted
2016.09,ZPZ,Primary industries,Value added,$million value added (constant price),4043,Not applicable,Seasonally adjusted
2016.12,ZPZ,Primary industries,Value added,$million value added (constant price),3985,Not applicable,Seasonally adjusted
2017.03,ZPZ,Primary industries,Value added,$million value added (constant price),4051,Not applicable,Seasonally adjusted
2017.06,ZPZ,Primary industries,Value added,$million value added (constant price),3889,Not applicable,Seasonally adjusted
2017.09,ZPZ,Primary industries,Value added,$million value added (constant price),3858,Not applicable,Seasonally adjusted
2017.12,ZPZ,Primary industries,Value added,$million value added (constant price),3896,Not applicable,Seasonally adjusted
2018.03,ZPZ,Primary industries,Value added,$million value added (constant price),3912,Not applicable,Seasonally adjusted
2018.06,ZPZ,Primary industries,Value added,$million value added (constant price),3969,Not applicable,Seasonally adjusted
2018.09,ZPZ,Primary industries,Value added,$million value added (constant price),4060,Not applicable,Seasonally adjusted
2018.12,ZPZ,Primary industries,Value added,$million value added (constant price),4075,Not applicable,Seasonally adjusted
2019.03,ZPZ,Primary industries,Value added,$million value added (constant price),4048,Not applicable,Seasonally adjusted
2019.06,ZPZ,Primary industries,Value added,$million value added (constant price),3970,Not applicable,Seasonally adjusted
2019.09,ZPZ,Primary industries,Value added,$million value added (constant price),3963,Not applicable,Seasonally adjusted
2019.12,ZPZ,Primary industries,Value added,$million value added (constant price),3940,Not applicable,Seasonally adjusted
2020.03,ZPZ,Primary industries,Value added,$million value added (constant price),3926,Not applicable,Seasonally adjusted
2020.06,ZPZ,Primary industries,Value added,$million value added (constant price),3739,Not applicable,Seasonally adjusted
2020.09,ZPZ,Primary industries,Value added,$million value added (constant price),4139,Not applicable,Seasonally adjusted
2020.12,ZPZ,Primary industries,Value added,$million value added (constant price),4093,Not applicable,Seasonally adjusted
2021.03,ZPZ,Primary industries,Value added,$million value added (constant price),4101,Not applicable,Seasonally adjusted
2021.06,ZPZ,Primary industries,Value added,$million value added (constant price),4125,Not applicable,Seasonally adjusted
2021.09,ZPZ,Primary industries,Value added,$million value added (constant price),3890,Not applicable,Seasonally adjusted
2021.12,ZPZ,Primary industries,Value added,$million value added (constant price),3903,Not applicable,Seasonally adjusted
2022.03,ZPZ,Primary industries,Value added,$million value added (constant price),3917,Not applicable,Seasonally adjusted
2022.06,ZPZ,Primary industries,Value added,$million value added (constant price),3893,Not applicable,Seasonally adjusted
2022.09,ZPZ,Primary industries,Value added,$million value added (constant price),3932,Not applicable,Seasonally adjusted
2022.12,ZPZ,Primary industries,Value added,$million value added (constant price),3967,Not applicable,Seasonally adjusted
2023.03,ZPZ,Primary industries,Value added,$million value added (constant price),4016,Not applicable,Seasonally adjusted
2023.06,ZPZ,Primary industries,Value added,$million value added (constant price),4050,Not applicable,Seasonally adjusted
2023.09,ZPZ,Primary industries,Value added,$million value added (constant price),4086,Not applicable,Seasonally adjusted
2023.12,ZPZ,Primary industries,Value added,$million value added (constant price),4102,Not applicable,Seasonally adjusted
2024.03,ZPZ,Primary industries,Value added,$million value added (constant price),4108,Not applicable,Seasonally adjusted
2024.06,ZPZ,Primary industries,Value added,$million value added (constant price),4176,Not applicable,Seasonally adjusted
2024.09,ZPZ,Primary industries,Value added,$million value added (constant price),4194,Not applicable,Seasonally adjusted
2024.12,ZPZ,Primary industries,Value added,$million value added (constant price),4178,Not applicable,Seasonally adjusted
2025.03,ZPZ,Primary industries,Value added,$million value added (constant price),4197,Not applicable,Seasonally adjusted
2025.06,ZPZ,Primary industries,Value added,$million value added (constant price),4198,Not applicable,Seasonally adjusted
2025.09,ZPZ,Primary industries,Value added,$million value added (constant price),4197,Not applicable,Seasonally adjusted
2025.12,ZPZ,Primary industries,Value added,$million value added (constant price),4234,Not applicable,Seasonally adjusted
2010.03,ZSX,"Services excluding transport, postal, and warehousing",Value added,$million value added (constant price),30100,Not applicable,Seasonally adjusted
2010.06,ZSX,"Services excluding transport, postal, and warehousing",Value added,$million value added (constant price),30272,Not applicable,Seasonally adjusted
2010.09,ZSX,"Services excluding transport, postal, and warehousing",Value added,$million value added (constant price),30611,Not applicable,Seasonally adjusted
2010.12,ZSX,"Services excluding transport, postal, and warehousing",Value added,$million value added (constant price),30445,Not applicable,Seasonally adjusted
2011.03,ZSX,"Services excluding transport, postal, and warehousing",Value added,$million value added (constant price),30800,Not applicable,Seasonally adjusted
2011.06,ZSX,"Services excluding transport, postal, and warehousing",Value added,$million value added (constant price),31062,Not applicable,Seasonally adjusted
2011.09,ZSX,"Services excluding transport, postal, and warehousing",Value added,$million value added (constant price),31259,Not applicable,Seasonally adjusted
2011.12,ZSX,"Services excluding transport, postal, and warehousing",Value added,$million value added (constant price),31446,Not applicable,Seasonally adjusted
2012.03,ZSX,"Services excluding transport, postal, and warehousing",Value added,$million value added (constant price),31597,Not applicable,Seasonally adjusted
2012.06,ZSX,"Services excluding transport, postal, and warehousing",Value added,$million value added (constant price),31707,Not applicable,Seasonally adjusted
2012.09,ZSX,"Services excluding transport, postal, and warehousing",Value added,$million value added (constant price),31829,Not applicable,Seasonally adjusted
2012.12,ZSX,"Services excluding transport, postal, and warehousing",Value added,$million value added (constant price),32167,Not applicable,Seasonally adjusted
2013.03,ZSX,"Services excluding transport, postal, and warehousing",Value added,$million value added (constant price),32236,Not applicable,Seasonally adjusted
2013.06,ZSX,"Services excluding transport, postal, and warehousing",Value added,$million value added (constant price),32735,Not applicable,Seasonally adjusted
2013.09,ZSX,"Services excluding transport, postal, and warehousing",Value added,$million value added (constant price),33011,Not applicable,Seasonally adjusted
2013.12,ZSX,"Services excluding transport, postal, and warehousing",Value added,$million value added (constant price),33115,Not applicable,Seasonally adjusted
2014.03,ZSX,"Services excluding transport, postal, and warehousing",Value added,$million value added (constant price),33318,Not applicable,Seasonally adjusted
2014.06,ZSX,"Services excluding transport, postal, and warehousing",Value added,$million value added (constant price),33654,Not applicable,Seasonally adjusted
2014.09,ZSX,"Services excluding transport, postal, and warehousing",Value added,$million value added (constant price),33897,Not applicable,Seasonally adjusted
2014.12,ZSX,"Services excluding transport, postal, and warehousing",Value added,$million value added (constant price),34335,Not applicable,Seasonally adjusted
2015.03,ZSX,"Services excluding transport, postal, and warehousing",Value added,$million value added (constant price),34504,Not applicable,Seasonally adjusted
2015.06,ZSX,"Services excluding transport, postal, and warehousing",Value added,$million value added (constant price),34732,Not applicable,Seasonally adjusted
2015.09,ZSX,"Services excluding transport, postal, and warehousing",Value added,$million value added (constant price),35135,Not applicable,Seasonally adjusted
2015.12,ZSX,"Services excluding transport, postal, and warehousing",Value added,$million value added (constant price),35498,Not applicable,Seasonally adjusted
2016.03,ZSX,"Services excluding transport, postal, and warehousing",Value added,$million value added (constant price),35925,Not applicable,Seasonally adjusted
2016.06,ZSX,"Services excluding transport, postal, and warehousing",Value added,$million value added (constant price),36230,Not applicable,Seasonally adjusted
2016.09,ZSX,"Services excluding transport, postal, and warehousing",Value added,$million value added (constant price),36598,Not applicable,Seasonally adjusted
2016.12,ZSX,"Services excluding transport, postal, and warehousing",Value added,$million value added (constant price),36933,Not applicable,Seasonally adjusted
2017.03,ZSX,"Services excluding transport, postal, and warehousing",Value added,$million value added (constant price),37363,Not applicable,Seasonally adjusted
2017.06,ZSX,"Services excluding transport, postal, and warehousing",Value added,$million value added (constant price),37696,Not applicable,Seasonally adjusted
2017.09,ZSX,"Services excluding transport, postal, and warehousing",Value added,$million value added (constant price),37988,Not applicable,Seasonally adjusted
2017.12,ZSX,"Services excluding transport, postal, and warehousing",Value added,$million value added (constant price),38450,Not applicable,Seasonally adjusted
2018.03,ZSX,"Services excluding transport, postal, and warehousing",Value added,$million value added (constant price),38781,Not applicable,Seasonally adjusted
2018.06,ZSX,"Services excluding transport, postal, and warehousing",Value added,$million value added (constant price),39223,Not applicable,Seasonally adjusted
2018.09,ZSX,"Services excluding transport, postal, and warehousing",Value added,$million value added (constant price),39320,Not applicable,Seasonally adjusted
2018.12,ZSX,"Services excluding transport, postal, and warehousing",Value added,$million value added (constant price),39613,Not applicable,Seasonally adjusted
2019.03,ZSX,"Services excluding transport, postal, and warehousing",Value added,$million value added (constant price),39871,Not applicable,Seasonally adjusted
2019.06,ZSX,"Services excluding transport, postal, and warehousing",Value added,$million value added (constant price),40222,Not applicable,Seasonally adjusted
2019.09,ZSX,"Services excluding transport, postal, and warehousing",Value added,$million value added (constant price),40702,Not applicable,Seasonally adjusted
2019.12,ZSX,"Services excluding transport, postal, and warehousing",Value added,$million value added (constant price),40859,Not applicable,Seasonally adjusted
2020.03,ZSX,"Services excluding transport, postal, and warehousing",Value added,$million value added (constant price),40811,Not applicable,Seasonally adjusted
2020.06,ZSX,"Services excluding transport, postal, and warehousing",Value added,$million value added (constant price),37751,Not applicable,Seasonally adjusted
2020.09,ZSX,"Services excluding transport, postal, and warehousing",Value added,$million value added (constant price),41758,Not applicable,Seasonally adjusted
2020.12,ZSX,"Services excluding transport, postal, and warehousing",Value added,$million value added (constant price),42062,Not applicable,Seasonally adjusted
2021.03,ZSX,"Services excluding transport, postal, and warehousing",Value added,$million value added (constant price),42837,Not applicable,Seasonally adjusted
2021.06,ZSX,"Services excluding transport, postal, and warehousing",Value added,$million value added (constant price),43840,Not applicable,Seasonally adjusted
2021.09,ZSX,"Services excluding transport, postal, and warehousing",Value added,$million value added (constant price),42691,Not applicable,Seasonally adjusted
2021.12,ZSX,"Services excluding transport, postal, and warehousing",Value added,$million value added (constant price),43911,Not applicable,Seasonally adjusted
2022.03,ZSX,"Services excluding transport, postal, and warehousing",Value added,$million value added (constant price),44115,Not applicable,Seasonally adjusted
2022.06,ZSX,"Services excluding transport, postal, and warehousing",Value added,$million value added (constant price),44613,Not applicable,Seasonally adjusted
2022.09,ZSX,"Services excluding transport, postal, and warehousing",Value added,$million value added (constant price),45326,Not applicable,Seasonally adjusted
2022.12,ZSX,"Services excluding transport, postal, and warehousing",Value added,$million value added (constant price),45124,Not applicable,Seasonally adjusted
2023.03,ZSX,"Services excluding transport, postal, and warehousing",Value added,$million value added (constant price),45097,Not applicable,Seasonally adjusted
2023.06,ZSX,"Services excluding transport, postal, and warehousing",Value added,$million value added (constant price),45629,Not applicable,Seasonally adjusted
2023.09,ZSX,"Services excluding transport, postal, and warehousing",Value added,$million value added (constant price),46007,Not applicable,Seasonally adjusted
2023.12,ZSX,"Services excluding transport, postal, and warehousing",Value added,$million value added (constant price),45903,Not applicable,Seasonally adjusted
2024.03,ZSX,"Services excluding transport, postal, and warehousing",Value added,$million value added (constant price),46049,Not applicable,Seasonally adjusted
2024.06,ZSX,"Services excluding transport, postal, and warehousing",Value added,$million value added (constant price),45958,Not applicable,Seasonally adjusted
2024.09,ZSX,"Services excluding transport, postal, and warehousing",Value added,$million value added (constant price),45737,Not applicable,Seasonally adjusted
2024.12,ZSX,"Services excluding transport, postal, and warehousing",Value added,$million value added (constant price),45959,Not applicable,Seasonally adjusted
2025.03,ZSX,"Services excluding transport, postal, and warehousing",Value added,$million value added (constant price),46122,Not applicable,Seasonally adjusted
2025.06,ZSX,"Services excluding transport, postal, and warehousing",Value added,$million value added (constant price),46137,Not applicable,Seasonally adjusted
2025.09,ZSX,"Services excluding transport, postal, and warehousing",Value added,$million value added (constant price),46497,Not applicable,Seasonally adjusted
2025.12,ZSX,"Services excluding transport, postal, and warehousing",Value added,$million value added (constant price),46820,Not applicable,Seasonally adjusted
2010.03,ZSZ,Service industries,Value added,$million value added (constant price),32158,Not applicable,Seasonally adjusted
2010.06,ZSZ,Service industries,Value added,$million value added (constant price),32365,Not applicable,Seasonally adjusted
2010.09,ZSZ,Service industries,Value added,$million value added (constant price),32781,Not applicable,Seasonally adjusted
2010.12,ZSZ,Service industries,Value added,$million value added (constant price),32626,Not applicable,Seasonally adjusted
2011.03,ZSZ,Service industries,Value added,$million value added (constant price),32996,Not applicable,Seasonally adjusted
2011.06,ZSZ,Service industries,Value added,$million value added (constant price),33242,Not applicable,Seasonally adjusted
2011.09,ZSZ,Service industries,Value added,$million value added (constant price),33468,Not applicable,Seasonally adjusted
2011.12,ZSZ,Service industries,Value added,$million value added (constant price),33645,Not applicable,Seasonally adjusted
2012.03,ZSZ,Service industries,Value added,$million value added (constant price),33804,Not applicable,Seasonally adjusted
2012.06,ZSZ,Service industries,Value added,$million value added (constant price),33938,Not applicable,Seasonally adjusted
2012.09,ZSZ,Service industries,Value added,$million value added (constant price),34033,Not applicable,Seasonally adjusted
2012.12,ZSZ,Service industries,Value added,$million value added (constant price),34387,Not applicable,Seasonally adjusted
2013.03,ZSZ,Service industries,Value added,$million value added (constant price),34432,Not applicable,Seasonally adjusted
2013.06,ZSZ,Service industries,Value added,$million value added (constant price),34947,Not applicable,Seasonally adjusted
2013.09,ZSZ,Service industries,Value added,$million value added (constant price),35239,Not applicable,Seasonally adjusted
2013.12,ZSZ,Service industries,Value added,$million value added (constant price),35388,Not applicable,Seasonally adjusted
2014.03,ZSZ,Service industries,Value added,$million value added (constant price),35633,Not applicable,Seasonally adjusted
2014.06,ZSZ,Service industries,Value added,$million value added (constant price),36052,Not applicable,Seasonally adjusted
2014.09,ZSZ,Service industries,Value added,$million value added (constant price),36261,Not applicable,Seasonally adjusted
2014.12,ZSZ,Service industries,Value added,$million value added (constant price),36762,Not applicable,Seasonally adjusted
2015.03,ZSZ,Service industries,Value added,$million value added (constant price),37012,Not applicable,Seasonally adjusted
2015.06,ZSZ,Service industries,Value added,$million value added (constant price),37226,Not applicable,Seasonally adjusted
2015.09,ZSZ,Service industries,Value added,$million value added (constant price),37680,Not applicable,Seasonally adjusted
2015.12,ZSZ,Service industries,Value added,$million value added (constant price),38053,Not applicable,Seasonally adjusted
2016.03,ZSZ,Service industries,Value added,$million value added (constant price),38539,Not applicable,Seasonally adjusted
2016.06,ZSZ,Service industries,Value added,$million value added (constant price),38806,Not applicable,Seasonally adjusted
2016.09,ZSZ,Service industries,Value added,$million value added (constant price),39258,Not applicable,Seasonally adjusted
2016.12,ZSZ,Service industries,Value added,$million value added (constant price),39562,Not applicable,Seasonally adjusted
2017.03,ZSZ,Service industries,Value added,$million value added (constant price),39957,Not applicable,Seasonally adjusted
2017.06,ZSZ,Service industries,Value added,$million value added (constant price),40343,Not applicable,Seasonally adjusted
2017.09,ZSZ,Service industries,Value added,$million value added (constant price),40648,Not applicable,Seasonally adjusted
2017.12,ZSZ,Service industries,Value added,$million value added (constant price),41148,Not applicable,Seasonally adjusted
2018.03,ZSZ,Service industries,Value added,$million value added (constant price),41496,Not applicable,Seasonally adjusted
2018.06,ZSZ,Service industries,Value added,$million value added (constant price),41948,Not applicable,Seasonally adjusted
2018.09,ZSZ,Service industries,Value added,$million value added (constant price),42060,Not applicable,Seasonally adjusted
2018.12,ZSZ,Service industries,Value added,$million value added (constant price),42350,Not applicable,Seasonally adjusted
2019.03,ZSZ,Service industries,Value added,$million value added (constant price),42673,Not applicable,Seasonally adjusted
2019.06,ZSZ,Service industries,Value added,$million value added (constant price),43087,Not applicable,Seasonally adjusted
2019.09,ZSZ,Service industries,Value added,$million value added (constant price),43514,Not applicable,Seasonally adjusted
2019.12,ZSZ,Service industries,Value added,$million value added (constant price),43729,Not applicable,Seasonally adjusted
2020.03,ZSZ,Service industries,Value added,$million value added (constant price),43449,Not applicable,Seasonally adjusted
2020.06,ZSZ,Service industries,Value added,$million value added (constant price),39819,Not applicable,Seasonally adjusted
2020.09,ZSZ,Service industries,Value added,$million value added (constant price),44016,Not applicable,Seasonally adjusted
2020.12,ZSZ,Service industries,Value added,$million value added (constant price),44407,Not applicable,Seasonally adjusted
2021.03,ZSZ,Service industries,Value added,$million value added (constant price),45187,Not applicable,Seasonally adjusted
2021.06,ZSZ,Service industries,Value added,$million value added (constant price),46338,Not applicable,Seasonally adjusted
2021.09,ZSZ,Service industries,Value added,$million value added (constant price),45083,Not applicable,Seasonally adjusted
2021.12,ZSZ,Service industries,Value added,$million value added (constant price),46367,Not applicable,Seasonally adjusted
2022.03,ZSZ,Service industries,Value added,$million value added (constant price),46518,Not applicable,Seasonally adjusted
2022.06,ZSZ,Service industries,Value added,$million value added (constant price),47326,Not applicable,Seasonally adjusted
2022.09,ZSZ,Service industries,Value added,$million value added (constant price),48270,Not applicable,Seasonally adjusted
2022.12,ZSZ,Service industries,Value added,$million value added (constant price),48064,Not applicable,Seasonally adjusted
2023.03,ZSZ,Service industries,Value added,$million value added (constant price),47999,Not applicable,Seasonally adjusted
2023.06,ZSZ,Service industries,Value added,$million value added (constant price),48587,Not applicable,Seasonally adjusted
2023.09,ZSZ,Service industries,Value added,$million value added (constant price),48923,Not applicable,Seasonally adjusted
2023.12,ZSZ,Service industries,Value added,$million value added (constant price),48807,Not applicable,Seasonally adjusted
2024.03,ZSZ,Service industries,Value added,$million value added (constant price),49030,Not applicable,Seasonally adjusted
2024.06,ZSZ,Service industries,Value added,$million value added (constant price),48870,Not applicable,Seasonally adjusted
2024.09,ZSZ,Service industries,Value added,$million value added (constant price),48625,Not applicable,Seasonally adjusted
2024.12,ZSZ,Service industries,Value added,$million value added (constant price),48897,Not applicable,Seasonally adjusted
2025.03,ZSZ,Service industries,Value added,$million value added (constant price),49079,Not applicable,Seasonally adjusted
2025.06,ZSZ,Service industries,Value added,$million value added (constant price),49046,Not applicable,Seasonally adjusted
2025.09,ZSZ,Service industries,Value added,$million value added (constant price),49408,Not applicable,Seasonally adjusted
2025.12,ZSZ,Service industries,Value added,$million value added (constant price),49763,Not applicable,Seasonally adjusted
2010.03,ZZ9,Total industry,Value added,$million value added (constant price),49177,Not applicable,Seasonally adjusted
2010.06,ZZ9,Total industry,Value added,$million value added (constant price),49506,Not applicable,Seasonally adjusted
2010.09,ZZ9,Total industry,Value added,$million value added (constant price),49388,Not applicable,Seasonally adjusted
2010.12,ZZ9,Total industry,Value added,$million value added (constant price),49118,Not applicable,Seasonally adjusted
2011.03,ZZ9,Total industry,Value added,$million value added (constant price),49631,Not applicable,Seasonally adjusted
2011.06,ZZ9,Total industry,Value added,$million value added (constant price),49828,Not applicable,Seasonally adjusted
2011.09,ZZ9,Total industry,Value added,$million value added (constant price),50371,Not applicable,Seasonally adjusted
2011.12,ZZ9,Total industry,Value added,$million value added (constant price),50669,Not applicable,Seasonally adjusted
2012.03,ZZ9,Total industry,Value added,$million value added (constant price),50974,Not applicable,Seasonally adjusted
2012.06,ZZ9,Total industry,Value added,$million value added (constant price),51249,Not applicable,Seasonally adjusted
2012.09,ZZ9,Total industry,Value added,$million value added (constant price),51311,Not applicable,Seasonally adjusted
2012.12,ZZ9,Total industry,Value added,$million value added (constant price),52042,Not applicable,Seasonally adjusted
2013.03,ZZ9,Total industry,Value added,$million value added (constant price),51876,Not applicable,Seasonally adjusted
2013.06,ZZ9,Total industry,Value added,$million value added (constant price),52436,Not applicable,Seasonally adjusted
2013.09,ZZ9,Total industry,Value added,$million value added (constant price),52742,Not applicable,Seasonally adjusted
2013.12,ZZ9,Total industry,Value added,$million value added (constant price),52910,Not applicable,Seasonally adjusted
2014.03,ZZ9,Total industry,Value added,$million value added (constant price),53725,Not applicable,Seasonally adjusted
2014.06,ZZ9,Total industry,Value added,$million value added (constant price),53956,Not applicable,Seasonally adjusted
2014.09,ZZ9,Total industry,Value added,$million value added (constant price),54670,Not applicable,Seasonally adjusted
2014.12,ZZ9,Total industry,Value added,$million value added (constant price),55532,Not applicable,Seasonally adjusted
2015.03,ZZ9,Total industry,Value added,$million value added (constant price),55717,Not applicable,Seasonally adjusted
2015.06,ZZ9,Total industry,Value added,$million value added (constant price),56153,Not applicable,Seasonally adjusted
2015.09,ZZ9,Total industry,Value added,$million value added (constant price),56696,Not applicable,Seasonally adjusted
2015.12,ZZ9,Total industry,Value added,$million value added (constant price),57277,Not applicable,Seasonally adjusted
2016.03,ZZ9,Total industry,Value added,$million value added (constant price),57984,Not applicable,Seasonally adjusted
2016.06,ZZ9,Total industry,Value added,$million value added (constant price),58493,Not applicable,Seasonally adjusted
2016.09,ZZ9,Total industry,Value added,$million value added (constant price),59073,Not applicable,Seasonally adjusted
2016.12,ZZ9,Total industry,Value added,$million value added (constant price),59225,Not applicable,Seasonally adjusted
2017.03,ZZ9,Total industry,Value added,$million value added (constant price),59894,Not applicable,Seasonally adjusted
2017.06,ZZ9,Total industry,Value added,$million value added (constant price),60383,Not applicable,Seasonally adjusted
2017.09,ZZ9,Total industry,Value added,$million value added (constant price),60826,Not applicable,Seasonally adjusted
2017.12,ZZ9,Total industry,Value added,$million value added (constant price),61381,Not applicable,Seasonally adjusted
2018.03,ZZ9,Total industry,Value added,$million value added (constant price),61954,Not applicable,Seasonally adjusted
2018.06,ZZ9,Total industry,Value added,$million value added (constant price),62518,Not applicable,Seasonally adjusted
2018.09,ZZ9,Total industry,Value added,$million value added (constant price),62574,Not applicable,Seasonally adjusted
2018.12,ZZ9,Total industry,Value added,$million value added (constant price),63518,Not applicable,Seasonally adjusted
2019.03,ZZ9,Total industry,Value added,$million value added (constant price),64064,Not applicable,Seasonally adjusted
2019.06,ZZ9,Total industry,Value added,$million value added (constant price),64104,Not applicable,Seasonally adjusted
2019.09,ZZ9,Total industry,Value added,$million value added (constant price),64598,Not applicable,Seasonally adjusted
2019.12,ZZ9,Total industry,Value added,$million value added (constant price),65268,Not applicable,Seasonally adjusted
2020.03,ZZ9,Total industry,Value added,$million value added (constant price),64555,Not applicable,Seasonally adjusted
2020.06,ZZ9,Total industry,Value added,$million value added (constant price),57872,Not applicable,Seasonally adjusted
2020.09,ZZ9,Total industry,Value added,$million value added (constant price),66020,Not applicable,Seasonally adjusted
2020.12,ZZ9,Total industry,Value added,$million value added (constant price),66311,Not applicable,Seasonally adjusted
2021.03,ZZ9,Total industry,Value added,$million value added (constant price),67606,Not applicable,Seasonally adjusted
2021.06,ZZ9,Total industry,Value added,$million value added (constant price),68141,Not applicable,Seasonally adjusted
2021.09,ZZ9,Total industry,Value added,$million value added (constant price),65199,Not applicable,Seasonally adjusted
2021.12,ZZ9,Total industry,Value added,$million value added (constant price),67852,Not applicable,Seasonally adjusted
2022.03,ZZ9,Total industry,Value added,$million value added (constant price),67783,Not applicable,Seasonally adjusted
2022.06,ZZ9,Total industry,Value added,$million value added (constant price),68439,Not applicable,Seasonally adjusted
2022.09,ZZ9,Total industry,Value added,$million value added (constant price),69729,Not applicable,Seasonally adjusted
2022.12,ZZ9,Total industry,Value added,$million value added (constant price),69879,Not applicable,Seasonally adjusted
2023.03,ZZ9,Total industry,Value added,$million value added (constant price),69880,Not applicable,Seasonally adjusted
2023.06,ZZ9,Total industry,Value added,$million value added (constant price),70520,Not applicable,Seasonally adjusted
2023.09,ZZ9,Total industry,Value added,$million value added (constant price),70564,Not applicable,Seasonally adjusted
2023.12,ZZ9,Total industry,Value added,$million value added (constant price),70882,Not applicable,Seasonally adjusted
2024.03,ZZ9,Total industry,Value added,$million value added (constant price),70997,Not applicable,Seasonally adjusted
2024.06,ZZ9,Total industry,Value added,$million value added (constant price),70596,Not applicable,Seasonally adjusted
2024.09,ZZ9,Total industry,Value added,$million value added (constant price),69716,Not applicable,Seasonally adjusted
2024.12,ZZ9,Total industry,Value added,$million value added (constant price),69728,Not applicable,Seasonally adjusted
2025.03,ZZ9,Total industry,Value added,$million value added (constant price),70494,Not applicable,Seasonally adjusted
2025.06,ZZ9,Total industry,Value added,$million value added (constant price),69886,Not applicable,Seasonally adjusted
2025.09,ZZ9,Total industry,Value added,$million value added (constant price),70489,Not applicable,Seasonally adjusted
2025.12,ZZ9,Total industry,Value added,$million value added (constant price),70664,Not applicable,Seasonally adjusted
2010.03,HHD,Households,Emissions intensity,Tonnes per household,1.2,Carbon dioxide equivalents,Seasonally adjusted
2010.06,HHD,Households,Emissions intensity,Tonnes per household,1.2,Carbon dioxide equivalents,Seasonally adjusted
2010.09,HHD,Households,Emissions intensity,Tonnes per household,1.2,Carbon dioxide equivalents,Seasonally adjusted
2010.12,HHD,Households,Emissions intensity,Tonnes per household,1.2,Carbon dioxide equivalents,Seasonally adjusted
2011.03,HHD,Households,Emissions intensity,Tonnes per household,1.3,Carbon dioxide equivalents,Seasonally adjusted
2011.06,HHD,Households,Emissions intensity,Tonnes per household,1.2,Carbon dioxide equivalents,Seasonally adjusted
2011.09,HHD,Households,Emissions intensity,Tonnes per household,1.2,Carbon dioxide equivalents,Seasonally adjusted
2011.12,HHD,Households,Emissions intensity,Tonnes per household,1.2,Carbon dioxide equivalents,Seasonally adjusted
2012.03,HHD,Households,Emissions intensity,Tonnes per household,1.2,Carbon dioxide equivalents,Seasonally adjusted
2012.06,HHD,Households,Emissions intensity,Tonnes per household,1.2,Carbon dioxide equivalents,Seasonally adjusted
2012.09,HHD,Households,Emissions intensity,Tonnes per household,1.2,Carbon dioxide equivalents,Seasonally adjusted
2012.12,HHD,Households,Emissions intensity,Tonnes per household,1.2,Carbon dioxide equivalents,Seasonally adjusted
2013.03,HHD,Households,Emissions intensity,Tonnes per household,1.2,Carbon dioxide equivalents,Seasonally adjusted
2013.06,HHD,Households,Emissions intensity,Tonnes per household,1.2,Carbon dioxide equivalents,Seasonally adjusted
2013.09,HHD,Households,Emissions intensity,Tonnes per household,1.2,Carbon dioxide equivalents,Seasonally adjusted
2013.12,HHD,Households,Emissions intensity,Tonnes per household,1.2,Carbon dioxide equivalents,Seasonally adjusted
2014.03,HHD,Households,Emissions intensity,Tonnes per household,1.2,Carbon dioxide equivalents,Seasonally adjusted
2014.06,HHD,Households,Emissions intensity,Tonnes per household,1.2,Carbon dioxide equivalents,Seasonally adjusted
2014.09,HHD,Households,Emissions intensity,Tonnes per household,1.2,Carbon dioxide equivalents,Seasonally adjusted
2014.12,HHD,Households,Emissions intensity,Tonnes per household,1.2,Carbon dioxide equivalents,Seasonally adjusted
2015.03,HHD,Households,Emissions intensity,Tonnes per household,1.2,Carbon dioxide equivalents,Seasonally adjusted
2015.06,HHD,Households,Emissions intensity,Tonnes per household,1.2,Carbon dioxide equivalents,Seasonally adjusted
2015.09,HHD,Households,Emissions intensity,Tonnes per household,1.2,Carbon dioxide equivalents,Seasonally adjusted
2015.12,HHD,Households,Emissions intensity,Tonnes per household,1.2,Carbon dioxide equivalents,Seasonally adjusted
2016.03,HHD,Households,Emissions intensity,Tonnes per household,1.2,Carbon dioxide equivalents,Seasonally adjusted
2016.06,HHD,Households,Emissions intensity,Tonnes per household,1.2,Carbon dioxide equivalents,Seasonally adjusted
2016.09,HHD,Households,Emissions intensity,Tonnes per household,1.3,Carbon dioxide equivalents,Seasonally adjusted
2016.12,HHD,Households,Emissions intensity,Tonnes per household,1.2,Carbon dioxide equivalents,Seasonally adjusted
2017.03,HHD,Households,Emissions intensity,Tonnes per household,1.3,Carbon dioxide equivalents,Seasonally adjusted
2017.06,HHD,Households,Emissions intensity,Tonnes per household,1.3,Carbon dioxide equivalents,Seasonally adjusted
2017.09,HHD,Households,Emissions intensity,Tonnes per household,1.3,Carbon dioxide equivalents,Seasonally adjusted
2017.12,HHD,Households,Emissions intensity,Tonnes per household,1.3,Carbon dioxide equivalents,Seasonally adjusted
2018.03,HHD,Households,Emissions intensity,Tonnes per household,1.2,Carbon dioxide equivalents,Seasonally adjusted
2018.06,HHD,Households,Emissions intensity,Tonnes per household,1.2,Carbon dioxide equivalents,Seasonally adjusted
2018.09,HHD,Households,Emissions intensity,Tonnes per household,1.2,Carbon dioxide equivalents,Seasonally adjusted
2018.12,HHD,Households,Emissions intensity,Tonnes per household,1.2,Carbon dioxide equivalents,Seasonally adjusted
2019.03,HHD,Households,Emissions intensity,Tonnes per household,1.2,Carbon dioxide equivalents,Seasonally adjusted
2019.06,HHD,Households,Emissions intensity,Tonnes per household,1.2,Carbon dioxide equivalents,Seasonally adjusted
2019.09,HHD,Households,Emissions intensity,Tonnes per household,1.2,Carbon dioxide equivalents,Seasonally adjusted
2019.12,HHD,Households,Emissions intensity,Tonnes per household,1.2,Carbon dioxide equivalents,Seasonally adjusted
2020.03,HHD,Households,Emissions intensity,Tonnes per household,1.2,Carbon dioxide equivalents,Seasonally adjusted
2020.06,HHD,Households,Emissions intensity,Tonnes per household,0.8,Carbon dioxide equivalents,Seasonally adjusted
2020.09,HHD,Households,Emissions intensity,Tonnes per household,1.2,Carbon dioxide equivalents,Seasonally adjusted
2020.12,HHD,Households,Emissions intensity,Tonnes per household,1.2,Carbon dioxide equivalents,Seasonally adjusted
2021.03,HHD,Households,Emissions intensity,Tonnes per household,1.2,Carbon dioxide equivalents,Seasonally adjusted
2021.06,HHD,Households,Emissions intensity,Tonnes per household,1.2,Carbon dioxide equivalents,Seasonally adjusted
2021.09,HHD,Households,Emissions intensity,Tonnes per household,1,Carbon dioxide equivalents,Seasonally adjusted
2021.12,HHD,Households,Emissions intensity,Tonnes per household,1.1,Carbon dioxide equivalents,Seasonally adjusted
2022.03,HHD,Households,Emissions intensity,Tonnes per household,1,Carbon dioxide equivalents,Seasonally adjusted
2022.06,HHD,Households,Emissions intensity,Tonnes per household,1.1,Carbon dioxide equivalents,Seasonally adjusted
2022.09,HHD,Households,Emissions intensity,Tonnes per household,1.1,Carbon dioxide equivalents,Seasonally adjusted
2022.12,HHD,Households,Emissions intensity,Tonnes per household,1.1,Carbon dioxide equivalents,Seasonally adjusted
2023.03,HHD,Households,Emissions intensity,Tonnes per household,1,Carbon dioxide equivalents,Seasonally adjusted
2023.06,HHD,Households,Emissions intensity,Tonnes per household,1.1,Carbon dioxide equivalents,Seasonally adjusted
2023.09,HHD,Households,Emissions intensity,Tonnes per household,1,Carbon dioxide equivalents,Seasonally adjusted
2023.12,HHD,Households,Emissions intensity,Tonnes per household,1,Carbon dioxide equivalents,Seasonally adjusted
2024.03,HHD,Households,Emissions intensity,Tonnes per household,1.1,Carbon dioxide equivalents,Seasonally adjusted
2024.06,HHD,Households,Emissions intensity,Tonnes per household,1,Carbon dioxide equivalents,Seasonally adjusted
2024.09,HHD,Households,Emissions intensity,Tonnes per household,1,Carbon dioxide equivalents,Seasonally adjusted
2024.12,HHD,Households,Emissions intensity,Tonnes per household,1,Carbon dioxide equivalents,Seasonally adjusted
2025.03,HHD,Households,Emissions intensity,Tonnes per household,1,Carbon dioxide equivalents,Seasonally adjusted
2025.06,HHD,Households,Emissions intensity,Tonnes per household,1,Carbon dioxide equivalents,Seasonally adjusted
2025.09,HHD,Households,Emissions intensity,Tonnes per household,1,Carbon dioxide equivalents,Seasonally adjusted
2025.12,HHD,Households,Emissions intensity,Tonnes per household,1,Carbon dioxide equivalents,Seasonally adjusted
2010.03,HHD,Households,Emissions,Tonnes,1980652.4,Carbon dioxide equivalents,Seasonally adjusted
2010.06,HHD,Households,Emissions,Tonnes,1985191.5,Carbon dioxide equivalents,Seasonally adjusted
2010.09,HHD,Households,Emissions,Tonnes,1974739.4,Carbon dioxide equivalents,Seasonally adjusted
2010.12,HHD,Households,Emissions,Tonnes,1964232.5,Carbon dioxide equivalents,Seasonally adjusted
2011.03,HHD,Households,Emissions,Tonnes,2030304.9,Carbon dioxide equivalents,Seasonally adjusted
2011.06,HHD,Households,Emissions,Tonnes,1959018.5,Carbon dioxide equivalents,Seasonally adjusted
2011.09,HHD,Households,Emissions,Tonnes,1982719.1,Carbon dioxide equivalents,Seasonally adjusted
2011.12,HHD,Households,Emissions,Tonnes,1951491.6,Carbon dioxide equivalents,Seasonally adjusted
2012.03,HHD,Households,Emissions,Tonnes,1954417.7,Carbon dioxide equivalents,Seasonally adjusted
2012.06,HHD,Households,Emissions,Tonnes,1983118.3,Carbon dioxide equivalents,Seasonally adjusted
2012.09,HHD,Households,Emissions,Tonnes,1951747,Carbon dioxide equivalents,Seasonally adjusted
2012.12,HHD,Households,Emissions,Tonnes,1970873.3,Carbon dioxide equivalents,Seasonally adjusted
2013.03,HHD,Households,Emissions,Tonnes,1941811.8,Carbon dioxide equivalents,Seasonally adjusted
2013.06,HHD,Households,Emissions,Tonnes,1907904.3,Carbon dioxide equivalents,Seasonally adjusted
2013.09,HHD,Households,Emissions,Tonnes,1987060.7,Carbon dioxide equivalents,Seasonally adjusted
2013.12,HHD,Households,Emissions,Tonnes,1967762.6,Carbon dioxide equivalents,Seasonally adjusted
2014.03,HHD,Households,Emissions,Tonnes,1955807.4,Carbon dioxide equivalents,Seasonally adjusted
2014.06,HHD,Households,Emissions,Tonnes,1988250.6,Carbon dioxide equivalents,Seasonally adjusted
2014.09,HHD,Households,Emissions,Tonnes,2006918.7,Carbon dioxide equivalents,Seasonally adjusted
2014.12,HHD,Households,Emissions,Tonnes,2036494.6,Carbon dioxide equivalents,Seasonally adjusted
2015.03,HHD,Households,Emissions,Tonnes,2065431.3,Carbon dioxide equivalents,Seasonally adjusted
2015.06,HHD,Households,Emissions,Tonnes,2077639.5,Carbon dioxide equivalents,Seasonally adjusted
2015.09,HHD,Households,Emissions,Tonnes,2112238.5,Carbon dioxide equivalents,Seasonally adjusted
2015.12,HHD,Households,Emissions,Tonnes,2131924.3,Carbon dioxide equivalents,Seasonally adjusted
2016.03,HHD,Households,Emissions,Tonnes,2128005.2,Carbon dioxide equivalents,Seasonally adjusted
2016.06,HHD,Households,Emissions,Tonnes,2104185.9,Carbon dioxide equivalents,Seasonally adjusted
2016.09,HHD,Households,Emissions,Tonnes,2182547.9,Carbon dioxide equivalents,Seasonally adjusted
2016.12,HHD,Households,Emissions,Tonnes,2168598.3,Carbon dioxide equivalents,Seasonally adjusted
2017.03,HHD,Households,Emissions,Tonnes,2227379.8,Carbon dioxide equivalents,Seasonally adjusted
2017.06,HHD,Households,Emissions,Tonnes,2246854.5,Carbon dioxide equivalents,Seasonally adjusted
2017.09,HHD,Households,Emissions,Tonnes,2218666.5,Carbon dioxide equivalents,Seasonally adjusted
2017.12,HHD,Households,Emissions,Tonnes,2223025.9,Carbon dioxide equivalents,Seasonally adjusted
2018.03,HHD,Households,Emissions,Tonnes,2218525.7,Carbon dioxide equivalents,Seasonally adjusted
2018.06,HHD,Households,Emissions,Tonnes,2225531.9,Carbon dioxide equivalents,Seasonally adjusted
2018.09,HHD,Households,Emissions,Tonnes,2198098.7,Carbon dioxide equivalents,Seasonally adjusted
2018.12,HHD,Households,Emissions,Tonnes,2207319.6,Carbon dioxide equivalents,Seasonally adjusted
2019.03,HHD,Households,Emissions,Tonnes,2202793.8,Carbon dioxide equivalents,Seasonally adjusted
2019.06,HHD,Households,Emissions,Tonnes,2222068.4,Carbon dioxide equivalents,Seasonally adjusted
2019.09,HHD,Households,Emissions,Tonnes,2205693.4,Carbon dioxide equivalents,Seasonally adjusted
2019.12,HHD,Households,Emissions,Tonnes,2210403.5,Carbon dioxide equivalents,Seasonally adjusted
2020.03,HHD,Households,Emissions,Tonnes,2200879.6,Carbon dioxide equivalents,Seasonally adjusted
2020.06,HHD,Households,Emissions,Tonnes,1557173.6,Carbon dioxide equivalents,Seasonally adjusted
2020.09,HHD,Households,Emissions,Tonnes,2212065.4,Carbon dioxide equivalents,Seasonally adjusted
2020.12,HHD,Households,Emissions,Tonnes,2285551.7,Carbon dioxide equivalents,Seasonally adjusted
2021.03,HHD,Households,Emissions,Tonnes,2228772.2,Carbon dioxide equivalents,Seasonally adjusted
2021.06,HHD,Households,Emissions,Tonnes,2318970.1,Carbon dioxide equivalents,Seasonally adjusted
2021.09,HHD,Households,Emissions,Tonnes,1906789.7,Carbon dioxide equivalents,Seasonally adjusted
2021.12,HHD,Households,Emissions,Tonnes,2015033.1,Carbon dioxide equivalents,Seasonally adjusted
2022.03,HHD,Households,Emissions,Tonnes,1979222.5,Carbon dioxide equivalents,Seasonally adjusted
2022.06,HHD,Households,Emissions,Tonnes,2020082.4,Carbon dioxide equivalents,Seasonally adjusted
2022.09,HHD,Households,Emissions,Tonnes,2063202.1,Carbon dioxide equivalents,Seasonally adjusted
2022.12,HHD,Households,Emissions,Tonnes,2050630.2,Carbon dioxide equivalents,Seasonally adjusted
2023.03,HHD,Households,Emissions,Tonnes,2043638.9,Carbon dioxide equivalents,Seasonally adjusted
2023.06,HHD,Households,Emissions,Tonnes,2117137.9,Carbon dioxide equivalents,Seasonally adjusted
2023.09,HHD,Households,Emissions,Tonnes,1992586.8,Carbon dioxide equivalents,Seasonally adjusted
2023.12,HHD,Households,Emissions,Tonnes,2066462.7,Carbon dioxide equivalents,Seasonally adjusted
2024.03,HHD,Households,Emissions,Tonnes,2128110.2,Carbon dioxide equivalents,Seasonally adjusted
2024.06,HHD,Households,Emissions,Tonnes,2105287.8,Carbon dioxide equivalents,Seasonally adjusted
2024.09,HHD,Households,Emissions,Tonnes,2103730.9,Carbon dioxide equivalents,Seasonally adjusted
2024.12,HHD,Households,Emissions,Tonnes,2111875.7,Carbon dioxide equivalents,Seasonally adjusted
2025.03,HHD,Households,Emissions,Tonnes,2090661.9,Carbon dioxide equivalents,Seasonally adjusted
2025.06,HHD,Households,Emissions,Tonnes,2075112.9,Carbon dioxide equivalents,Seasonally adjusted
2025.09,HHD,Households,Emissions,Tonnes,2061568.1,Carbon dioxide equivalents,Seasonally adjusted
2025.12,HHD,Households,Emissions,Tonnes,2056689.6,Carbon dioxide equivalents,Seasonally adjusted
2010.03,HHD,Households,Mean quarter,Number of households,1610000,Not applicable,Count
2010.06,HHD,Households,Mean quarter,Number of households,1613000,Not applicable,Count
2010.09,HHD,Households,Mean quarter,Number of households,1616000,Not applicable,Count
2010.12,HHD,Households,Mean quarter,Number of households,1618900,Not applicable,Count
2011.03,HHD,Households,Mean quarter,Number of households,1621900,Not applicable,Count
2011.06,HHD,Households,Mean quarter,Number of households,1624700,Not applicable,Count
2011.09,HHD,Households,Mean quarter,Number of households,1627100,Not applicable,Count
2011.12,HHD,Households,Mean quarter,Number of households,1629300,Not applicable,Count
2012.03,HHD,Households,Mean quarter,Number of households,1631800,Not applicable,Count
2012.06,HHD,Households,Mean quarter,Number of households,1634700,Not applicable,Count
2012.09,HHD,Households,Mean quarter,Number of households,1637500,Not applicable,Count
2012.12,HHD,Households,Mean quarter,Number of households,1640300,Not applicable,Count
2013.03,HHD,Households,Mean quarter,Number of households,1643400,Not applicable,Count
2013.06,HHD,Households,Mean quarter,Number of households,1646700,Not applicable,Count
2013.09,HHD,Households,Mean quarter,Number of households,1651100,Not applicable,Count
2013.12,HHD,Households,Mean quarter,Number of households,1656100,Not applicable,Count
2014.03,HHD,Households,Mean quarter,Number of households,1661500,Not applicable,Count
2014.06,HHD,Households,Mean quarter,Number of households,1667500,Not applicable,Count
2014.09,HHD,Households,Mean quarter,Number of households,1674000,Not applicable,Count
2014.12,HHD,Households,Mean quarter,Number of households,1680500,Not applicable,Count
2015.03,HHD,Households,Mean quarter,Number of households,1687000,Not applicable,Count
2015.06,HHD,Households,Mean quarter,Number of households,1694000,Not applicable,Count
2015.09,HHD,Households,Mean quarter,Number of households,1701300,Not applicable,Count
2015.12,HHD,Households,Mean quarter,Number of households,1708300,Not applicable,Count
2016.03,HHD,Households,Mean quarter,Number of households,1715000,Not applicable,Count
2016.06,HHD,Households,Mean quarter,Number of households,1722700,Not applicable,Count
2016.09,HHD,Households,Mean quarter,Number of households,1731100,Not applicable,Count
2016.12,HHD,Households,Mean quarter,Number of households,1739000,Not applicable,Count
2017.03,HHD,Households,Mean quarter,Number of households,1746800,Not applicable,Count
2017.06,HHD,Households,Mean quarter,Number of households,1755700,Not applicable,Count
2017.09,HHD,Households,Mean quarter,Number of households,1764600,Not applicable,Count
2017.12,HHD,Households,Mean quarter,Number of households,1772900,Not applicable,Count
2018.03,HHD,Households,Mean quarter,Number of households,1780900,Not applicable,Count
2018.06,HHD,Households,Mean quarter,Number of households,1789900,Not applicable,Count
2018.09,HHD,Households,Mean quarter,Number of households,1798700,Not applicable,Count
2018.12,HHD,Households,Mean quarter,Number of households,1806100,Not applicable,Count
2019.03,HHD,Households,Mean quarter,Number of households,1812800,Not applicable,Count
2019.06,HHD,Households,Mean quarter,Number of households,1820000,Not applicable,Count
2019.09,HHD,Households,Mean quarter,Number of households,1827700,Not applicable,Count
2019.12,HHD,Households,Mean quarter,Number of households,1835100,Not applicable,Count
2020.03,HHD,Households,Mean quarter,Number of households,1842800,Not applicable,Count
2020.06,HHD,Households,Mean quarter,Number of households,1850700,Not applicable,Count
2020.09,HHD,Households,Mean quarter,Number of households,1859300,Not applicable,Count
2020.12,HHD,Households,Mean quarter,Number of households,1868000,Not applicable,Count
2021.03,HHD,Households,Mean quarter,Number of households,1876100,Not applicable,Count
2021.06,HHD,Households,Mean quarter,Number of households,1884100,Not applicable,Count
2021.09,HHD,Households,Mean quarter,Number of households,1892700,Not applicable,Count
2021.12,HHD,Households,Mean quarter,Number of households,1902200,Not applicable,Count
2022.03,HHD,Households,Mean quarter,Number of households,1911800,Not applicable,Count
2022.06,HHD,Households,Mean quarter,Number of households,1922000,Not applicable,Count
2022.09,HHD,Households,Mean quarter,Number of households,1933400,Not applicable,Count
2022.12,HHD,Households,Mean quarter,Number of households,1945000,Not applicable,Count
2023.03,HHD,Households,Mean quarter,Number of households,1956200,Not applicable,Count
2023.06,HHD,Households,Mean quarter,Number of households,1967100,Not applicable,Count
2023.09,HHD,Households,Mean quarter,Number of households,1978400,Not applicable,Count
2023.12,HHD,Households,Mean quarter,Number of households,1989500,Not applicable,Count
2024.03,HHD,Households,Mean quarter,Number of households,1999000,Not applicable,Count
2024.06,HHD,Households,Mean quarter,Number of households,2007600,Not applicable,Count
2024.09,HHD,Households,Mean quarter,Number of households,2016100,Not applicable,Count
2024.12,HHD,Households,Mean quarter,Number of households,2023900,Not applicable,Count
2025.03,HHD,Households,Mean quarter,Number of households,2031100,Not applicable,Count
2025.06,HHD,Households,Mean quarter,Number of households,2038200,Not applicable,Count
2025.09,HHD,Households,Mean quarter,Number of households,2045900,Not applicable,Count
2025.12,HHD,Households,Mean quarter,Number of households,2053700,Not applicable,Count
